{"version":1,"hash":{"type":"Buffer","data":"Mso4sl+tG2PAUhGtGDJscMkJ8aS5hzZJXBPxpgMAMl50GOs08EyMs3TTS0eiJVauqg52jCppmEUJA+EFZM1LgU+R0fy2XREPBm1JjN+Vc4o4s02d/XYVJXx10+zVGMnQK1nZdUFF58YU1jW1QyS6d+JNrOGhnvvLaxamPxp4Cgg="},"indexValueMap":{"sZF207vZ6UiXqSrFKcSsPbDtQcn6K+FF84eArFWO2X4=":{"valueMac":{"type":"Buffer","data":"wKXmqVgbDRXvleHANpeH8KhTNNv/pRl45DSEYEs7KDk="}},"CAvIpVpFFINHagfhpNQOllSMMfeNcCi369Nehm07cVk=":{"valueMac":{"type":"Buffer","data":"SKX2y3Ok7wmty32kNrAzPNt60dmaFyGO/Oa1tM42M6Y="}}}}