{"noiseKey":{"private":{"type":"Buffer","data":"KKWXNeOQogK5JZDKErReXKwkmJiwlS/qHC1fpP/CZng="},"public":{"type":"Buffer","data":"bHoXmRV1EjqJJ8rRm8fgrRy/tn/dm+znKV6VPxgyJh4="}},"pairingEphemeralKeyPair":{"private":{"type":"Buffer","data":"YGLH4ogiDRgiwHiibZaFXmCE8jbiC0YR1pJgbjPU9Ug="},"public":{"type":"Buffer","data":"xRuETu+IS80hfCBxb9wACyERUef7QDwvxx+kdrfVkjE="}},"signedIdentityKey":{"private":{"type":"Buffer","data":"6Fjlm1Sv/SA3LN9KHbfogsdhLTjFHy/ZxI+4xSnqQF0="},"public":{"type":"Buffer","data":"mcI48ip1SuwviYji2iOCRUIkpP1DXOTRNDQokZpQzzY="}},"signedPreKey":{"keyPair":{"private":{"type":"Buffer","data":"cIcRZ4LwvsbaMX49Lxf5dSaVjClRkOMW8g+WC8l2l2k="},"public":{"type":"Buffer","data":"UNpDPsh7S7CS+Z2XpW9yz+Gn6djX6clqRWlvECIG+j8="}},"signature":{"type":"Buffer","data":"CdZFOvnS9zWKRqQ03VMuDawBSyFZ/8daDlkZ38SMOgXbBY4KEoWIJFRBidOs/tvzqerJvykt9B9tT4ZfJAeSjg=="},"keyId":1},"registrationId":255,"advSecretKey":"hrd4PB9ycO85CAIEaBbn5qHJf49CcAesqlijPR4pLv4=","processedHistoryMessages":[{"key":{"remoteJid":"6281936442840@s.whatsapp.net","fromMe":true,"id":"8B4B15754F3353B082EE16552A42660D"},"messageTimestamp":1741599457},{"key":{"remoteJid":"6281936442840@s.whatsapp.net","fromMe":true,"id":"F3F3F6B046B2D43DD68EC4399C5F80F2"},"messageTimestamp":1741599458},{"key":{"remoteJid":"6281936442840@s.whatsapp.net","fromMe":true,"id":"70F254D7607E06403D77E58FF90A529F"},"messageTimestamp":1741599480},{"key":{"remoteJid":"6281936442840@s.whatsapp.net","fromMe":true,"id":"97925113412A60A01D617700009B32BA"},"messageTimestamp":1741599496},{"key":{"remoteJid":"6281936442840@s.whatsapp.net","fromMe":true,"id":"A3737C452EC8CBD1FFBE4F9A5A24DC21"},"messageTimestamp":1741599500},{"key":{"remoteJid":"6281936442840@s.whatsapp.net","fromMe":true,"id":"726514E5114B09659202CFDF4C8B1242"},"messageTimestamp":1741599501}],"nextPreKeyId":31,"firstUnuploadedPreKeyId":31,"accountSyncCounter":1,"accountSettings":{"unarchiveChats":false},"registered":true,"pairingCode":"3N5C3HJD","me":{"id":"6281936442840:2@s.whatsapp.net","lid":"93553564885014:2@lid","name":"Michael"},"account":{"details":"CJbK+7gCENnlur4GGAEgACgA","accountSignatureKey":"gWaS4JLrlmqVZZ3SvyZVEcGu/4KWKFRoZlos82E5rXM=","accountSignature":"fGd+0bRvf0FaFJyRYWCJAK2I6OUqBXKpq90gDp5saBvDrt8Qt8WuDf678IopNppPnIGS0OOPsMMgYQbpVbyJDw==","deviceSignature":"prx2opw4lh9V6zkByIhzr1BYaFgs3SouF4WtH6MJvL2tOi6EZLimq4xLAuGqs8TnRHKVynlWhoBTT7KC+uHXiw=="},"signalIdentities":[{"identifier":{"name":"6281936442840:2@s.whatsapp.net","deviceId":0},"identifierKey":{"type":"Buffer","data":"BYFmkuCS65ZqlWWd0r8mVRHBrv+ClihUaGZaLPNhOa1z"}}],"platform":"android","routingInfo":{"type":"Buffer","data":"CAIIBQ=="},"lastAccountSyncTimestamp":1741599485,"lastPropHash":"1K4hH4","myAppStateKeyId":"AAAAAOx2"}