{"_sessions":{"BQ6To0OguHHQn9enQIk8UAqwYy6tLR4xj22cJe7ZKIRo":{"registrationId":1798589463,"currentRatchet":{"ephemeralKeyPair":{"pubKey":"BVlF1sGPY/Az70GlpKHxkm00zaUrvTZELaoKQzLgVhRN","privKey":"UDQW9fgedr7TLtm21vZPHHS5KtAOhvAJJkX9yt333HA="},"lastRemoteEphemeralKey":"BTTlqp1x6yarn3KHRv8x5V+WEx2dsP8wOeqxgUGBl71l","previousCounter":0,"rootKey":"ehufIjMlFkAjq35mihaZbux3OTfYswTZLZdUAYhHwyA="},"indexInfo":{"baseKey":"BQ6To0OguHHQn9enQIk8UAqwYy6tLR4xj22cJe7ZKIRo","baseKeyType":1,"closed":-1,"used":1741601641939,"created":1741601641939,"remoteIdentityKey":"BTBRX58xoEWbgSv+SWtTFFgUzkKMYMzXC8G+BPGQjl15"},"_chains":{"BVlF1sGPY/Az70GlpKHxkm00zaUrvTZELaoKQzLgVhRN":{"chainKey":{"counter":0,"key":"ul49mtxWlsMN+0qJgjfJdSLWpHquNuHWfrLkj4zSBWs="},"chainType":1,"messageKeys":{}}},"pendingPreKey":{"signedKeyId":1,"baseKey":"BQ6To0OguHHQn9enQIk8UAqwYy6tLR4xj22cJe7ZKIRo"}}},"version":"v1"}