{"_sessions":{"BR6TmMmVPcuqmwuCVsRRwHVZDKI+cArnqzuY9AgxFNIU":{"registrationId":1528930901,"currentRatchet":{"ephemeralKeyPair":{"pubKey":"BX+2bW6VBwRuq9FqKYT9lTWR7VqMdi4VAFDxA7vB8egj","privKey":"4JYj1p0/9py2c24LDGQtAE3WKKvwbksD1hi2S1fF+XE="},"lastRemoteEphemeralKey":"BYvSM/+B9XP0uob7aHBx72g/2M0dpnlOpvkgnzywIto/","previousCounter":0,"rootKey":"Kub4DV7KJdkrEocbGnieRsJq56dADBiVNJV3uVDOEEY="},"indexInfo":{"baseKey":"BR6TmMmVPcuqmwuCVsRRwHVZDKI+cArnqzuY9AgxFNIU","baseKeyType":1,"closed":-1,"used":1741601641839,"created":1741601641839,"remoteIdentityKey":"BS3/DmNWkXVrPdK88DPss+Z7MWMIkOjDJmGDsfiwP0AO"},"_chains":{"BX+2bW6VBwRuq9FqKYT9lTWR7VqMdi4VAFDxA7vB8egj":{"chainKey":{"counter":0,"key":"6pPBkWvM398nvX71GdLAyC2wesj37r3cnx5YUC5feko="},"chainType":1,"messageKeys":{}}},"pendingPreKey":{"signedKeyId":0,"baseKey":"BR6TmMmVPcuqmwuCVsRRwHVZDKI+cArnqzuY9AgxFNIU"}}},"version":"v1"}