{"_sessions":{"BenJ0Bz+uPz/+kps4sPrSpzkRdfxq1RtdjHcVsqEBi1j":{"registrationId":149301116,"currentRatchet":{"ephemeralKeyPair":{"pubKey":"BVy/1D9kX5pTc1L/HthkpAVb5s/gxlrb2NhH/Wo8siFf","privKey":"sCz9P5BBEB7g60zYp7pJ43Wb51pTGyOF7DMRelwgzGA="},"lastRemoteEphemeralKey":"BXfN6I0xIaluDpgOTKMntibvgsEGLjVOpzIxhiyrthZm","previousCounter":0,"rootKey":"KJeqbnrqHI9E6cCwVBl0d7pjXy1xeJSHhMSo1JgH5wg="},"indexInfo":{"baseKey":"BenJ0Bz+uPz/+kps4sPrSpzkRdfxq1RtdjHcVsqEBi1j","baseKeyType":1,"closed":-1,"used":1741601642138,"created":1741601642138,"remoteIdentityKey":"BT2nDriv2eMHRxBpGKU2m5lhGLSoJtkPLkCFN5A5xTYc"},"_chains":{"BVy/1D9kX5pTc1L/HthkpAVb5s/gxlrb2NhH/Wo8siFf":{"chainKey":{"counter":0,"key":"0sNNoth1urDu0nI8Te0XahPh5O5xEzcu38L1VWK4oJA="},"chainType":1,"messageKeys":{}}},"pendingPreKey":{"signedKeyId":2,"baseKey":"BenJ0Bz+uPz/+kps4sPrSpzkRdfxq1RtdjHcVsqEBi1j","preKeyId":231854}}},"version":"v1"}