{"_sessions":{"BXrj+LEyRVRYvUWG7MkrVmk1bipRxaBOPIQdZMAOnQ5L":{"registrationId":16155,"currentRatchet":{"ephemeralKeyPair":{"pubKey":"BeHIhnzK3gRWrA2Xn4vw/e9+4iYHQAxmLOgle6Zb81xp","privKey":"2Ih95TXIPLAgwQUiaNJ8dZy6W+uCV7kAB34JzvdWCX0="},"lastRemoteEphemeralKey":"BaQLtfeuR5P1jkvNLpX4ZfVq06CkP23SgXAdMdPT5a8F","previousCounter":0,"rootKey":"lDU5DWINHCp0y8bh4QZ2Jpnz2bIebqx7tcX+4QIsBfY="},"indexInfo":{"baseKey":"BXrj+LEyRVRYvUWG7MkrVmk1bipRxaBOPIQdZMAOnQ5L","baseKeyType":1,"closed":-1,"used":1741601641724,"created":1741601641724,"remoteIdentityKey":"BWKkR1tUGTTx13M/kirkWui/22jfqCatw6y4Hrg6kBhF"},"_chains":{"BeHIhnzK3gRWrA2Xn4vw/e9+4iYHQAxmLOgle6Zb81xp":{"chainKey":{"counter":0,"key":"H+5/MALIlt30N/iiWHbhuiP/HpTqVNJ1nOPmrP3YsQ4="},"chainType":1,"messageKeys":{}}},"pendingPreKey":{"signedKeyId":1,"baseKey":"BXrj+LEyRVRYvUWG7MkrVmk1bipRxaBOPIQdZMAOnQ5L"}}},"version":"v1"}