{"_sessions":{"BYBET8N7C93XQkhyoe2cfg+Yq1g76DrnCKiwveIBbygS":{"registrationId":1683129602,"currentRatchet":{"ephemeralKeyPair":{"pubKey":"BdXdUv3tB+JxeT0casa0Sp+KvVOGHf4r61sDgZ5OcNwf","privKey":"GFEf42b/UBpAigu8v2pKrKnV4HnChXnSvChlgdRPSkU="},"lastRemoteEphemeralKey":"BY7ZhTDDnZVmzeCGdBeCVAvBnQ+HWh1ywFXkL0nHQgk1","previousCounter":0,"rootKey":"Tt4ulfFThuzmYFY9/MymYrs3hRu4xb9DfNkf7yGBs4A="},"indexInfo":{"baseKey":"BYBET8N7C93XQkhyoe2cfg+Yq1g76DrnCKiwveIBbygS","baseKeyType":1,"closed":-1,"used":1741601641842,"created":1741601641842,"remoteIdentityKey":"BWFAYeBTwiYLqhheA1h8lqcwzndrdYJy1yuZNuDaJ9kN"},"_chains":{"BdXdUv3tB+JxeT0casa0Sp+KvVOGHf4r61sDgZ5OcNwf":{"chainKey":{"counter":0,"key":"6i+HYyo8v+5gGbJ/OQUARISkOIJwXZ9EGNy9OYtwuQI="},"chainType":1,"messageKeys":{}}},"pendingPreKey":{"signedKeyId":0,"baseKey":"BYBET8N7C93XQkhyoe2cfg+Yq1g76DrnCKiwveIBbygS"}}},"version":"v1"}