{"_sessions":{"BeGAsaR8VSLQ4sGJSCnuJeIm9YJl7a5r3r22mo6ZVKtk":{"registrationId":1050003060,"currentRatchet":{"ephemeralKeyPair":{"pubKey":"BZMzcaatDjg5nFs5mxEqqAug8GUNS77jXznTA8Qq9VJO","privKey":"aL35DTxFX/cobqFSHqF+FaBxThaFjw86WcIBoh2XVXg="},"lastRemoteEphemeralKey":"BQlFye98MtZ5jBOeMFykZOUG0mMkFGoKLoI99bme1C4L","previousCounter":0,"rootKey":"JLhXjdFfTmy+F2BqhypzAaFuNeqcmwiWUyd+a6rxB6o="},"indexInfo":{"baseKey":"BeGAsaR8VSLQ4sGJSCnuJeIm9YJl7a5r3r22mo6ZVKtk","baseKeyType":1,"closed":-1,"used":1741601641812,"created":1741601641812,"remoteIdentityKey":"BYtoOC1ZYnN2X67CrdwgWvQ8TJpfKuNWtATBg7RM9EEx"},"_chains":{"BZMzcaatDjg5nFs5mxEqqAug8GUNS77jXznTA8Qq9VJO":{"chainKey":{"counter":0,"key":"gYV6gjQl9rVEWOtkFn7ZgGs3lhkLPJVTE3/wwwG9iH8="},"chainType":1,"messageKeys":{}}},"pendingPreKey":{"signedKeyId":0,"baseKey":"BeGAsaR8VSLQ4sGJSCnuJeIm9YJl7a5r3r22mo6ZVKtk"}}},"version":"v1"}