{"_sessions":{"BQNL2BnQZ2WGfGGTGUwXb8aeOsJlYtGZfxScOw2dgD9P":{"registrationId":1769859780,"currentRatchet":{"ephemeralKeyPair":{"pubKey":"BSfRUg42nniC2H6pPSQoW0D2xqyP/t9ZaWu2UvXY9Uky","privKey":"GJ/MErSoUC5kX/x/ZSiADe2VkhUnF58LbNK5OQ44Km4="},"lastRemoteEphemeralKey":"BcKC4Ll2Pii28zV2lL73KbfansP8ra9AXai6vuZCi4cR","previousCounter":0,"rootKey":"CsUslfWMWKWquS5z5+0JBw1/P/wjQCqRv+fASvka4L4="},"indexInfo":{"baseKey":"BQNL2BnQZ2WGfGGTGUwXb8aeOsJlYtGZfxScOw2dgD9P","baseKeyType":1,"closed":-1,"used":1741601638949,"created":1741601638949,"remoteIdentityKey":"BbadMuUrhhVq8YBhSx8FWfxOd8GKhyZvZmJz3YzxdH9O"},"_chains":{"BSfRUg42nniC2H6pPSQoW0D2xqyP/t9ZaWu2UvXY9Uky":{"chainKey":{"counter":0,"key":"h4EJ/aTYwEk47In/zMEjNxSgFs6Z0l6vTogbIdV4S5Q="},"chainType":1,"messageKeys":{}}},"pendingPreKey":{"signedKeyId":13,"baseKey":"BQNL2BnQZ2WGfGGTGUwXb8aeOsJlYtGZfxScOw2dgD9P","preKeyId":1481563}}},"version":"v1"}