{"_sessions":{"BQXF/6gMcW3BwBhxlUuI4gvqrxqRVB7l9gNFuSE9musW":{"registrationId":1090897713,"currentRatchet":{"ephemeralKeyPair":{"pubKey":"BU6c2F5ca/ySNB4YgBQgeGtGgTYzomfHacL7hJ1gYoE5","privKey":"uNDka0BQy7Npi+1hBy0q1bTISHHRtpY+Z+oaRKO0S1s="},"lastRemoteEphemeralKey":"BZSoLWh/lTiOmPoX32hA6vuRJceUl2iv5x4uMpjbtZMA","previousCounter":0,"rootKey":"rnmgiR85x12Z6Rbo7a3GsHA+M2LbOioqhMTm7FNaadQ="},"indexInfo":{"baseKey":"BQXF/6gMcW3BwBhxlUuI4gvqrxqRVB7l9gNFuSE9musW","baseKeyType":1,"closed":-1,"used":1741601641914,"created":1741601641914,"remoteIdentityKey":"BQ2UvlAkV58C2X5MPBfnwiNLETimVNQkuSK1kJFoAxUw"},"_chains":{"BU6c2F5ca/ySNB4YgBQgeGtGgTYzomfHacL7hJ1gYoE5":{"chainKey":{"counter":0,"key":"7Vcqm0EdS5MQW3SHKjw535jVdQkyPPt2pqYi89V2J1k="},"chainType":1,"messageKeys":{}}},"pendingPreKey":{"signedKeyId":0,"baseKey":"BQXF/6gMcW3BwBhxlUuI4gvqrxqRVB7l9gNFuSE9musW","preKeyId":7364448}}},"version":"v1"}