{"_sessions":{"BZwBxB/dXrsueGSNLcaQR5Wxd6zRAmedmCp5W2YeqSwa":{"registrationId":4282548182,"currentRatchet":{"ephemeralKeyPair":{"pubKey":"Bb65kPM5cOeZmguIRKDsDYqtDcdsqt2vBwhmf8WdB0RK","privKey":"eCv2jnzsvKlioTPqFymi6sfm0y/gBj324WShenN2B2s="},"lastRemoteEphemeralKey":"BcU2ckuNTjXBlDEf4yI4hTRl7eOG10uNQ0Y+W4zUZvJS","previousCounter":0,"rootKey":"ErpdGqaDabbUgeh3wI/vVNkyWAzIzuvLe4OEtUmIyu0="},"indexInfo":{"baseKey":"BZwBxB/dXrsueGSNLcaQR5Wxd6zRAmedmCp5W2YeqSwa","baseKeyType":1,"closed":-1,"used":1741601641776,"created":1741601641776,"remoteIdentityKey":"BczlXbU6RMhzB25gPfBytygB/EJiFBMbmc8WDpAYix08"},"_chains":{"Bb65kPM5cOeZmguIRKDsDYqtDcdsqt2vBwhmf8WdB0RK":{"chainKey":{"counter":0,"key":"L9/XIXyymWcGgl1xjMXMxGe3t2xirq2FlVPpnVVmpgk="},"chainType":1,"messageKeys":{}}},"pendingPreKey":{"signedKeyId":1,"baseKey":"BZwBxB/dXrsueGSNLcaQR5Wxd6zRAmedmCp5W2YeqSwa"}}},"version":"v1"}