{"_sessions":{"BZCcRwCiWKnvf6T5+Prfq3WBmrBk8eIufIEGsTtpWLR2":{"registrationId":1984782099,"currentRatchet":{"ephemeralKeyPair":{"pubKey":"BWdH1BnOpB/n2BwjIXbsBnx7fiH9DwJ9ELDeBOTle2cc","privKey":"UAd+yYGBl4ymnmwLRO/2tl3zW/ymvHWDiBgd+wV5tFk="},"lastRemoteEphemeralKey":"BSK1gSPV960BoMDIRuTySfI652CLnYz7GsKVmJgwQzFa","previousCounter":0,"rootKey":"S6xGklHs4YSC0irlZFywcj9ZL6qOkkf3QTc0Fg6laHQ="},"indexInfo":{"baseKey":"BZCcRwCiWKnvf6T5+Prfq3WBmrBk8eIufIEGsTtpWLR2","baseKeyType":1,"closed":-1,"used":1741601636769,"created":1741601636769,"remoteIdentityKey":"BfN2EiVoO0vl1Jby/aFN4emPkMKb/mJaBLB+ZJIorKBC"},"_chains":{"BWdH1BnOpB/n2BwjIXbsBnx7fiH9DwJ9ELDeBOTle2cc":{"chainKey":{"counter":0,"key":"iAgE86BEQKjI5A43H/3/Uyj4a6ws2fL1uWwdFYAJErE="},"chainType":1,"messageKeys":{}}},"pendingPreKey":{"signedKeyId":18,"baseKey":"BZCcRwCiWKnvf6T5+Prfq3WBmrBk8eIufIEGsTtpWLR2","preKeyId":14619071}}},"version":"v1"}