{"_sessions":{"BdbvgUNWiWH4EOaLKD+fA+LbBUrXKzA+Uxx+WqNj/pBM":{"registrationId":11018,"currentRatchet":{"ephemeralKeyPair":{"pubKey":"BVBHIaNCmY5YWdGrAgau8zA9ZE/XAn1kflqEJ/C3ZZso","privKey":"OD1aUd2FJb5DyrzGKmyVooZoYy71KKBUS3F1kQ+XhE8="},"lastRemoteEphemeralKey":"BQNly5NdqJjpHbFIBA+I1Erw0/RTrsebOheWPc+eBVBu","previousCounter":0,"rootKey":"nwXe914MAhz4+EeTc4zs6sTH21ygNBwHUVaSIFymkiA="},"indexInfo":{"baseKey":"BdbvgUNWiWH4EOaLKD+fA+LbBUrXKzA+Uxx+WqNj/pBM","baseKeyType":1,"closed":-1,"used":1741601638862,"created":1741601638862,"remoteIdentityKey":"BdpxzIikT5tMgobM/9UAKbxAm/MpQhM1BpC92nG322An"},"_chains":{"BVBHIaNCmY5YWdGrAgau8zA9ZE/XAn1kflqEJ/C3ZZso":{"chainKey":{"counter":0,"key":"GBXEZtay6jpISxt8gdJSqRiVHMltAIQlCMKqhyjSR1A="},"chainType":1,"messageKeys":{}}},"pendingPreKey":{"signedKeyId":1,"baseKey":"BdbvgUNWiWH4EOaLKD+fA+LbBUrXKzA+Uxx+WqNj/pBM","preKeyId":50}}},"version":"v1"}