{"_sessions":{"BfWqNo1nzD+ZXci4zhbBjms57p1sz40FjBpXuwYpWl4g":{"registrationId":373636245,"currentRatchet":{"ephemeralKeyPair":{"pubKey":"BRUj5l4qNjgdu9tMhKAl4uuOAklQCyF6BlyvxqEmYMM0","privKey":"GHmEE+FPIBMwSHmngAzR3PZvz88ar06AXYKBJcPH3H4="},"lastRemoteEphemeralKey":"BdFzTjiCCcFNca1PUrAwSedCdWppcGg/LnXV4zD/SLVu","previousCounter":0,"rootKey":"UDhuEhOp7glZVRtCME63iEfJXrIKY0GxAUjvGIxgfuo="},"indexInfo":{"baseKey":"BfWqNo1nzD+ZXci4zhbBjms57p1sz40FjBpXuwYpWl4g","baseKeyType":1,"closed":-1,"used":1741601639525,"created":1741601639525,"remoteIdentityKey":"BSzqifzsI6viaBOXsrpEbNXCihIJ/CZz899rhdeYs317"},"_chains":{"BRUj5l4qNjgdu9tMhKAl4uuOAklQCyF6BlyvxqEmYMM0":{"chainKey":{"counter":0,"key":"mTP33vMXYbHHUrXcJkb8fQFFLKWf0J67GyB0o/APrsE="},"chainType":1,"messageKeys":{}}},"pendingPreKey":{"signedKeyId":46,"baseKey":"BfWqNo1nzD+ZXci4zhbBjms57p1sz40FjBpXuwYpWl4g","preKeyId":16753454}}},"version":"v1"}