{"_sessions":{"BZ3WjGm8tAumVoxQvreFZ0cRIhbxtRQ/NPVOU6wUeSIb":{"registrationId":169548170,"currentRatchet":{"ephemeralKeyPair":{"pubKey":"BdeqjVIdnRiZ+HH0Q0S91uC9XxPyJrwjrHt/8ouX06g8","privKey":"SIuYb2MymCSltasOxL5FPYfbyFMsGXrjj+up+WQcmlI="},"lastRemoteEphemeralKey":"BWSpbwmZ7c+kqIKsXuCsho5jYR8GJOIH1H6jm1yPPcBK","previousCounter":0,"rootKey":"8GV7oipl/eSdWyavg/+bDJyCkVj+LnVjlKEGCfXhq6I="},"indexInfo":{"baseKey":"BZ3WjGm8tAumVoxQvreFZ0cRIhbxtRQ/NPVOU6wUeSIb","baseKeyType":1,"closed":-1,"used":1741601636683,"created":1741601636683,"remoteIdentityKey":"Be+7hLFbl32jm8JQv4dmHoIS4eIWyMhPN9yjF03q5pkD"},"_chains":{"BdeqjVIdnRiZ+HH0Q0S91uC9XxPyJrwjrHt/8ouX06g8":{"chainKey":{"counter":0,"key":"LweBeAIiI+vQpN2JyLztfYlDBTS3R9eevc3TDnOodyc="},"chainType":1,"messageKeys":{}}},"pendingPreKey":{"signedKeyId":39,"baseKey":"BZ3WjGm8tAumVoxQvreFZ0cRIhbxtRQ/NPVOU6wUeSIb","preKeyId":2419217}}},"version":"v1"}