{"_sessions":{"BcIY6Uj+R3qRJgamiB1xV84FRzMD9J8doDAHub2i8Olh":{"registrationId":863829097,"currentRatchet":{"ephemeralKeyPair":{"pubKey":"BSvOEmshzVTSd65lV8PEd510niclI8GpyAJkJtLbl9p5","privKey":"6L2qnK8G0ZJS4vt7bIBbauZqI5gV7DHjKp62Of+uw1g="},"lastRemoteEphemeralKey":"BTYbiCGAbxD3VWTcCrYHZiZUeqznyGpFiC1Osg/GiIkA","previousCounter":0,"rootKey":"by6YKPHjHRGIzuWfjfNZ+K7wlQzKC+jidUVobzfiAEs="},"indexInfo":{"baseKey":"BcIY6Uj+R3qRJgamiB1xV84FRzMD9J8doDAHub2i8Olh","baseKeyType":1,"closed":-1,"used":1741601636801,"created":1741601636801,"remoteIdentityKey":"BUceNx/1HKUI/PYkG/kwyMl/aNeChARbBJsdsauHN51y"},"_chains":{"BSvOEmshzVTSd65lV8PEd510niclI8GpyAJkJtLbl9p5":{"chainKey":{"counter":1,"key":"urpDgaoD6WTXYD30hhjxOoxfxqilqFK8o08Pfw085Us="},"chainType":1,"messageKeys":{}}},"pendingPreKey":{"signedKeyId":41,"baseKey":"BcIY6Uj+R3qRJgamiB1xV84FRzMD9J8doDAHub2i8Olh","preKeyId":4462702}}},"version":"v1"}