{"_sessions":{"BXsKIwtYjx6fBBvxWJzQnUdFBSPX3b9H/xT+SeLLAEAt":{"registrationId":551760440,"currentRatchet":{"ephemeralKeyPair":{"pubKey":"BXojKvsHmxg475lyJ0WESQcgYzWk+9VoOOvYjqDMkbtz","privKey":"OOXoUKKE2UfqRM7wjOsLil7RwkkN7YVQR3GpG/9hdG4="},"lastRemoteEphemeralKey":"BQtJmiOUKS5Z35/TqoxHm24zESBpRrtKEBdeNA4L8sAf","previousCounter":0,"rootKey":"kp2CMLTODmaBtXcy9EdgNMOK6P3WDyWTHPNJW1+TFw0="},"indexInfo":{"baseKey":"BXsKIwtYjx6fBBvxWJzQnUdFBSPX3b9H/xT+SeLLAEAt","baseKeyType":1,"closed":-1,"used":1741601641860,"created":1741601641860,"remoteIdentityKey":"BTzyV6z7ZXXh7+QJ8aNshbrOe3ijpCzF16GNM/ksoxtZ"},"_chains":{"BXojKvsHmxg475lyJ0WESQcgYzWk+9VoOOvYjqDMkbtz":{"chainKey":{"counter":0,"key":"1ELrBh8jULG1rUik3Met6ysdK9umfX/3xAx606iIan4="},"chainType":1,"messageKeys":{}}},"pendingPreKey":{"signedKeyId":21,"baseKey":"BXsKIwtYjx6fBBvxWJzQnUdFBSPX3b9H/xT+SeLLAEAt","preKeyId":12248416}}},"version":"v1"}