{"_sessions":{"BddKo5+JDqRYa0wcEVpWJRaDrQ7Y3PJjfTAy1iqsdylb":{"registrationId":2086741043,"currentRatchet":{"ephemeralKeyPair":{"pubKey":"BazHq2zufKAlvEjy26AOeHDQeLVYXER9M4Tc2+BruShW","privKey":"EItCFiRDVlmiPrX+z1WZqjBcHs3gCw3gnPchPF+wwHs="},"lastRemoteEphemeralKey":"Bf+s5XtUbDC8f4k6mqwVVr4sC0KX4EMCh8NyaFmVEk5d","previousCounter":0,"rootKey":"OfFCCs9ZUMSwTqHrlYudmetBWF28SgDaG8OZ0pQ451I="},"indexInfo":{"baseKey":"BddKo5+JDqRYa0wcEVpWJRaDrQ7Y3PJjfTAy1iqsdylb","baseKeyType":1,"closed":-1,"used":1741601639127,"created":1741601639127,"remoteIdentityKey":"BQnN5IOHS9JFTtOQ+mUWLySmTEJxiPTpKjsON38juz55"},"_chains":{"BazHq2zufKAlvEjy26AOeHDQeLVYXER9M4Tc2+BruShW":{"chainKey":{"counter":0,"key":"OY1Q15Y5BOuJphRJeqiSUj8IRVNYpvYMHA3BLHzx9uY="},"chainType":1,"messageKeys":{}}},"pendingPreKey":{"signedKeyId":2,"baseKey":"BddKo5+JDqRYa0wcEVpWJRaDrQ7Y3PJjfTAy1iqsdylb","preKeyId":2499769}}},"version":"v1"}