{"_sessions":{"BRQu6Z9G2JqjeKYa757VqImdH9dMHzYS0CrKZFEhYbUj":{"registrationId":510690292,"currentRatchet":{"ephemeralKeyPair":{"pubKey":"BZLnVXPSCTE0sx11uEDKS8u9C5O9mt1zF4JfWFfoJxR7","privKey":"QKh8BdLMuVAZ8csRppl/0GpGo4M7JJFLk4TJGI561nY="},"lastRemoteEphemeralKey":"BdYaxVLsOOPCHisc07dQgAD1C9L6klazs1pJWMaIY1oU","previousCounter":0,"rootKey":"c36UeIm6hXcSkL2mTLPiQBcw/pzJqHcpDcx+vOnNUX0="},"indexInfo":{"baseKey":"BRQu6Z9G2JqjeKYa757VqImdH9dMHzYS0CrKZFEhYbUj","baseKeyType":1,"closed":-1,"used":1741601639101,"created":1741601639101,"remoteIdentityKey":"BdCtcLRW0QRwNujnP8Ix+fxS6RaiqIqzoIUlkVqX4Lsb"},"_chains":{"BZLnVXPSCTE0sx11uEDKS8u9C5O9mt1zF4JfWFfoJxR7":{"chainKey":{"counter":0,"key":"M3ljMhNm+TNLRZuBUF31KAPxGErnx0fhwFlLQuSqjVc="},"chainType":1,"messageKeys":{}}},"pendingPreKey":{"signedKeyId":23,"baseKey":"BRQu6Z9G2JqjeKYa757VqImdH9dMHzYS0CrKZFEhYbUj","preKeyId":11298921}}},"version":"v1"}