{"_sessions":{"BWck+Re9myykwlRFKE+/iOgTQxng3+rTLr4LuMunVOw5":{"registrationId":247192570,"currentRatchet":{"ephemeralKeyPair":{"pubKey":"BR51Reu9LRd/670CjUe/Hac0IIFM4RRCAhleWFIo/JVx","privKey":"CHhOKGNg1zqLBECpkyUiUixLquqRDPMiMekZqsfi1HM="},"lastRemoteEphemeralKey":"BbD01x1hy2gf0tPPEb2C1yZmZQeSMXePl1/PNFN3lZc+","previousCounter":0,"rootKey":"yPfMelF4S+KIuyXFht7MqgMVJ0a6CWFJJf42wFZWk0w="},"indexInfo":{"baseKey":"BWck+Re9myykwlRFKE+/iOgTQxng3+rTLr4LuMunVOw5","baseKeyType":1,"closed":-1,"used":1741601639574,"created":1741601639574,"remoteIdentityKey":"BdmimCmOc7YqdxBSq0Ae8SoeQ2WZnsJrOKz0IStGkLFJ"},"_chains":{"BR51Reu9LRd/670CjUe/Hac0IIFM4RRCAhleWFIo/JVx":{"chainKey":{"counter":0,"key":"scEnW/BANc4xp9DMRyQ2rTVvPjy5GSChsmz0EfBCoZs="},"chainType":1,"messageKeys":{}}},"pendingPreKey":{"signedKeyId":13756468,"baseKey":"BWck+Re9myykwlRFKE+/iOgTQxng3+rTLr4LuMunVOw5","preKeyId":1442}}},"version":"v1"}