{"_sessions":{"Bevj72BbEdUNIid5B4WCeEncP/TrbC349fRUdR2IEpBV":{"registrationId":1927427657,"currentRatchet":{"ephemeralKeyPair":{"pubKey":"BRWjLQyfz7j9eLkQkHQsCFY8IrLsTTRY8NAcX2aUeXQG","privKey":"UDjpvpJ4JWGk/pa30qzjWkt+k9rW9oGUyR27jXlwu38="},"lastRemoteEphemeralKey":"BWIw1Ei+bTRdS5rGqkwxQW7GkPePJjl68sEzcnkG0EwJ","previousCounter":0,"rootKey":"YW5IoQsl53LG4VCAZnYg/dT5C/DftvKOVBodYaPOAsk="},"indexInfo":{"baseKey":"Bevj72BbEdUNIid5B4WCeEncP/TrbC349fRUdR2IEpBV","baseKeyType":1,"closed":-1,"used":1741601641851,"created":1741601641851,"remoteIdentityKey":"BfYyjILrm/EuAcltoDtH5dopyKq90c6T/n5l7BCGQGhN"},"_chains":{"BRWjLQyfz7j9eLkQkHQsCFY8IrLsTTRY8NAcX2aUeXQG":{"chainKey":{"counter":0,"key":"hz/n3a3UmQblGulmamzi/cphu/wb24rvcv+F9iI/aw4="},"chainType":1,"messageKeys":{}}},"pendingPreKey":{"signedKeyId":12,"baseKey":"Bevj72BbEdUNIid5B4WCeEncP/TrbC349fRUdR2IEpBV","preKeyId":1231277}}},"version":"v1"}