{"_sessions":{"BVAYNTzk+qMX8NzAovaWiqH0nLg3c6PjlBCHSASym+BN":{"registrationId":1600803354,"currentRatchet":{"ephemeralKeyPair":{"pubKey":"BaWSmR/7vAY8Ninl4MIsCLkraUkwDUTEGJX7B2DxYr8H","privKey":"sM+TlPHPAbLdLZIZzDBOX0DnVLUxUgHf1rl8R7G7uWw="},"lastRemoteEphemeralKey":"BV+RgBRlDVWpSoDHt9mJ8nBrUFfVnJ6nuKcc6KCuMrpo","previousCounter":0,"rootKey":"B1x92raIpfeSccdA5r4NsI2+Bb8fV1yTD8SqhtuJ8CY="},"indexInfo":{"baseKey":"BVAYNTzk+qMX8NzAovaWiqH0nLg3c6PjlBCHSASym+BN","baseKeyType":1,"closed":-1,"used":1741601641854,"created":1741601641854,"remoteIdentityKey":"BXie+JKc1xX1ID4ps9We38rOKsCSBZnSUP3+k1S9Z9EK"},"_chains":{"BaWSmR/7vAY8Ninl4MIsCLkraUkwDUTEGJX7B2DxYr8H":{"chainKey":{"counter":0,"key":"XtFKuvb2c4Dq4a3VLoPwrkC/zQTr6h6inkLl1wp3Psc="},"chainType":1,"messageKeys":{}}},"pendingPreKey":{"signedKeyId":2,"baseKey":"BVAYNTzk+qMX8NzAovaWiqH0nLg3c6PjlBCHSASym+BN","preKeyId":16414582}}},"version":"v1"}