{"_sessions":{"Bcg1PoA/rvJg5XHuXn54w+8GO/kQNkdz51NhFymWONxZ":{"registrationId":864477681,"currentRatchet":{"ephemeralKeyPair":{"pubKey":"BUmaaX/KkGZYtyPnZwoPr1sjJN2pEJJSJK4XaY5XK6gS","privKey":"uMUBsa7GQtOgg26BMXjt9YBt/TY71udPkCZ63yKun2Q="},"lastRemoteEphemeralKey":"BcculooXEKja02RRvmYaZjNF+lRnFIp7on6CqcgbCRBx","previousCounter":0,"rootKey":"4z9yoP3C7JWHgb4KutSHVQl36PcJH/qZW8k7ftHVxr0="},"indexInfo":{"baseKey":"Bcg1PoA/rvJg5XHuXn54w+8GO/kQNkdz51NhFymWONxZ","baseKeyType":1,"closed":-1,"used":1741601641789,"created":1741601641789,"remoteIdentityKey":"BVZ3d0JIpPLfZkROZIVZ3oLiNzz/qzBfO81aWlozSg8/"},"_chains":{"BUmaaX/KkGZYtyPnZwoPr1sjJN2pEJJSJK4XaY5XK6gS":{"chainKey":{"counter":0,"key":"Urs4P4vfvx8SA1BIx3DkgW95wEuBuiaF78ZBXo8+IEc="},"chainType":1,"messageKeys":{}}},"pendingPreKey":{"signedKeyId":3,"baseKey":"Bcg1PoA/rvJg5XHuXn54w+8GO/kQNkdz51NhFymWONxZ"}}},"version":"v1"}