{"_sessions":{"BQ8nue2kdBELXWs/N4Qk1vbIBFNG2LQJI0wup6+wZ1M7":{"registrationId":1262892518,"currentRatchet":{"ephemeralKeyPair":{"pubKey":"BQCRpsw1ddg14TSNL+R8GgXhZ4ta/lGBH11WvEPfORZJ","privKey":"CJr5+XT1ZWuXRDsDuiMvGj2Y5n9VLs3w+C5UZdeHn3M="},"lastRemoteEphemeralKey":"BQ7iUD/FDKDCBwPQryhm20YMe7+eWpYzTx27VTGG0Y5N","previousCounter":0,"rootKey":"Iqa+48FaJ8SWYdtFcwmjmOLEuFDG88nrxbthszhXXUQ="},"indexInfo":{"baseKey":"BQ8nue2kdBELXWs/N4Qk1vbIBFNG2LQJI0wup6+wZ1M7","baseKeyType":1,"closed":-1,"used":1741601639049,"created":1741601639049,"remoteIdentityKey":"BYdZ7Mtt+0uMNZwmHpe4outdJfcU8bqK0bIhVFSDDMQO"},"_chains":{"BQCRpsw1ddg14TSNL+R8GgXhZ4ta/lGBH11WvEPfORZJ":{"chainKey":{"counter":0,"key":"LtJjHYzTiXpKxAesA5o+CbFuJ9k+b/f0kuFdErBu6/w="},"chainType":1,"messageKeys":{}}},"pendingPreKey":{"signedKeyId":1076216,"baseKey":"BQ8nue2kdBELXWs/N4Qk1vbIBFNG2LQJI0wup6+wZ1M7","preKeyId":2408}}},"version":"v1"}