{"_sessions":{"BfNYZc6H9NddR1hqR/NsrMCUEe0AcrWJsOoNEWRVPt9T":{"registrationId":537502304,"currentRatchet":{"ephemeralKeyPair":{"pubKey":"BdMAaJDqjaCDtx43PdS6arXMe1abscY74+Tn8vayhwR1","privKey":"iNkM52B1y4FnUj8hrjsY0jMaUEt4wXqLkiMnDbumP2w="},"lastRemoteEphemeralKey":"BQyeJK667GqKZf6D/DoTSv9wNb3X5HSh1/3KJC1ohUkD","previousCounter":0,"rootKey":"ysp+mbdLsbWDeRBzS0MGLag+W8X7VMxyJGYr8PF3wSA="},"indexInfo":{"baseKey":"BfNYZc6H9NddR1hqR/NsrMCUEe0AcrWJsOoNEWRVPt9T","baseKeyType":1,"closed":-1,"used":1741601639564,"created":1741601639564,"remoteIdentityKey":"BWgLaDWkw3l51cayry/FGFz0IEIHObMT3gdY1sAslZJf"},"_chains":{"BdMAaJDqjaCDtx43PdS6arXMe1abscY74+Tn8vayhwR1":{"chainKey":{"counter":0,"key":"Kd4Ug2wxSMB+pnKjPn0A57yGnGdQf8pgwOhbxiLLAVI="},"chainType":1,"messageKeys":{}}},"pendingPreKey":{"signedKeyId":10,"baseKey":"BfNYZc6H9NddR1hqR/NsrMCUEe0AcrWJsOoNEWRVPt9T","preKeyId":5443255}}},"version":"v1"}