{"_sessions":{"BXu5hRs7eK5U8nPL7M2YI23LBjcbhO+xLWIky7gJcwsn":{"registrationId":61032177,"currentRatchet":{"ephemeralKeyPair":{"pubKey":"BTHB6f7OK4lOAff6UW0aOyI1DVoEdW3B8y5g8yb//gFA","privKey":"YGP8nSluiCoi1k1ui6JfsVDQ7fc6UObl70cfGUqQjWs="},"lastRemoteEphemeralKey":"BT7vNZIzUupqdm3ugipafO02w8wlrcHgMdGe3NBEMlB/","previousCounter":0,"rootKey":"HLe29sV6KIcgQ01OlkCK7nBefosb49sMn9x60ppLt/c="},"indexInfo":{"baseKey":"BXu5hRs7eK5U8nPL7M2YI23LBjcbhO+xLWIky7gJcwsn","baseKeyType":1,"closed":-1,"used":1741601641817,"created":1741601641817,"remoteIdentityKey":"BSsFNEXttrGLW8GwEKz8yHKFA2sqELFr1UD1+XTg5PUg"},"_chains":{"BTHB6f7OK4lOAff6UW0aOyI1DVoEdW3B8y5g8yb//gFA":{"chainKey":{"counter":0,"key":"MxErxPgETNwMdjRugcgGuC6Jli6CPCprF7f+7/IVeBQ="},"chainType":1,"messageKeys":{}}},"pendingPreKey":{"signedKeyId":6,"baseKey":"BXu5hRs7eK5U8nPL7M2YI23LBjcbhO+xLWIky7gJcwsn","preKeyId":14512478}}},"version":"v1"}