{"_sessions":{"Bcql5PrEUa4jcdYIVrk1Y5YhJ4bQdZvZGfW7DHCYN41+":{"registrationId":1019210432,"currentRatchet":{"ephemeralKeyPair":{"pubKey":"BSVj8s6UEZeLgNn+xaJ4h44uUyvWfG5hIK6pUykoJ+1o","privKey":"iOOgzU5PoNZ8ixwIIw+kEsiYFPBYMsZzIjwUSpqmVX8="},"lastRemoteEphemeralKey":"BQG7tuJN/pHicXBM+sy/kuQldmSmz1VtjPYQzFTRr34M","previousCounter":0,"rootKey":"MUOiaYOtbu6isauMaXZakE+85XODOkAbkCTsTEjc3IY="},"indexInfo":{"baseKey":"Bcql5PrEUa4jcdYIVrk1Y5YhJ4bQdZvZGfW7DHCYN41+","baseKeyType":1,"closed":-1,"used":1741601641784,"created":1741601641784,"remoteIdentityKey":"BajV/RyM/RTXmBpgxEX8OUQD6e8DCoVVe/L48d1mIUkU"},"_chains":{"BSVj8s6UEZeLgNn+xaJ4h44uUyvWfG5hIK6pUykoJ+1o":{"chainKey":{"counter":0,"key":"jN7G2calP1UwD8sYaKXeQ4E1CLkt9/oxdBvLn25yYoo="},"chainType":1,"messageKeys":{}}},"pendingPreKey":{"signedKeyId":4640118,"baseKey":"Bcql5PrEUa4jcdYIVrk1Y5YhJ4bQdZvZGfW7DHCYN41+","preKeyId":13208}}},"version":"v1"}