{"_sessions":{"BUYLn2l5wcOAAe8HNS7i1w5oO9jaA55G79iVI9+0ky1h":{"registrationId":1211740238,"currentRatchet":{"ephemeralKeyPair":{"pubKey":"BX7dFnqplWMUxSWZ2XbKxHxyRq1GMZxJEKUWz+u1xSlc","privKey":"4OrsFyoJPXlB1FvJyxxR5dk3kfc/9asZy5FOEgVVNHg="},"lastRemoteEphemeralKey":"Ba8Zk+J+ifGHArdILcAWRrubsbLvjpuNYMSfl2GhtA8k","previousCounter":0,"rootKey":"EKGakF0V+D25+QztsPjr7Zx9jluTG2Bq59yxmAw+bkw="},"indexInfo":{"baseKey":"BUYLn2l5wcOAAe8HNS7i1w5oO9jaA55G79iVI9+0ky1h","baseKeyType":1,"closed":-1,"used":1741601641962,"created":1741601641962,"remoteIdentityKey":"BbGS2g9z7dx66TH9LoQtBl0xNUuQERppJAiQh4sx/HcF"},"_chains":{"BX7dFnqplWMUxSWZ2XbKxHxyRq1GMZxJEKUWz+u1xSlc":{"chainKey":{"counter":0,"key":"A6c77yVypYsP8fBSYwbsN5dDyGcyba71uhH3kZ9FIcI="},"chainType":1,"messageKeys":{}}},"pendingPreKey":{"signedKeyId":3,"baseKey":"BUYLn2l5wcOAAe8HNS7i1w5oO9jaA55G79iVI9+0ky1h","preKeyId":5757336}}},"version":"v1"}