{"_sessions":{"BdjluX5gRuRLCWjbpD6icrNiPTy+7VlyeuABLZajzpR/":{"registrationId":623006149,"currentRatchet":{"ephemeralKeyPair":{"pubKey":"BQ14Wuov+Pmjw2GxMGy1EiWyQwn7ubovdd5bCKiFvTZf","privKey":"GIckodn1EvOwv8os+wLWiu+XczagWhUuLVO8iMQ22Xg="},"lastRemoteEphemeralKey":"BemhyB90NN6rs0A7alp5piqOU9MRANae3eLaWspapbVG","previousCounter":0,"rootKey":"Mt4ow4cfoRSPy1EE2FECXHn9QoS+1AKwD7eYKD6kAoA="},"indexInfo":{"baseKey":"BdjluX5gRuRLCWjbpD6icrNiPTy+7VlyeuABLZajzpR/","baseKeyType":1,"closed":-1,"used":1741601641927,"created":1741601641927,"remoteIdentityKey":"BbslNv85/j/IO4EExlrVJF1zo2cmiYa+8fmBAzOfJRlw"},"_chains":{"BQ14Wuov+Pmjw2GxMGy1EiWyQwn7ubovdd5bCKiFvTZf":{"chainKey":{"counter":0,"key":"4G2XWP2Ko1ukKLCHttpzNgCIT80iS7NSAcnwP3AoBQQ="},"chainType":1,"messageKeys":{}}},"pendingPreKey":{"signedKeyId":0,"baseKey":"BdjluX5gRuRLCWjbpD6icrNiPTy+7VlyeuABLZajzpR/"}}},"version":"v1"}