{"_sessions":{"Bbr/vuo1MVu/aqwYc+lPn6JP8qIRmjCmZ8WoqS4l3N52":{"registrationId":903217307,"currentRatchet":{"ephemeralKeyPair":{"pubKey":"BYt9OETdjIIw28Iv12hlsAJgPdwy3PnFbr1RhiufCRF/","privKey":"QCN9T2FJrAJmvjvXFaAmFBgWXp1TqrspeBNJ6e1B52w="},"lastRemoteEphemeralKey":"BSIIkqQO58rhNl3Ao87MSIuM/GDJxA3gTJvRaAowDQMU","previousCounter":0,"rootKey":"K8MXMkjcWzE8UFHXqR9XD09Yxpeiwr2bKyxYzHWVfr8="},"indexInfo":{"baseKey":"Bbr/vuo1MVu/aqwYc+lPn6JP8qIRmjCmZ8WoqS4l3N52","baseKeyType":1,"closed":-1,"used":1741601639450,"created":1741601639450,"remoteIdentityKey":"BY+53RxNwQtFcDLYer6yuNs7uNfsFZUBanjXIYGulshv"},"_chains":{"BYt9OETdjIIw28Iv12hlsAJgPdwy3PnFbr1RhiufCRF/":{"chainKey":{"counter":0,"key":"GmWEWJgH4z2MnBljB6ANnwpXvfTelagtRl2B3nIk/cs="},"chainType":1,"messageKeys":{}}},"pendingPreKey":{"signedKeyId":54,"baseKey":"Bbr/vuo1MVu/aqwYc+lPn6JP8qIRmjCmZ8WoqS4l3N52","preKeyId":8253555}}},"version":"v1"}