{"_sessions":{"BRdC/YLPTYcTc5lYwWoNo9qEtUrSycSdTxR2NNMPw1ho":{"registrationId":1606223173,"currentRatchet":{"ephemeralKeyPair":{"pubKey":"BcQIJu22JmAGKAfypKw5DDiLAPLKl/plmz6NREYNtUsB","privKey":"IE8ESD+0vW6sOQHJNVvUOEcncVB+h1Sy/EWzFVURa38="},"lastRemoteEphemeralKey":"BbbUjJCkiaz3XJXBjZA/arIs2sW0VEnkOsw4QozT++Bt","previousCounter":0,"rootKey":"hPRIpysPymWR+5mdHA6R4phTzMb27+BLbpVHu4OfNXU="},"indexInfo":{"baseKey":"BRdC/YLPTYcTc5lYwWoNo9qEtUrSycSdTxR2NNMPw1ho","baseKeyType":1,"closed":-1,"used":1741601641828,"created":1741601641828,"remoteIdentityKey":"BcGwysdwOq3LxlU9TiBXIdsdGpvctxn6nVKVk3R1TqU8"},"_chains":{"BcQIJu22JmAGKAfypKw5DDiLAPLKl/plmz6NREYNtUsB":{"chainKey":{"counter":0,"key":"43X/JZQl6elwOIPgRFUUiHV07pBr8jEWFfIFdhJWINw="},"chainType":1,"messageKeys":{}}},"pendingPreKey":{"signedKeyId":8,"baseKey":"BRdC/YLPTYcTc5lYwWoNo9qEtUrSycSdTxR2NNMPw1ho","preKeyId":7324885}}},"version":"v1"}