{"_sessions":{"BYmVzBNJ1SbEgAIELj0S9O6bqm/nzxY7nYqMzWAGQZVN":{"registrationId":1892636342,"currentRatchet":{"ephemeralKeyPair":{"pubKey":"BWZdwijoiKgy8LAmx8+ShBXrQ2vxO2E5L9m6AEu/4mkZ","privKey":"6JI4VROfutMuyRjfLyHVadhlbYNPXCV3+hWKnHTVZUY="},"lastRemoteEphemeralKey":"BVEXD+n/dZegvsrU0UIJY+YmgoyPRTP5MdEojuqDgZoQ","previousCounter":0,"rootKey":"LtdhHHQ4w9IXedlxhPgHDamsObbQjfVVG0WSCpbWMRc="},"indexInfo":{"baseKey":"BYmVzBNJ1SbEgAIELj0S9O6bqm/nzxY7nYqMzWAGQZVN","baseKeyType":1,"closed":-1,"used":1741601636833,"created":1741601636833,"remoteIdentityKey":"BVi8Rnqdv3yZjaGUBWFrBW/6ZL5q6a6ex3n5SOOFpjN7"},"_chains":{"BWZdwijoiKgy8LAmx8+ShBXrQ2vxO2E5L9m6AEu/4mkZ":{"chainKey":{"counter":1,"key":"DRh7Sc9JGNQ6DOHFoSAZ8GvWkPWPOYOtRVa9ygoK5cw="},"chainType":1,"messageKeys":{}}},"pendingPreKey":{"signedKeyId":8,"baseKey":"BYmVzBNJ1SbEgAIELj0S9O6bqm/nzxY7nYqMzWAGQZVN"}}},"version":"v1"}