{"_sessions":{"BWnUdhONyeDqHnOGtrbO07gYV4TYbQFdTdKZ0gclugxi":{"registrationId":997319904,"currentRatchet":{"ephemeralKeyPair":{"pubKey":"BQ9HOt4M3cjFOPg6B5LGEZsbfjKjkP/RZvgJJXmTqRgd","privKey":"+DkIgQ0oFgl45crMW3P+zFpU8FjRI8QK+kETd0Kolk8="},"lastRemoteEphemeralKey":"BZcu7AZa81Fi7RaAQu1t8iPBe2/7RMa9RAcgHI1bhK9u","previousCounter":0,"rootKey":"3eLzgHZ05Phbxjaj06QlYQHkqfMasxJGjB2Zg9r0wb0="},"indexInfo":{"baseKey":"BWnUdhONyeDqHnOGtrbO07gYV4TYbQFdTdKZ0gclugxi","baseKeyType":1,"closed":-1,"used":1741601636756,"created":1741601636756,"remoteIdentityKey":"BSNVVs2PCSgJbkThmhxDqVQ3FrpU3bJ4VsTugoTwVg17"},"_chains":{"BQ9HOt4M3cjFOPg6B5LGEZsbfjKjkP/RZvgJJXmTqRgd":{"chainKey":{"counter":0,"key":"xBLfLOBxf/HaWAMtSzMirHDTBcbl5RpCOvTJlvdk70s="},"chainType":1,"messageKeys":{}}},"pendingPreKey":{"signedKeyId":10,"baseKey":"BWnUdhONyeDqHnOGtrbO07gYV4TYbQFdTdKZ0gclugxi"}}},"version":"v1"}