{"_sessions":{"BQxV8Lc+PXMieUalRjVZJ+5TIYAEDN6Xz/4JGnHqMnVQ":{"registrationId":1652586800,"currentRatchet":{"ephemeralKeyPair":{"pubKey":"BZ8JfAprRLh+t2fDNZUgl6yA2T2ZRZD2Zf9cUrV6aXYS","privKey":"uKbACgdeIZpT8V2mWyyFY7vYJSNJSRwolAc+3kCSHXI="},"lastRemoteEphemeralKey":"BTsDH7M4+Rlxev9gqCiqHjEoqsrZmghpJmLmhOW1fP9q","previousCounter":0,"rootKey":"okv6LctfZ0EPTUhCZ7f+5OtbU3czYC2b9FLn9WvWzOc="},"indexInfo":{"baseKey":"BQxV8Lc+PXMieUalRjVZJ+5TIYAEDN6Xz/4JGnHqMnVQ","baseKeyType":1,"closed":-1,"used":1741601636817,"created":1741601636817,"remoteIdentityKey":"BS6Ps9s4dz299PgQ+ZxO5CsnofgfATS7vORo9ERywBks"},"_chains":{"BZ8JfAprRLh+t2fDNZUgl6yA2T2ZRZD2Zf9cUrV6aXYS":{"chainKey":{"counter":1,"key":"g+Ap8Ne8RPN1oOVjiEg7W4XwH9tGyjANyOeXHNAAgLM="},"chainType":1,"messageKeys":{}}},"pendingPreKey":{"signedKeyId":16,"baseKey":"BQxV8Lc+PXMieUalRjVZJ+5TIYAEDN6Xz/4JGnHqMnVQ"}}},"version":"v1"}