{"_sessions":{"BRwQZZRRQ5u2atsv55svtmN7snAsk1Kj0jnWFB5KXpcF":{"registrationId":408350029,"currentRatchet":{"ephemeralKeyPair":{"pubKey":"BZACkvDUXJRO3jPIsN7HTdy6AP5AYJoOg4Gwb6qi7e8Z","privKey":"AP3dln3mf9fG+tB3B6Rpwx2iTEIx5RL+ThdCC90aKk0="},"lastRemoteEphemeralKey":"BST+hcxlo3OQYh1XDtdorOB3+hAd/XyTI7JnGqa8fEYA","previousCounter":0,"rootKey":"cQBFGM5IpZuWY0b+h8bfh8BUgLKyKNstp7DOatoAmB8="},"indexInfo":{"baseKey":"BRwQZZRRQ5u2atsv55svtmN7snAsk1Kj0jnWFB5KXpcF","baseKeyType":1,"closed":-1,"used":1741601642090,"created":1741601642090,"remoteIdentityKey":"BQXK2I1gkKyfaEJvmoojzyAhZQdp4QMKX9KL8/ZUBwEK"},"_chains":{"BZACkvDUXJRO3jPIsN7HTdy6AP5AYJoOg4Gwb6qi7e8Z":{"chainKey":{"counter":0,"key":"NEy1bznf1ltG2ckh3lwkTyD0A+ywppzNWJBxDxJHxq0="},"chainType":1,"messageKeys":{}}},"pendingPreKey":{"signedKeyId":3,"baseKey":"BRwQZZRRQ5u2atsv55svtmN7snAsk1Kj0jnWFB5KXpcF","preKeyId":1824375}}},"version":"v1"}