{"_sessions":{"Be9kSjSGZHVml+sCAzOTcKzczHDfCuJ3Ilc6lpM5f649":{"registrationId":306625169,"currentRatchet":{"ephemeralKeyPair":{"pubKey":"BSDjFJ2GpKSGN21YLT0TH2limdyyMePOwvsUVPKkgexj","privKey":"cGHKgTnrw8RxCsW32NZBDdTPvlLS0puaKw8FVbLxHU8="},"lastRemoteEphemeralKey":"BWur/BYA4xFIACd1sh3vpBJW3n36EcO/snJvURMd++Ae","previousCounter":0,"rootKey":"Sm/B7YbA8aV6z4a75ubU18N0rF6bmRvIutdPtxYIkGY="},"indexInfo":{"baseKey":"Be9kSjSGZHVml+sCAzOTcKzczHDfCuJ3Ilc6lpM5f649","baseKeyType":1,"closed":-1,"used":1741601636830,"created":1741601636830,"remoteIdentityKey":"BVqm/+4jC6eY5m+w7Z6pgMXm1AYqSe5e9V19t2TuhREf"},"_chains":{"BSDjFJ2GpKSGN21YLT0TH2limdyyMePOwvsUVPKkgexj":{"chainKey":{"counter":1,"key":"gh9dSl0GX+8oxMEstPZ5tvYq3v/WiJ5S1vGjkIObJ54="},"chainType":1,"messageKeys":{}}},"pendingPreKey":{"signedKeyId":2,"baseKey":"Be9kSjSGZHVml+sCAzOTcKzczHDfCuJ3Ilc6lpM5f649","preKeyId":170372}}},"version":"v1"}