{"_sessions":{"BVw7Xd9M7mdIiVCHUm1xvafln+yHmwSVAE2LIrO+RbAF":{"registrationId":1296575181,"currentRatchet":{"ephemeralKeyPair":{"pubKey":"BQO8B4JrgmFE6bXAOJ22u9/ZVXZh+PLvBG+Ugsmn2M17","privKey":"WFnFnV4wqnKXE7uzMmnKjIjfLmFt0as32I08bqPvLHg="},"lastRemoteEphemeralKey":"BXqOyh/gMZFVYENqBRr17x7gwVAw3yh7VKjly+S4xe0p","previousCounter":0,"rootKey":"EcAxI75hlZ16CuwN2fbq9AAQnjm2ctNNY7CO6gr3fbg="},"indexInfo":{"baseKey":"BVw7Xd9M7mdIiVCHUm1xvafln+yHmwSVAE2LIrO+RbAF","baseKeyType":1,"closed":-1,"used":1741601641892,"created":1741601641892,"remoteIdentityKey":"BYbDq32VHpqf805nGLa1y+zC1k4XEdwarndleLsKJEAE"},"_chains":{"BQO8B4JrgmFE6bXAOJ22u9/ZVXZh+PLvBG+Ugsmn2M17":{"chainKey":{"counter":0,"key":"vnryyw50JsbHZ/haVMziveTiqqrFWXv26+qcLh6ZzDQ="},"chainType":1,"messageKeys":{}}},"pendingPreKey":{"signedKeyId":20,"baseKey":"BVw7Xd9M7mdIiVCHUm1xvafln+yHmwSVAE2LIrO+RbAF","preKeyId":4331717}}},"version":"v1"}