{"_sessions":{"BSl8C5ov2BIJO3Yza88syu5D0Wtojx+MHUC6DqvTeKEk":{"registrationId":1663929054,"currentRatchet":{"ephemeralKeyPair":{"pubKey":"BY1sdM4N99JKs6LhhmzsBmxgV/dqUkuK8NjvqhlIothU","privKey":"CD33749D4SeJDDlbxzo1ZP9yeIT0FbR2r50+horM83Y="},"lastRemoteEphemeralKey":"BTyrb5YCjxbTQrdM2yz3unbKscVwtmOEYjqbXfmGMzhC","previousCounter":0,"rootKey":"g16M26KNa2rlHb3W6gSnpwtNTM19UHVcaXRia2TiEvs="},"indexInfo":{"baseKey":"BSl8C5ov2BIJO3Yza88syu5D0Wtojx+MHUC6DqvTeKEk","baseKeyType":1,"closed":-1,"used":1741601636766,"created":1741601636766,"remoteIdentityKey":"BTOPPEQgZvjm7VDYOvhfkiCivw20rnw44nZ/+HqNbjYv"},"_chains":{"BY1sdM4N99JKs6LhhmzsBmxgV/dqUkuK8NjvqhlIothU":{"chainKey":{"counter":0,"key":"OkaEg60xXgWhIzyM054RMWiZQX/INj76n2yxQbO5aWY="},"chainType":1,"messageKeys":{}}},"pendingPreKey":{"signedKeyId":0,"baseKey":"BSl8C5ov2BIJO3Yza88syu5D0Wtojx+MHUC6DqvTeKEk","preKeyId":1715111}}},"version":"v1"}