{"_sessions":{"Bahd/TrYXScuQJ0K/j12VZTY/1Y8k2un2ouey4EtiW8p":{"registrationId":846338019,"currentRatchet":{"ephemeralKeyPair":{"pubKey":"BZa33MDU1BnC5nKsagtDZQQ3+sjEspEc6mEoL3zFsZ4J","privKey":"QKdBrwLnER7UcLj21s0/7ppBhU6ZcvxfCLOEj4XLoVY="},"lastRemoteEphemeralKey":"BX6O0obAhija1pWYIHbQBxcDUkBV03mCgTssRooaLRJs","previousCounter":0,"rootKey":"AGPr0TCjWAcC29UvGkCs6EPPydT4CM1nL9eZv0S7AI0="},"indexInfo":{"baseKey":"Bahd/TrYXScuQJ0K/j12VZTY/1Y8k2un2ouey4EtiW8p","baseKeyType":1,"closed":-1,"used":1741601636718,"created":1741601636718,"remoteIdentityKey":"Ber6VvgEzwrWTIndwhLBjWE4ZN9yO3kbbOQxIAhsyicX"},"_chains":{"BZa33MDU1BnC5nKsagtDZQQ3+sjEspEc6mEoL3zFsZ4J":{"chainKey":{"counter":1,"key":"VhbB1eya58iTetSB4wCfDJ2PqSvWRxX1VUifM8lwSh4="},"chainType":1,"messageKeys":{}}},"pendingPreKey":{"signedKeyId":3,"baseKey":"Bahd/TrYXScuQJ0K/j12VZTY/1Y8k2un2ouey4EtiW8p"}}},"version":"v1"}