{"_sessions":{"BaV81n0pmjwLVlScfmBek6oT4m7JTEr/YgLzYMXEIuY6":{"registrationId":441325154,"currentRatchet":{"ephemeralKeyPair":{"pubKey":"BQF7el8Gna/0bkeP9mDp02Wi00apU+XOeGPMMeXGTeJE","privKey":"CHEf3+/5WnMdQ3tfZgw22qgEJolnhLiObEB3wKW8Mn8="},"lastRemoteEphemeralKey":"BaunutevEAJC2geT3pf6LPfhCx+5ZpodXM1L9E2Bo48n","previousCounter":0,"rootKey":"JL1JdfT38/v0NIjVnOk1b7Y+p17pi0uwKrbJXM4D2Es="},"indexInfo":{"baseKey":"BaV81n0pmjwLVlScfmBek6oT4m7JTEr/YgLzYMXEIuY6","baseKeyType":1,"closed":-1,"used":1741602568514,"created":1741601639070,"remoteIdentityKey":"BQIsn1MVerihMSnaZjrH7J/cYlWzx51mTs8V0rdD4T4J"},"_chains":{"BaunutevEAJC2geT3pf6LPfhCx+5ZpodXM1L9E2Bo48n":{"chainKey":{"counter":0,"key":"/QekEPOJMKNXt8KZPgn0JDXsBhH5KkJaDRI6tEi8MgY="},"chainType":2,"messageKeys":{}},"BQF7el8Gna/0bkeP9mDp02Wi00apU+XOeGPMMeXGTeJE":{"chainKey":{"counter":-1,"key":"R/f4QqoZ3BoqLzSWDa8yFbrQ7QdV+fIYgcyYiy40uAY="},"chainType":1,"messageKeys":{}}}}},"version":"v1"}