{"_sessions":{"BSHQ6GpmlVdZMONmbsSehiwKCadVH6Aw/Pvwn8t1PzZy":{"registrationId":1668081932,"currentRatchet":{"ephemeralKeyPair":{"pubKey":"BXykQEkbaBCfE+suAb+v36a9j6dfuQFI+cf9NtZ74bUd","privKey":"SL3O2MSqnTNP6mVLpptrFeT65JYRqwjk/PgmR5tTQXo="},"lastRemoteEphemeralKey":"BZ0rJTe8ZltbUkIJ3x94gMdOestjpRAq+igzACHZ/pUa","previousCounter":0,"rootKey":"xrv/feIz3GuIJAtGrNMueaAt9uySTzeZcq5EkUAN+eg="},"indexInfo":{"baseKey":"BSHQ6GpmlVdZMONmbsSehiwKCadVH6Aw/Pvwn8t1PzZy","baseKeyType":1,"closed":-1,"used":1741601638928,"created":1741601638928,"remoteIdentityKey":"BaYLEt5NPVAgwciuqx4elK+LW1S24dclYEshKQv0I94w"},"_chains":{"BXykQEkbaBCfE+suAb+v36a9j6dfuQFI+cf9NtZ74bUd":{"chainKey":{"counter":0,"key":"gEU86oPwVPxIbpO+dbhbPEK7eRJke3+qVi9hLE8Y2xQ="},"chainType":1,"messageKeys":{}}},"pendingPreKey":{"signedKeyId":16241572,"baseKey":"BSHQ6GpmlVdZMONmbsSehiwKCadVH6Aw/Pvwn8t1PzZy","preKeyId":971}}},"version":"v1"}