{"_sessions":{"BR42MtS5PgcAaeNMnPlFbAY3gQ011sdz4CIqEhKhxhNF":{"registrationId":1390189221,"currentRatchet":{"ephemeralKeyPair":{"pubKey":"BdcsksVJWG4P5S7+nq0ih45Q9WIRJzS+9hIyVBu0RiRn","privKey":"4O+IfUwlGgYgzuJNd9SSbvQthFUKobkmW0URF9Kl1mw="},"lastRemoteEphemeralKey":"BZvDtwl6wxGQlHyiNtCMf+EggtHd4Zp/1CYFh4aHc1cE","previousCounter":0,"rootKey":"u/sa3VspkeQUiAMvcNxRd8bKXip+k0WUjEbk365eBh0="},"indexInfo":{"baseKey":"BR42MtS5PgcAaeNMnPlFbAY3gQ011sdz4CIqEhKhxhNF","baseKeyType":1,"closed":-1,"used":1741601641795,"created":1741601641795,"remoteIdentityKey":"BenfB+6sabzgl0yahAcKYZMgfTn3pAV+OAYI7XfqYdxZ"},"_chains":{"BdcsksVJWG4P5S7+nq0ih45Q9WIRJzS+9hIyVBu0RiRn":{"chainKey":{"counter":0,"key":"klR+RkVUUukgaMb8U1TIXj5RfsElHh1o3lHQutwRmoM="},"chainType":1,"messageKeys":{}}},"pendingPreKey":{"signedKeyId":49,"baseKey":"BR42MtS5PgcAaeNMnPlFbAY3gQ011sdz4CIqEhKhxhNF","preKeyId":5159050}}},"version":"v1"}