{"_sessions":{"BX4OqU68sTUHavGJiXRt5NdeE7r8nY82I13F2/uGSUsk":{"registrationId":401626197,"currentRatchet":{"ephemeralKeyPair":{"pubKey":"BUlaIRRsJBIM4fOqulMqONwcZR7o0zZroVvvBCbqveQn","privKey":"kJQ/8cJR0i0GFL3RDiKvLlJoOpE39O3ywR8oEIvPC2k="},"lastRemoteEphemeralKey":"BR3t/GmqQHXP7+F/PAZgJGBbxCQzNSQO7YGGIsRPOkE4","previousCounter":0,"rootKey":"Ytwk+0v6hZPgT7YCmtKZKZwfYsuTA5VYM7G1dVEIJCY="},"indexInfo":{"baseKey":"BX4OqU68sTUHavGJiXRt5NdeE7r8nY82I13F2/uGSUsk","baseKeyType":1,"closed":-1,"used":1741601639040,"created":1741601639040,"remoteIdentityKey":"BW8+q8xp324suBtfYfCgXR6LL9DjTam70WDd18qJzu1F"},"_chains":{"BUlaIRRsJBIM4fOqulMqONwcZR7o0zZroVvvBCbqveQn":{"chainKey":{"counter":0,"key":"/HmxSxshJpgsX295QQnnFdF4t2r7nbUSk2hrmHKc0QA="},"chainType":1,"messageKeys":{}}},"pendingPreKey":{"signedKeyId":17,"baseKey":"BX4OqU68sTUHavGJiXRt5NdeE7r8nY82I13F2/uGSUsk","preKeyId":9849494}}},"version":"v1"}