{"_sessions":{"BbpYisMIHma0emVfm5f6hDWzxss1x01C1/hDL4B4FHAr":{"registrationId":8628,"currentRatchet":{"ephemeralKeyPair":{"pubKey":"BR8Cg33WPYGQcqK6erk/30Q7NTR3mEJCo06oIEH98vpD","privKey":"oIT4dsvWlcQye1jUIsluYooIIerr9cr/dCpNYOsqGmw="},"lastRemoteEphemeralKey":"Bas6pVdCWCZ9jHN9ZKi7vyjPiSz1UYLcNpp4XOd6bLZV","previousCounter":0,"rootKey":"tu0oL2t4+GabKHjqJW4X/MC9g6xxjkbolXvWlEFeha0="},"indexInfo":{"baseKey":"BbpYisMIHma0emVfm5f6hDWzxss1x01C1/hDL4B4FHAr","baseKeyType":1,"closed":-1,"used":1741601641761,"created":1741601641761,"remoteIdentityKey":"BfLHB84FA0dfand7fhoZgGH7zNJl9pZLrreC94y+oxYF"},"_chains":{"BR8Cg33WPYGQcqK6erk/30Q7NTR3mEJCo06oIEH98vpD":{"chainKey":{"counter":0,"key":"8Fn2H0NMw1lx+aukuTwsLqmPfKJF6RdnXH62X6cTCYg="},"chainType":1,"messageKeys":{}}},"pendingPreKey":{"signedKeyId":1,"baseKey":"BbpYisMIHma0emVfm5f6hDWzxss1x01C1/hDL4B4FHAr","preKeyId":288}}},"version":"v1"}