{"_sessions":{"BYFnc0705qBxgbHCCOCzT25wacytm4z7RxHLhKEu0who":{"registrationId":1013495525,"currentRatchet":{"ephemeralKeyPair":{"pubKey":"BecHoomJZ1+/ehM8dpZ7TpryzQCWARhrLbY3hMnxOBlT","privKey":"AKPKxNSiBqbFhOfdyNZU1dk3nuXL+dizIue7aGBqFEs="},"lastRemoteEphemeralKey":"BagIfSNGwFbA2IaY6mdYSb88IidlBrx/ZXh9K6wvKiw9","previousCounter":0,"rootKey":"TNN0PF/n5Eq9aMY9U62HsSzJxNfH28totCE6h2gctf4="},"indexInfo":{"baseKey":"BYFnc0705qBxgbHCCOCzT25wacytm4z7RxHLhKEu0who","baseKeyType":1,"closed":-1,"used":1741601639469,"created":1741601639469,"remoteIdentityKey":"BTgfXZfnUyAqOfslk7Aw1GuDmuvAb8GYHreQhI6kmrIr"},"_chains":{"BecHoomJZ1+/ehM8dpZ7TpryzQCWARhrLbY3hMnxOBlT":{"chainKey":{"counter":0,"key":"eqh7dbHROXlICwpWUYus6IIn1XW4tvBfUDQR4OtpJE0="},"chainType":1,"messageKeys":{}}},"pendingPreKey":{"signedKeyId":0,"baseKey":"BYFnc0705qBxgbHCCOCzT25wacytm4z7RxHLhKEu0who","preKeyId":13139738}}},"version":"v1"}