{"_sessions":{"BY6CCzpZoucRI+POUlMe1qoStZTdsFlO/IRC2e8W63EV":{"registrationId":1146384051,"currentRatchet":{"ephemeralKeyPair":{"pubKey":"Bfrdd/Q9LCNhLGyqcuXX8rJKEETXaZm1GA8sTcDc5ih5","privKey":"CNvHftL+8Vy0BI/0PSON/x2CKjNQVMNis6gm68l0ZV4="},"lastRemoteEphemeralKey":"BbOwHF8DkrYA7QtsYY443CT+pQWBScvfMk1BaSXGJhBr","previousCounter":0,"rootKey":"rQirVkB6wN9dkX9DVbfcoEjtlSg9Oe3UNCZ0O3ikbNQ="},"indexInfo":{"baseKey":"BY6CCzpZoucRI+POUlMe1qoStZTdsFlO/IRC2e8W63EV","baseKeyType":2,"closed":-1,"used":1741599480752,"created":1741599480752,"remoteIdentityKey":"BXsFAE1qNPS/WEu9myksP9XNY+ONTWX3qgLtUSTCrkUL"},"_chains":{"BbOwHF8DkrYA7QtsYY443CT+pQWBScvfMk1BaSXGJhBr":{"chainKey":{"counter":0,"key":"4a1jDdXyts/FgY71g9SbJUiKASl+4zvaFCbWIvvE4x0="},"chainType":2,"messageKeys":{}},"Bfrdd/Q9LCNhLGyqcuXX8rJKEETXaZm1GA8sTcDc5ih5":{"chainKey":{"counter":1,"key":"cz5aVnxa8cyuJjWCwCS8jqg0Uo9Cq47NVeoQH/YVC5U="},"chainType":1,"messageKeys":{}}}}},"version":"v1"}