{"_sessions":{"Bce2if818f5sVz1ZIMbhlFx4GhaBFczuoB9DVxJkkMBO":{"registrationId":1981745998,"currentRatchet":{"ephemeralKeyPair":{"pubKey":"BQV1RInohCx6Y6wF2y7ViVwab3rScGU1toPLCOq0t51d","privKey":"iGQWf5d4KfOccrnGMZX60IrN8Vnuerv+SAsGP59XvUo="},"lastRemoteEphemeralKey":"BTN8c7oYXpU3ZKgv/NG3t9zPR7JNllq0DkOjpr+4iWRK","previousCounter":0,"rootKey":"40S2p+hbJ6nodmM7S3EhRQi50waw0BsyA+543twn+To="},"indexInfo":{"baseKey":"Bce2if818f5sVz1ZIMbhlFx4GhaBFczuoB9DVxJkkMBO","baseKeyType":1,"closed":-1,"used":1741601641956,"created":1741601641956,"remoteIdentityKey":"BWtyQSq0E8MbjRNyBjpv8nrVipXtlCCc+ihhU5THFsA/"},"_chains":{"BQV1RInohCx6Y6wF2y7ViVwab3rScGU1toPLCOq0t51d":{"chainKey":{"counter":0,"key":"7tvzv4ic3iJK0usccudo66KglUnAx2YpPWQlhm98qdc="},"chainType":1,"messageKeys":{}}},"pendingPreKey":{"signedKeyId":3688470,"baseKey":"Bce2if818f5sVz1ZIMbhlFx4GhaBFczuoB9DVxJkkMBO","preKeyId":9409}}},"version":"v1"}