{"_sessions":{"BcXfs0fSBfRFy/R8hxRUa6wApPgLUKZniYUV815ObAg+":{"registrationId":1423199733,"currentRatchet":{"ephemeralKeyPair":{"pubKey":"BW0Ol5VtBFwc/sxmo8Tg18dg1g203Xb/Bq/m+c+DA6A3","privKey":"mH3kdPObBTDduTUz2rkO8o/Y3reuDkBkKge7tpsJSn4="},"lastRemoteEphemeralKey":"BW2OHjezvlfWSi0KoA2x/q/2w+toqCSwFC8HOxKK439C","previousCounter":0,"rootKey":"JwB2HgbCijYJxzP8ZGPH6JtMHa1qJAL6w8x0dh78AFc="},"indexInfo":{"baseKey":"BcXfs0fSBfRFy/R8hxRUa6wApPgLUKZniYUV815ObAg+","baseKeyType":1,"closed":-1,"used":1741601636798,"created":1741601636798,"remoteIdentityKey":"BXZKr+4EYbtZTrZ2jXkSrXe/jeswD6EGXpD7vrEZcswc"},"_chains":{"BW0Ol5VtBFwc/sxmo8Tg18dg1g203Xb/Bq/m+c+DA6A3":{"chainKey":{"counter":1,"key":"3ZD4tTWfeOFBewDhzmhZTMZoAaZ6+cHsWkazsRz2TX8="},"chainType":1,"messageKeys":{}}},"pendingPreKey":{"signedKeyId":0,"baseKey":"BcXfs0fSBfRFy/R8hxRUa6wApPgLUKZniYUV815ObAg+"}}},"version":"v1"}