{"_sessions":{"BcmfsoN6GOLprMlAWaRqFCpUmqYgdkxw0TeSd5hNWgll":{"registrationId":531017036,"currentRatchet":{"ephemeralKeyPair":{"pubKey":"BeT5hgdnRWWRJUnOJWzX507eDsQCQCPC7tzSyah1/4I2","privKey":"aMteKULfbN/xsUlO8WrZSdQNDui+ZC3E+RvqWXntSEU="},"lastRemoteEphemeralKey":"BRshbzRsvl6OW+ZK0VjDYX+girPvcfztM5Wf4p3ux2Jv","previousCounter":0,"rootKey":"r7O8gjytjLBqaDgrSfiLOg05XoinhGqBGHCNu9ZDbEI="},"indexInfo":{"baseKey":"BcmfsoN6GOLprMlAWaRqFCpUmqYgdkxw0TeSd5hNWgll","baseKeyType":1,"closed":-1,"used":1741601636680,"created":1741601636680,"remoteIdentityKey":"BRSbFyPorj6xOYiHV/CoWC6ze3IBT4JBn1oO6Bj0WvZe"},"_chains":{"BeT5hgdnRWWRJUnOJWzX507eDsQCQCPC7tzSyah1/4I2":{"chainKey":{"counter":1,"key":"Jq2mLsVOJkoMkMLdWLhiYZD41GMbbcVY8R/0vvdoi9c="},"chainType":1,"messageKeys":{}}},"pendingPreKey":{"signedKeyId":4,"baseKey":"BcmfsoN6GOLprMlAWaRqFCpUmqYgdkxw0TeSd5hNWgll"}}},"version":"v1"}