{"_sessions":{"Be16RuazqL9dHGckGeI8iZn8evrrFZXbvoJXVTIrAY0R":{"registrationId":508320193,"currentRatchet":{"ephemeralKeyPair":{"pubKey":"BeU2BURyN3YdhkTz3DP4iA+Wgs0T/3IRRu6jcMQ6wuJ9","privKey":"GIo6LCynSmBkptsE26sGb3+JA2OdHN4yP9xF1ey1AlU="},"lastRemoteEphemeralKey":"BUSpXAQUJIqzI2B8VpWxCp5+EPjeAHBBFrj00Bf39FB3","previousCounter":0,"rootKey":"KA1macs+5R4Bb8uWqodUGJQ82rWzMr5uNdu6DdBNlnY="},"indexInfo":{"baseKey":"Be16RuazqL9dHGckGeI8iZn8evrrFZXbvoJXVTIrAY0R","baseKeyType":1,"closed":-1,"used":1741601639532,"created":1741601639532,"remoteIdentityKey":"BRU4jKpL7LZlQGBplonG/STTSoqUXWFjFunOcDA9sTlL"},"_chains":{"BeU2BURyN3YdhkTz3DP4iA+Wgs0T/3IRRu6jcMQ6wuJ9":{"chainKey":{"counter":0,"key":"9bKZHsIa8EiXnSLA3SwYNltG5G/m1Kufi/an3kkit6M="},"chainType":1,"messageKeys":{}}},"pendingPreKey":{"signedKeyId":2,"baseKey":"Be16RuazqL9dHGckGeI8iZn8evrrFZXbvoJXVTIrAY0R","preKeyId":6359052}}},"version":"v1"}