{"_sessions":{"BSElxOwhfHixqZxb/l+c8aaRBTXohXdmbaVGFZPPeAlO":{"registrationId":803587722,"currentRatchet":{"ephemeralKeyPair":{"pubKey":"Bb7iMTo+/64clxJ4gvaHtv2xCmhBYHT92nVxW/c2mbho","privKey":"WOdNJoasz2AZYnuTDacv9eoLKRbqrz3KkMqGysKZSW4="},"lastRemoteEphemeralKey":"BblxW1C4Mv1ULlfODni7iwfkh7nBkRD8ooiiUvb4u25u","previousCounter":0,"rootKey":"0oTaIvN5xRlYW010koVp6ox1u3h6cRRXYqEA/KMMfXE="},"indexInfo":{"baseKey":"BSElxOwhfHixqZxb/l+c8aaRBTXohXdmbaVGFZPPeAlO","baseKeyType":1,"closed":-1,"used":1741601633286,"created":1741601633286,"remoteIdentityKey":"BXTlAzcUgzjGxmcq/35HgbpMKZDv42EAJL0cHhXQCKdS"},"_chains":{"Bb7iMTo+/64clxJ4gvaHtv2xCmhBYHT92nVxW/c2mbho":{"chainKey":{"counter":0,"key":"s5RPXHc4Kgd/3KwUtSTr2yyk+tUVN1FKuXIqQsrSc9M="},"chainType":1,"messageKeys":{}}},"pendingPreKey":{"signedKeyId":4056214,"baseKey":"BSElxOwhfHixqZxb/l+c8aaRBTXohXdmbaVGFZPPeAlO","preKeyId":3159}}},"version":"v1"}