{"_sessions":{"BSlp2lWvI4JTS5TJfSJRbAimNRJ/ZHvWvB6KSE7qC+5y":{"registrationId":119662249,"currentRatchet":{"ephemeralKeyPair":{"pubKey":"BU0GffmB2JZG8mLyyZoNvHwV4A8N0Zt2UEMJPrz/YH8A","privKey":"qIh6OrqEGlqvUA0SC9ZeMhK8FIQXPEC8Cmoi1FQj0nQ="},"lastRemoteEphemeralKey":"BR83bEVgzAkFN7Ma22tDemOxuI5o0Rf7MwvVENrWz01h","previousCounter":0,"rootKey":"NfhwZrzPFO5IAllxMHABD1cctvLFbioBJbwp0xjhZvQ="},"indexInfo":{"baseKey":"BSlp2lWvI4JTS5TJfSJRbAimNRJ/ZHvWvB6KSE7qC+5y","baseKeyType":1,"closed":-1,"used":1741601639052,"created":1741601639052,"remoteIdentityKey":"BdNJY/4Ki9RVa1nVIulMKo23ZazeLAN19a9Lot3w4F4b"},"_chains":{"BU0GffmB2JZG8mLyyZoNvHwV4A8N0Zt2UEMJPrz/YH8A":{"chainKey":{"counter":0,"key":"d8IcZnkCsq9H4MexckyuuiEwRidsuMYx3aYBmq9ldtw="},"chainType":1,"messageKeys":{}}},"pendingPreKey":{"signedKeyId":40,"baseKey":"BSlp2lWvI4JTS5TJfSJRbAimNRJ/ZHvWvB6KSE7qC+5y","preKeyId":4803892}}},"version":"v1"}