{"_sessions":{"BZ/ZVfxfXcxmEx08uGIIFRWF30rdMlFGQttChMLdH7E4":{"registrationId":1618231286,"currentRatchet":{"ephemeralKeyPair":{"pubKey":"BQ+IjAcPrv37kxxXsH1Z4aHUTZa/zNctDxXCzXk3B0ZL","privKey":"4I16uNN8shjdsicyUZ491s+iReDWsWN9bxbTLg3c92Q="},"lastRemoteEphemeralKey":"BeUkC7ZMZUicm/BhcVFQD0VsSZeNhofADOVHdKHMGekU","previousCounter":0,"rootKey":"aGCAJYcy5lkLX5BrowpAeuJOXaiG5x9G0vayHco70n4="},"indexInfo":{"baseKey":"BZ/ZVfxfXcxmEx08uGIIFRWF30rdMlFGQttChMLdH7E4","baseKeyType":1,"closed":-1,"used":1741601639155,"created":1741601639155,"remoteIdentityKey":"BcMjFCNvYe0rcyuouNBchcGjNmo58XqVUFcQLQ3mBgdr"},"_chains":{"BQ+IjAcPrv37kxxXsH1Z4aHUTZa/zNctDxXCzXk3B0ZL":{"chainKey":{"counter":0,"key":"iKbhGt39uf49/+lUKPkXSGnNrnsKRx4wSQ7/zEz8QI0="},"chainType":1,"messageKeys":{}}},"pendingPreKey":{"signedKeyId":3,"baseKey":"BZ/ZVfxfXcxmEx08uGIIFRWF30rdMlFGQttChMLdH7E4","preKeyId":16384244}}},"version":"v1"}