{"_sessions":{"BUU5ETGPQj6/AIIiZfqbbCckwX3atLZlbgjXL875qRU+":{"registrationId":1578578527,"currentRatchet":{"ephemeralKeyPair":{"pubKey":"BURsQAyPjXYETFHNKFnhJixyBDGJiYvhQqL+vbid7xdM","privKey":"UPS28VimzmjOChghcXkPJr17nypGObYffSosF4o/Wmk="},"lastRemoteEphemeralKey":"BcHwfVSfqUt0F+h62BaEJkDDHI5OTAYxcIoDLretxZJO","previousCounter":0,"rootKey":"qRDnQG4y1BnbDKe9QWPDLO5T6vl6PRsipnMUMVBiLGs="},"indexInfo":{"baseKey":"BUU5ETGPQj6/AIIiZfqbbCckwX3atLZlbgjXL875qRU+","baseKeyType":1,"closed":-1,"used":1741601636748,"created":1741601636748,"remoteIdentityKey":"BYFkW44Fs8x/maeqbFHUkgBbV+P5A/cKqoXyx6cOkkUz"},"_chains":{"BURsQAyPjXYETFHNKFnhJixyBDGJiYvhQqL+vbid7xdM":{"chainKey":{"counter":1,"key":"T1wDPk1gTKH87JMl4CtJWN3WqM9pXeMgjYsk5EaQIEc="},"chainType":1,"messageKeys":{}}},"pendingPreKey":{"signedKeyId":0,"baseKey":"BUU5ETGPQj6/AIIiZfqbbCckwX3atLZlbgjXL875qRU+","preKeyId":8455273}}},"version":"v1"}