{"_sessions":{"BTs4by+O2h5rp1AZAXYjpXBe0aAiKUwJFxFc9zRCL9EF":{"registrationId":12377,"currentRatchet":{"ephemeralKeyPair":{"pubKey":"BetMitBvXx3CMt8jop8aVxMW27P2xoL7TD8hE93Fw9l8","privKey":"cNI/o6J/y/V1O3CgY16YrPwp8LifwEU/V6tKA5jwZGM="},"lastRemoteEphemeralKey":"BeuudMGaq8QwWHEFNJIipUZE+M1b9EGxUjlkGdBqBBU5","previousCounter":0,"rootKey":"e0R/lXra9HVRhFr70wdBRvnE3RE/6Ons0BFZL0/WJZk="},"indexInfo":{"baseKey":"BTs4by+O2h5rp1AZAXYjpXBe0aAiKUwJFxFc9zRCL9EF","baseKeyType":1,"closed":-1,"used":1741601641739,"created":1741601641739,"remoteIdentityKey":"BZUVTsd+VMhXhT2F90n/3UzObrtW7/Ck9ETs3zdJxIsV"},"_chains":{"BetMitBvXx3CMt8jop8aVxMW27P2xoL7TD8hE93Fw9l8":{"chainKey":{"counter":0,"key":"r2BQ0VXPIQ+BFFYLXgzOaZANXk+1tDgGuf2/NHzvb9I="},"chainType":1,"messageKeys":{}}},"pendingPreKey":{"signedKeyId":1,"baseKey":"BTs4by+O2h5rp1AZAXYjpXBe0aAiKUwJFxFc9zRCL9EF"}}},"version":"v1"}