{"_sessions":{"BZqAwH4nxNgV8WEGXE1XFfPQJ1yAIswFmFSoJdftXzF1":{"registrationId":2135094241,"currentRatchet":{"ephemeralKeyPair":{"pubKey":"BQuzluuvHQksKiR4tSVUWC3Qop1IsDYIV3rbzKTS3vgj","privKey":"2BXWAtDXsO4zO5KzsdNTvD98scFHoooCyZs40V6ZDFM="},"lastRemoteEphemeralKey":"BQgT9N/GRAW4cobuK1QzNOgFDpQigISlXcPGllW9qgdu","previousCounter":0,"rootKey":"L/f0eV/54FgxYILTY8kZMuqxWHYopqQkkiE5UCCRW74="},"indexInfo":{"baseKey":"BZqAwH4nxNgV8WEGXE1XFfPQJ1yAIswFmFSoJdftXzF1","baseKeyType":1,"closed":-1,"used":1741601636758,"created":1741601636758,"remoteIdentityKey":"BXRAfsOztZiuzer6gyiHEw0SHIeA9SejL+BHdZjsRHJo"},"_chains":{"BQuzluuvHQksKiR4tSVUWC3Qop1IsDYIV3rbzKTS3vgj":{"chainKey":{"counter":1,"key":"2A5Qd0eENk15CEwBWcUca9MfK29ji2o4ANlNkcloyek="},"chainType":1,"messageKeys":{}}},"pendingPreKey":{"signedKeyId":5,"baseKey":"BZqAwH4nxNgV8WEGXE1XFfPQJ1yAIswFmFSoJdftXzF1","preKeyId":16217615}}},"version":"v1"}