{"_sessions":{"BfBMHc4D5OtbuLmcYH7Q1S9mFE6cYOQlBJHSZf4Nask9":{"registrationId":420191797,"currentRatchet":{"ephemeralKeyPair":{"pubKey":"BcM6lM000ckFnVD5mhJJZSIOiHZ/HWtGr7glBJ04I1lS","privKey":"OMAWUSeamRP0wEb1jMdlqwUu0BTiJNIxKsLnOAImEVk="},"lastRemoteEphemeralKey":"BamshH4YKh8Jwf84cxxXZaanq22YPlz38CCyHCWzefok","previousCounter":0,"rootKey":"5YZDCT3U9FVSgd6XoUOzVxbWFxPolH1wyk9YGKn74Qs="},"indexInfo":{"baseKey":"BfBMHc4D5OtbuLmcYH7Q1S9mFE6cYOQlBJHSZf4Nask9","baseKeyType":1,"closed":-1,"used":1741601639104,"created":1741601639104,"remoteIdentityKey":"BR5I4C4VMC8D9+GrOaCebvtJw8Fk1XUb+57V7G/ZT198"},"_chains":{"BcM6lM000ckFnVD5mhJJZSIOiHZ/HWtGr7glBJ04I1lS":{"chainKey":{"counter":0,"key":"tmQk41EsEvb/G6fvs7WjGClDArpQEJZ2Z/8uZ4p14QE="},"chainType":1,"messageKeys":{}}},"pendingPreKey":{"signedKeyId":9,"baseKey":"BfBMHc4D5OtbuLmcYH7Q1S9mFE6cYOQlBJHSZf4Nask9","preKeyId":7451973}}},"version":"v1"}