{"_sessions":{"Bf5fp18FkkBRJ9QcRHebI5oaKHLEAtLQ+Wsan/zHafsC":{"registrationId":432012654,"currentRatchet":{"ephemeralKeyPair":{"pubKey":"BSsojnXERVwQ67iNlEbZWtJMSMBgHh82hsNkjgMZc+E4","privKey":"6FQyLnbweWhCUAFQQxXZUVx6SwFScVcf8XFH7ESj21k="},"lastRemoteEphemeralKey":"Bdf2yfN1RpKUIKQoQpV0qtKYFbJocXVjZ0HRlQ+9zXFL","previousCounter":0,"rootKey":"GlMas72R41Ga1pT3oB4M+uqMia35/xjwoSY8YEo/V0c="},"indexInfo":{"baseKey":"Bf5fp18FkkBRJ9QcRHebI5oaKHLEAtLQ+Wsan/zHafsC","baseKeyType":1,"closed":-1,"used":1741601636660,"created":1741601636660,"remoteIdentityKey":"BeEluC3WkYi1bxG66ySw540FyP0AzOJsMzn4f8S1bDVK"},"_chains":{"BSsojnXERVwQ67iNlEbZWtJMSMBgHh82hsNkjgMZc+E4":{"chainKey":{"counter":1,"key":"Q8BbBIEJMt+gtIA4a7JT0sgIJVEr2Yt8fvlk5ZStDIs="},"chainType":1,"messageKeys":{}}},"pendingPreKey":{"signedKeyId":0,"baseKey":"Bf5fp18FkkBRJ9QcRHebI5oaKHLEAtLQ+Wsan/zHafsC"}}},"version":"v1"}