{"_sessions":{"Bfd0ik5EwqdFjwUJQH5H7t6muw/p6yV4USSQuo9XV4Rd":{"registrationId":343707031,"currentRatchet":{"ephemeralKeyPair":{"pubKey":"BcghYGxaRtgGOaJG5NM/w0yB9gSVSUfyaaX9lc9Zvq0z","privKey":"iOD3hNJEpIztrbsI8b0C0oWrmVshIayyi99bRaTVfmg="},"lastRemoteEphemeralKey":"Bbvf2SCPBomQpSBjQECoKZyymSYsXggY0pdpW5D8ff8M","previousCounter":0,"rootKey":"2XSUckUVb7JJMAgz+RDxL8fb5MAAMHzKigFDe4GgOpQ="},"indexInfo":{"baseKey":"Bfd0ik5EwqdFjwUJQH5H7t6muw/p6yV4USSQuo9XV4Rd","baseKeyType":2,"closed":-1,"used":1741599787865,"created":1741599787865,"remoteIdentityKey":"BRBaQQC+QfxKlTQjMp3uWgENo/NjFsyybKDd9v60pF4g"},"_chains":{"Bbvf2SCPBomQpSBjQECoKZyymSYsXggY0pdpW5D8ff8M":{"chainKey":{"counter":2,"key":"XXGM3oF61K/o69Y+osjybfy8xMNc1HgTwEGBCPYCvOU="},"chainType":2,"messageKeys":{}},"BcghYGxaRtgGOaJG5NM/w0yB9gSVSUfyaaX9lc9Zvq0z":{"chainKey":{"counter":1,"key":"HqF6A+QplDbJd2WG7l4tZfPIpBD0x4VzVKtTHqgQxoY="},"chainType":1,"messageKeys":{}}}}},"version":"v1"}