{"_sessions":{"BTpKe0SbIYcm3pbt4i1H7mK8XFx6HXaYn4ytULC59dRr":{"registrationId":2111572608,"currentRatchet":{"ephemeralKeyPair":{"pubKey":"BXnYXqmvD4qswBsw2kbQVAJdydovf0vp8MjeDX8JKLpX","privKey":"MGvqoMpOOZ+Je/AO6bLmYuVajtxjZppXYa0i4fTghXQ="},"lastRemoteEphemeralKey":"Bep+NKxH8W3y0ubf8NEpyBrWeu0Co/VR6u/KpVoq3z46","previousCounter":0,"rootKey":"IGs9Rae6QiggwEzRjnwpnDy8Edg6s103N1P75Fm3kT4="},"indexInfo":{"baseKey":"BTpKe0SbIYcm3pbt4i1H7mK8XFx6HXaYn4ytULC59dRr","baseKeyType":1,"closed":-1,"used":1741601641985,"created":1741601641985,"remoteIdentityKey":"BQqK32AGkCBfKVAtD3rFOTsgbRhP6XriX8Gvmt/6LABT"},"_chains":{"BXnYXqmvD4qswBsw2kbQVAJdydovf0vp8MjeDX8JKLpX":{"chainKey":{"counter":0,"key":"6oClybehaS79E7kiCto8YaFGyKof2ZWxRYASaL3cmsE="},"chainType":1,"messageKeys":{}}},"pendingPreKey":{"signedKeyId":16,"baseKey":"BTpKe0SbIYcm3pbt4i1H7mK8XFx6HXaYn4ytULC59dRr","preKeyId":15929522}}},"version":"v1"}