{"_sessions":{"BfRme+ZHOUIeKfNTY0uh/b/c7cb5US5hDUlespo/aH5s":{"registrationId":1922104352,"currentRatchet":{"ephemeralKeyPair":{"pubKey":"BRudsy1fW238rXslY+tcUBelutpKwprFqUwVqJ/UfEFN","privKey":"mN3mKqn8NCHXJyuH8JdiKFAjVDfGIJIr72+sM98x11M="},"lastRemoteEphemeralKey":"BSA4NtDQWUYzZPwx5Oz+9Hac4qbm7hROc7onboTPXgFU","previousCounter":0,"rootKey":"K9QuinbR+3nxvcFaU4w1QZhuQJUF9RpTuZnNEriEYgc="},"indexInfo":{"baseKey":"BfRme+ZHOUIeKfNTY0uh/b/c7cb5US5hDUlespo/aH5s","baseKeyType":1,"closed":-1,"used":1741601636705,"created":1741601636705,"remoteIdentityKey":"BfA7lELv8a17Ia/X7HbcYmlIb1uPu9BIBlwTv4o8hkUB"},"_chains":{"BRudsy1fW238rXslY+tcUBelutpKwprFqUwVqJ/UfEFN":{"chainKey":{"counter":1,"key":"8ayuR5sqxqOVADvEHwgKkygYIEgveDvoUf5LdPUGQl8="},"chainType":1,"messageKeys":{}}},"pendingPreKey":{"signedKeyId":15,"baseKey":"BfRme+ZHOUIeKfNTY0uh/b/c7cb5US5hDUlespo/aH5s","preKeyId":1755547}}},"version":"v1"}