{"_sessions":{"Bb9gWi3KdLgwq/Xz4VUaWfiJKeKmZGi3Tg+8P5GjuEdd":{"registrationId":1529782954,"currentRatchet":{"ephemeralKeyPair":{"pubKey":"BYRlQ4AJgbVQhwGs6peoqD5TOccyh8R/5cTZjbajC7oe","privKey":"IKNJ0CR7oCGtbLyOUhz4QXLOXbCwr6nuZw42x2lSxW0="},"lastRemoteEphemeralKey":"BbMWfv/a2N/qsfV5H8ymUtLThoA6+VxTSVI/Z8RyXvYv","previousCounter":0,"rootKey":"6HLjjSIu9l7cGr2sMZKscefmUajndi+SpIbmGm2SO0M="},"indexInfo":{"baseKey":"Bb9gWi3KdLgwq/Xz4VUaWfiJKeKmZGi3Tg+8P5GjuEdd","baseKeyType":1,"closed":-1,"used":1741601639497,"created":1741601639497,"remoteIdentityKey":"BbtcH7lZIZmrhNRYjW4MDd3PpvQ2UdU329wydtbyJtQm"},"_chains":{"BYRlQ4AJgbVQhwGs6peoqD5TOccyh8R/5cTZjbajC7oe":{"chainKey":{"counter":0,"key":"4rlZzT6wZgkOMkG4qPQcgKAgBI1sEOvvrcbMHzQYwTI="},"chainType":1,"messageKeys":{}}},"pendingPreKey":{"signedKeyId":14,"baseKey":"Bb9gWi3KdLgwq/Xz4VUaWfiJKeKmZGi3Tg+8P5GjuEdd","preKeyId":7322548}}},"version":"v1"}