{"_sessions":{"BfTdzBVTHCj7hEbKU9iYYRhz6xKPcYMQdUODHhliJOo4":{"registrationId":1556067065,"currentRatchet":{"ephemeralKeyPair":{"pubKey":"BTmUGhuafbTGPy/GGCx8iFVHXHK3ny2lvqNfAw56vglh","privKey":"+C8b1WEk+Y9jTXf1DH2CcM1OUf+3V5IyugSEY2W2JmI="},"lastRemoteEphemeralKey":"BcZrZVRVVjUazhglvzTV1yqazJYs2CkWyh7Ki5VM2bx8","previousCounter":0,"rootKey":"zJYkvyGqMOlvGXnxN1kzhxSouUqjaG1EYMoOCRuYO2o="},"indexInfo":{"baseKey":"BfTdzBVTHCj7hEbKU9iYYRhz6xKPcYMQdUODHhliJOo4","baseKeyType":1,"closed":-1,"used":1741601639003,"created":1741601639003,"remoteIdentityKey":"BTvA0JYACazhjA69ZgORa6+gFXxdMwxAX0nkMEyVVP1s"},"_chains":{"BTmUGhuafbTGPy/GGCx8iFVHXHK3ny2lvqNfAw56vglh":{"chainKey":{"counter":0,"key":"oO5sj5A73lgfUv/V9qobq9BVbYiQRMvChNCe1VXg7MQ="},"chainType":1,"messageKeys":{}}},"pendingPreKey":{"signedKeyId":16,"baseKey":"BfTdzBVTHCj7hEbKU9iYYRhz6xKPcYMQdUODHhliJOo4","preKeyId":4476660}}},"version":"v1"}