{"_sessions":{"BZtqOSLb/rrVDl1fxuX1mescunsFE+1qyNPOhs5PkZEG":{"registrationId":1483282863,"currentRatchet":{"ephemeralKeyPair":{"pubKey":"BZ7y6Oc1OqAOBRgxMZTbjVGHmXQ+bzeVNRx0grcpPzER","privKey":"+MGGG0yCoOrnveBokFl3mqG20vwVcS/UBhYn6kl2U3Y="},"lastRemoteEphemeralKey":"BZrrrfmFgmMljn0HpSBtw/39mZMyYDY8sYs+PgrExQYB","previousCounter":0,"rootKey":"YdzdlQ6UHsQyFe7IOTd32Oo446B8lu+T/nU7rLohEUw="},"indexInfo":{"baseKey":"BZtqOSLb/rrVDl1fxuX1mescunsFE+1qyNPOhs5PkZEG","baseKeyType":1,"closed":-1,"used":1741604918481,"created":1741601639506,"remoteIdentityKey":"Bf89EM63WbE2/V5UxexT8xqKEiDsF/KUSosAJGwlh75N"},"_chains":{"BZrrrfmFgmMljn0HpSBtw/39mZMyYDY8sYs+PgrExQYB":{"chainKey":{"counter":0,"key":"LCdrjnC60xARD9hUp5A8KidSHBqb9DBALmFs4J82nwA="},"chainType":2,"messageKeys":{}},"BZ7y6Oc1OqAOBRgxMZTbjVGHmXQ+bzeVNRx0grcpPzER":{"chainKey":{"counter":-1,"key":"cJ+HvMtqv/YqAyBMdwFf9mi9G/MNta7eHiq/hDfmpuE="},"chainType":1,"messageKeys":{}}}}},"version":"v1"}