{"_sessions":{"BTEZUgrkqoMY6wAfyn6z8tX7AQWmjImSGsMlgGNcAvor":{"registrationId":41971822,"currentRatchet":{"ephemeralKeyPair":{"pubKey":"BXKIQgTo6vP82ChQTZ+ZWEfMAdVi5hHbSdhkUg2eaGFE","privKey":"cBKvrbGu8ZS4zEehlAEjsUNVHhze3n6gCLX98t8LAFQ="},"lastRemoteEphemeralKey":"BVY+lXW/WgmtuZf+uSCYx2UQouWn0PQY27JNfReMk5IJ","previousCounter":0,"rootKey":"z8XKIlErvB4kI3erVQzbDyBJEwPVnmc017Bc6d9UA/w="},"indexInfo":{"baseKey":"BTEZUgrkqoMY6wAfyn6z8tX7AQWmjImSGsMlgGNcAvor","baseKeyType":1,"closed":-1,"used":1741601641920,"created":1741601641920,"remoteIdentityKey":"BUvdu/CqPR5D8B4DelzD40j0+cRYvz2Htyzc/yqq0J5P"},"_chains":{"BXKIQgTo6vP82ChQTZ+ZWEfMAdVi5hHbSdhkUg2eaGFE":{"chainKey":{"counter":0,"key":"Z1V5nVKgTGdL9hsL0U4p6NrUqV8CgE28FBZOAc468Yc="},"chainType":1,"messageKeys":{}}},"pendingPreKey":{"signedKeyId":0,"baseKey":"BTEZUgrkqoMY6wAfyn6z8tX7AQWmjImSGsMlgGNcAvor"}}},"version":"v1"}