{"_sessions":{"BU0mrRCDkK79p5MsFccL3pCc2uWgIcTaEn5iE3s7iFZD":{"registrationId":304308244,"currentRatchet":{"ephemeralKeyPair":{"pubKey":"Ba+1eCUBX/GE2IWuRHtR4rbMzZW2r/xARtVFkOGoje9f","privKey":"6PHbdIKG3RVKd3Glc2g3ZXFv3UMyyVwlE1VywzkC61Y="},"lastRemoteEphemeralKey":"BbfMRoEZfS0Q+ivkRaxomLxY8Oa+EEONmrq1lGZdoXM7","previousCounter":0,"rootKey":"SKgeEPwNgQTqqdJHgkkX2g+CXxuRM25vWJOxStB4V8M="},"indexInfo":{"baseKey":"BU0mrRCDkK79p5MsFccL3pCc2uWgIcTaEn5iE3s7iFZD","baseKeyType":1,"closed":-1,"used":1741601636839,"created":1741601636839,"remoteIdentityKey":"BXqXtraLkmdIjOj3j+M3P243eErEQJm4tZbkjQgbctEt"},"_chains":{"Ba+1eCUBX/GE2IWuRHtR4rbMzZW2r/xARtVFkOGoje9f":{"chainKey":{"counter":1,"key":"csuwy1Za6lD6xzpqMEvlhPZTyURWBFBE+iXlZvrMWMI="},"chainType":1,"messageKeys":{}}},"pendingPreKey":{"signedKeyId":2,"baseKey":"BU0mrRCDkK79p5MsFccL3pCc2uWgIcTaEn5iE3s7iFZD","preKeyId":4854761}}},"version":"v1"}