{"_sessions":{"BU+E2QxxjNVPe2ra19iCTlIoO+aATfTJWPdKHcL/FQ8J":{"registrationId":247188109,"currentRatchet":{"ephemeralKeyPair":{"pubKey":"BSldCj15eb8cQV9a7kQZgserS8ioCIjai+OHwYiPuPs3","privKey":"+BTF/NAinY9OXvNUjTOm6z2G1k0aiM55E2q6ImdOKW8="},"lastRemoteEphemeralKey":"BbIG9jKK8v03+ZK9Gh9MQjyVn4VH4BxWu41ET7i31F9q","previousCounter":0,"rootKey":"p1Z1I4DZBkJbxSHOJFxQxFJXhys15LHedN0sld9m18c="},"indexInfo":{"baseKey":"BU+E2QxxjNVPe2ra19iCTlIoO+aATfTJWPdKHcL/FQ8J","baseKeyType":1,"closed":-1,"used":1741601636738,"created":1741601636738,"remoteIdentityKey":"Bbf/M8savT8TCkoty+1x3L99zVdCtQZ0NnUBKUtR0w8J"},"_chains":{"BSldCj15eb8cQV9a7kQZgserS8ioCIjai+OHwYiPuPs3":{"chainKey":{"counter":1,"key":"solqTEI0dovoi2A2Fe7OAsldXFaxKfBNQvBmWOwItN0="},"chainType":1,"messageKeys":{}}},"pendingPreKey":{"signedKeyId":0,"baseKey":"BU+E2QxxjNVPe2ra19iCTlIoO+aATfTJWPdKHcL/FQ8J","preKeyId":15168527}}},"version":"v1"}