{"_sessions":{"BUvYz9+bmwLIL04C2y7XVyHr2stu1vGKBaSBEpMX0Xx4":{"registrationId":2069637764,"currentRatchet":{"ephemeralKeyPair":{"pubKey":"BWWJfpafrOt1isAOEKhPKndKAWHZcD4E8SBnDhvkD/J0","privKey":"WHWijxPZQ1NOwh1csBixwDXs0uILUdoD4C3s3LHBZX8="},"lastRemoteEphemeralKey":"BSy0pnAW37Z/qHid3PqYD6th80Nomd1MIq6BE/qb63Yg","previousCounter":0,"rootKey":"2SPnlQZeSveZEWUhEQ4ZRCzMa8pOo9CeVgRM06pccWA="},"indexInfo":{"baseKey":"BUvYz9+bmwLIL04C2y7XVyHr2stu1vGKBaSBEpMX0Xx4","baseKeyType":1,"closed":-1,"used":1741601639067,"created":1741601639067,"remoteIdentityKey":"BbhOU0Q1UyoSMLpo58wbkN1ttDLHPlfGwliKWnncz+xz"},"_chains":{"BWWJfpafrOt1isAOEKhPKndKAWHZcD4E8SBnDhvkD/J0":{"chainKey":{"counter":0,"key":"+Qm/X9IbGDTSWFu+kuFm4nQw3eX7P2MgcQ6caLJPzG4="},"chainType":1,"messageKeys":{}}},"pendingPreKey":{"signedKeyId":32,"baseKey":"BUvYz9+bmwLIL04C2y7XVyHr2stu1vGKBaSBEpMX0Xx4","preKeyId":9164573}}},"version":"v1"}