{"_sessions":{"BYgTCVqEww4rfJvzZpv8AsQ0K2MpLpwNuRk70tPaSQc+":{"registrationId":818542484,"currentRatchet":{"ephemeralKeyPair":{"pubKey":"Be38xzKcf+s+Tnz1Huq+8cUqSckoSL0lKAmyC8EXMvVm","privKey":"sOR5S6Y47tq+/0/9AZ0Y/eZUlDwD3Vf0gXHw9RBffG0="},"lastRemoteEphemeralKey":"BRkr4BUwnUVHb9+2T9HAKOkcdUDe3IM4EtbhBh3uNbIO","previousCounter":0,"rootKey":"ANf51vVk09/96AphIah0OZM5Jua25uyyI+DvlZamUvE="},"indexInfo":{"baseKey":"BYgTCVqEww4rfJvzZpv8AsQ0K2MpLpwNuRk70tPaSQc+","baseKeyType":1,"closed":-1,"used":1741602251956,"created":1741601639453,"remoteIdentityKey":"BXcd3t+jPQSgTs00tl6VKvUxLEwnQJ2Y9xJfW0Z+bIY+"},"_chains":{"BRkr4BUwnUVHb9+2T9HAKOkcdUDe3IM4EtbhBh3uNbIO":{"chainKey":{"counter":0,"key":"7EdakIeCUEQfdxvTxPOuAeWzqzqIEnDK8j9fADJNv5U="},"chainType":2,"messageKeys":{}},"Be38xzKcf+s+Tnz1Huq+8cUqSckoSL0lKAmyC8EXMvVm":{"chainKey":{"counter":-1,"key":"B0SFj4377g9uVbqWb17sUWQQfGJ+bc9LCTLhBUamv14="},"chainType":1,"messageKeys":{}}}}},"version":"v1"}