{"_sessions":{"BREze6iYdJoWgtdtajQ+9O8/gJ7n6be/RBOZ4qLVEKwL":{"registrationId":1353177706,"currentRatchet":{"ephemeralKeyPair":{"pubKey":"BdZn32uA7NI6b+E4VLfsD0TQg1z0Gf1j4TfTbnmA3+ds","privKey":"QP1ipFB92c88ASBwV07tHi4UQUVJlFMgAwB8pSsDcm0="},"lastRemoteEphemeralKey":"BSjtwW0Qzz1y+akdxDNbS5m+PzcoBLNvR5qql/E6mCgb","previousCounter":0,"rootKey":"wdJb41aZY48affqm6fq4+EHMUs8oFJt5wwrHX+fN/9Q="},"indexInfo":{"baseKey":"BREze6iYdJoWgtdtajQ+9O8/gJ7n6be/RBOZ4qLVEKwL","baseKeyType":1,"closed":-1,"used":1741601638987,"created":1741601638987,"remoteIdentityKey":"BatZTkRQuGF5yCeePtIW6RoOnjZklMOpPMElE030wBJu"},"_chains":{"BdZn32uA7NI6b+E4VLfsD0TQg1z0Gf1j4TfTbnmA3+ds":{"chainKey":{"counter":0,"key":"T8HfJdOUK9qQ1NGHNy2OtfTErTaCxSQf3yp0iMdyvis="},"chainType":1,"messageKeys":{}}},"pendingPreKey":{"signedKeyId":20,"baseKey":"BREze6iYdJoWgtdtajQ+9O8/gJ7n6be/RBOZ4qLVEKwL","preKeyId":8802890}}},"version":"v1"}