{"_sessions":{"BXtxB/0Qh2MRRIWG1w5SSIedcvaqT32HOprSYb71W7Ib":{"registrationId":673589149,"currentRatchet":{"ephemeralKeyPair":{"pubKey":"BZ2L3/qRODOPSmQzbBbVvzm8FX6+lKywHZVrde2L+1p5","privKey":"sDsSHfRMDITB2noN1rB6JV9rLOjgMV1fWM7cefqNSl4="},"lastRemoteEphemeralKey":"BWkuAfm/eWfX6opZyzcf0nxWV/ErnUOSNXhmv2xzzBNP","previousCounter":0,"rootKey":"roLDAnezhn6C2uvOtNV8oge0zfQngOYzpAT62Gy40Wk="},"indexInfo":{"baseKey":"BXtxB/0Qh2MRRIWG1w5SSIedcvaqT32HOprSYb71W7Ib","baseKeyType":1,"closed":-1,"used":1741601641947,"created":1741601641947,"remoteIdentityKey":"BRH89HYniPDvtxLXXw5ti3JfB/PxUwLVbzQG+qfRGmZR"},"_chains":{"BZ2L3/qRODOPSmQzbBbVvzm8FX6+lKywHZVrde2L+1p5":{"chainKey":{"counter":0,"key":"6YCKl42XH71op5LYyHFqs3BTt46fyJdLh8wIQsKf/B0="},"chainType":1,"messageKeys":{}}},"pendingPreKey":{"signedKeyId":0,"baseKey":"BXtxB/0Qh2MRRIWG1w5SSIedcvaqT32HOprSYb71W7Ib"}}},"version":"v1"}