{"_sessions":{"BYIFq0e13IyeKCxxfyCa+awComUI5Trom2QXy/OqcBZc":{"registrationId":1247530851,"currentRatchet":{"ephemeralKeyPair":{"pubKey":"BRm/ICo2w0cl8w+pYZlKCVb32fP7eommJilRgLWJtZRJ","privKey":"2OaLmV5RaLQesZlIzfioWXxwt7NOCeNO+lYGl+4rtUg="},"lastRemoteEphemeralKey":"BSxAtmoDjD/4sE4z5pPe471qV/iyj0LOKQmguv1iRXAv","previousCounter":0,"rootKey":"XC8a2Fm2Z6kkENHfUkcoZPHSh9vjJTB55dfV41nu0Go="},"indexInfo":{"baseKey":"BYIFq0e13IyeKCxxfyCa+awComUI5Trom2QXy/OqcBZc","baseKeyType":1,"closed":-1,"used":1741601639491,"created":1741601639491,"remoteIdentityKey":"BdgTld6kVAsE91KWUKYTPBzkkrPgle8oyq0gJJ16ytco"},"_chains":{"BRm/ICo2w0cl8w+pYZlKCVb32fP7eommJilRgLWJtZRJ":{"chainKey":{"counter":0,"key":"NxfikQuie1vOCYglDNW60904jecsHY/HeqatUjtaO5g="},"chainType":1,"messageKeys":{}}},"pendingPreKey":{"signedKeyId":14,"baseKey":"BYIFq0e13IyeKCxxfyCa+awComUI5Trom2QXy/OqcBZc","preKeyId":14167080}}},"version":"v1"}