{"_sessions":{"Ba6LQykl/bDmHX1DtGFMP79nJQ/A3Ny++WCYaZfycpp2":{"registrationId":2100096596,"currentRatchet":{"ephemeralKeyPair":{"pubKey":"BU0oir8w1HfvqNE2s3Wp7yh8RPk+Z4LLTnioMvZUBoBS","privKey":"WLDprXGFaaObs1ixGb9gSppvmsWluVT6VbxfuS9+d00="},"lastRemoteEphemeralKey":"BSq2j2ZEnUw1GuXPBJzbcu8w7s58c92U/GuQQjW+nNQs","previousCounter":0,"rootKey":"oG+01/fM0/0HpJW8XfBVyCzGwjRIlyqgXjox+TltGYc="},"indexInfo":{"baseKey":"Ba6LQykl/bDmHX1DtGFMP79nJQ/A3Ny++WCYaZfycpp2","baseKeyType":1,"closed":-1,"used":1741601636850,"created":1741601636850,"remoteIdentityKey":"BTPCZYqoAvsqCrdk2ryfso2lWxZbHrpNfPrIFuVTX1kS"},"_chains":{"BU0oir8w1HfvqNE2s3Wp7yh8RPk+Z4LLTnioMvZUBoBS":{"chainKey":{"counter":0,"key":"iaOltfc3ToxX1g2kg8LgPLEuXnrNtS6bT/i4cN01leg="},"chainType":1,"messageKeys":{}}},"pendingPreKey":{"signedKeyId":3,"baseKey":"Ba6LQykl/bDmHX1DtGFMP79nJQ/A3Ny++WCYaZfycpp2","preKeyId":15429752}}},"version":"v1"}