{"_sessions":{"BT2stzQoWClIX1XQbItnCwEmCACjPJBJRdQc7/nWL74j":{"registrationId":927489156,"currentRatchet":{"ephemeralKeyPair":{"pubKey":"BQSf+mtbeVUnO9x+LoC9Se+j5sovsgpwMZV7tdpUTdET","privKey":"OBKUfXU8+Wbt5ey/bYm7kCaoaiJrVOG0PMQMumhaano="},"lastRemoteEphemeralKey":"BS6+rxddNeah0DlEFMVpHw+KvfJDoeiyfs/OKQx7uk1f","previousCounter":0,"rootKey":"+423BbCPNXR5Iv0Q4iHSPFWkkjVHfDxdJrAST9Ns34M="},"indexInfo":{"baseKey":"BT2stzQoWClIX1XQbItnCwEmCACjPJBJRdQc7/nWL74j","baseKeyType":1,"closed":-1,"used":1741601636763,"created":1741601636763,"remoteIdentityKey":"BQuw/WW6uM4wFoQKszBSA4DgRs+qTXhN3NCy4vcMMmx+"},"_chains":{"BQSf+mtbeVUnO9x+LoC9Se+j5sovsgpwMZV7tdpUTdET":{"chainKey":{"counter":1,"key":"uC7ZwyGbIToQiu7dihG9em0dN0e8hOoz6Ik9Nxb01sE="},"chainType":1,"messageKeys":{}}},"pendingPreKey":{"signedKeyId":9,"baseKey":"BT2stzQoWClIX1XQbItnCwEmCACjPJBJRdQc7/nWL74j","preKeyId":5079140}}},"version":"v1"}