{"_sessions":{"BSPaJovGs/aL8prBDTohVDUb5YK6AO9+1uyDeonMzRJS":{"registrationId":1529908716,"currentRatchet":{"ephemeralKeyPair":{"pubKey":"BbH+Qp86Ab/aUaHVHPvGAgNqnenJZOkDv93zat9UQhdK","privKey":"UNtLU92Xe9u/qzGM6IQwfTKqScyH+e4P5H124KbpYUc="},"lastRemoteEphemeralKey":"BTNG70gB0be2kKyLj5iBl7eyBK2ykNFIWOrS+lNxkcdZ","previousCounter":0,"rootKey":"be6Pp8FOxAW8RT8r/ak4R6KlDr4hE86SrFahZWQCMBA="},"indexInfo":{"baseKey":"BSPaJovGs/aL8prBDTohVDUb5YK6AO9+1uyDeonMzRJS","baseKeyType":1,"closed":-1,"used":1741601639092,"created":1741601639092,"remoteIdentityKey":"BbNLmS9EjL0qeewC0lOHQriCRLhI1YTJXeC2PWBc2mJV"},"_chains":{"BbH+Qp86Ab/aUaHVHPvGAgNqnenJZOkDv93zat9UQhdK":{"chainKey":{"counter":0,"key":"2IL8V8zDdz+yy4Dk4UqKJxd+dR/rGxqdT94VwEjfBqM="},"chainType":1,"messageKeys":{}}},"pendingPreKey":{"signedKeyId":9645376,"baseKey":"BSPaJovGs/aL8prBDTohVDUb5YK6AO9+1uyDeonMzRJS","preKeyId":142}}},"version":"v1"}