{"_sessions":{"BfZxOEZl7mL//CyZIuheq0p/zf8A9FRMkiFckYog9b4G":{"registrationId":1192055057,"currentRatchet":{"ephemeralKeyPair":{"pubKey":"BZPMfy45CIIMqY7HaRxb7D4gsBqM903Z63S31SY/UAFG","privKey":"UOJ36KyIwlpA7W8oInX1/5w1d7xXYswftOzO2cQErlo="},"lastRemoteEphemeralKey":"Bd3DAhqZPq/bHjAnm//r1akB4v/e3+xkC6li8Ia2vABj","previousCounter":0,"rootKey":"i8Ay7DpiAoYd6OVY5yAtA5XY4IK2Ak1bUw+sdPsNRP8="},"indexInfo":{"baseKey":"BfZxOEZl7mL//CyZIuheq0p/zf8A9FRMkiFckYog9b4G","baseKeyType":1,"closed":-1,"used":1741601641798,"created":1741601641798,"remoteIdentityKey":"BVcWuOxIe0Ta8vBOQzyxHSidDCiYskBlTYVYu0okY3wX"},"_chains":{"BZPMfy45CIIMqY7HaRxb7D4gsBqM903Z63S31SY/UAFG":{"chainKey":{"counter":0,"key":"D1+VQSfVWY4slBxKTWvDt+jrweU7ovMZlOvmA+R85cI="},"chainType":1,"messageKeys":{}}},"pendingPreKey":{"signedKeyId":0,"baseKey":"BfZxOEZl7mL//CyZIuheq0p/zf8A9FRMkiFckYog9b4G","preKeyId":9015948}}},"version":"v1"}