{"_sessions":{"BY7c05KmdWDUdziPLMrXBFq4zL8MPIJft5rt3Rc1QIgY":{"registrationId":972615121,"currentRatchet":{"ephemeralKeyPair":{"pubKey":"BaCB5h3wLp5mclKtAxgrLMb5oBawRt9aWWwv8KFoQp4a","privKey":"aLa2zhNdwsqoCJ64MaMb04WqIvm+Z2z+KmR70rPjTGk="},"lastRemoteEphemeralKey":"BSdFa94FhyB9lzOV4Fc5X3W6Wyv7I82hjZmwfwYjC2xz","previousCounter":0,"rootKey":"bwJQug6GL2MQw/sEOU2xbF+2q0cpjs37i001u5NiEUY="},"indexInfo":{"baseKey":"BY7c05KmdWDUdziPLMrXBFq4zL8MPIJft5rt3Rc1QIgY","baseKeyType":1,"closed":-1,"used":1741601639089,"created":1741601639089,"remoteIdentityKey":"BVhD8OEMgVw+gC0q6fgnZX149qUX4D7xdd7jZpmtpd0V"},"_chains":{"BaCB5h3wLp5mclKtAxgrLMb5oBawRt9aWWwv8KFoQp4a":{"chainKey":{"counter":0,"key":"sQp0W6Vt81HHRFscQDbCVjaBfHpOUuQunOYx03d9IUM="},"chainType":1,"messageKeys":{}}},"pendingPreKey":{"signedKeyId":37,"baseKey":"BY7c05KmdWDUdziPLMrXBFq4zL8MPIJft5rt3Rc1QIgY","preKeyId":1224986}}},"version":"v1"}