{"_sessions":{"BZ21W1ku+9Ct5ejHmkTC2bjdLobCCxkfHjmCQaTS0bZa":{"registrationId":999473275,"currentRatchet":{"ephemeralKeyPair":{"pubKey":"BYribL7Ru+oGPBZVZIDpjO//5KA2DizJTzza7OaTuxl1","privKey":"GAba4YR4lMLangpYCwPrz5hvdrpCyqSRH0BNKxkppUY="},"lastRemoteEphemeralKey":"BVoLeGvC2T7SmiQuS8t4n9h+E+b4Q5/a7uvoSdCCp2Jw","previousCounter":1,"rootKey":"7itiftV3jwxMqMzcoufTDlUuY6yg4+X3pJfVWIkPaLo="},"indexInfo":{"baseKey":"BZ21W1ku+9Ct5ejHmkTC2bjdLobCCxkfHjmCQaTS0bZa","baseKeyType":1,"closed":-1,"used":1741603697215,"created":1741601636779,"remoteIdentityKey":"BdrJqxkB1W9vDs4CVwRG/zgaRsxjkWkcadTYpTP8MmZy"},"_chains":{"BVoLeGvC2T7SmiQuS8t4n9h+E+b4Q5/a7uvoSdCCp2Jw":{"chainKey":{"counter":0,"key":"z0funVy94nIN4K4wNLbTp0JZ6uYw5OBJPpBAEChjmFc="},"chainType":2,"messageKeys":{}},"BYribL7Ru+oGPBZVZIDpjO//5KA2DizJTzza7OaTuxl1":{"chainKey":{"counter":-1,"key":"C6u40q9DCugpU2K6l94iFWto4ctlMW2RzRmIj4Zte68="},"chainType":1,"messageKeys":{}}}}},"version":"v1"}