{"_sessions":{"BdqgmkK3Aq0M3yuxLKgA/db5rbyzyXs4Vk9cCENSUMFC":{"registrationId":1149846373,"currentRatchet":{"ephemeralKeyPair":{"pubKey":"BWVYLPKcNc3JOmkIZTJPIAEgdaO+zXgj2PvoJg2RV4Qf","privKey":"iA66n0XoUKQp7XbJR+jJMG625yqcLw25AVxBBMB9K10="},"lastRemoteEphemeralKey":"Bffnd/nqcxsfECF/SCN/Z4jB0hdkrsPFmCDWaBvQssh6","previousCounter":0,"rootKey":"r8s0f2c8ZkDd2te/QBFJvLlyjHHmu055Mu6XI+qMBrQ="},"indexInfo":{"baseKey":"BdqgmkK3Aq0M3yuxLKgA/db5rbyzyXs4Vk9cCENSUMFC","baseKeyType":1,"closed":-1,"used":1741601639541,"created":1741601639541,"remoteIdentityKey":"Ba+FC53mh2Pb/KwREhSwIkVLVVqgOMSboeyzLmPl+QUH"},"_chains":{"BWVYLPKcNc3JOmkIZTJPIAEgdaO+zXgj2PvoJg2RV4Qf":{"chainKey":{"counter":0,"key":"RhKPKIGw9vu3nrF6GH1OdSYTmfEJP9st3LowEhnxNQc="},"chainType":1,"messageKeys":{}}},"pendingPreKey":{"signedKeyId":51,"baseKey":"BdqgmkK3Aq0M3yuxLKgA/db5rbyzyXs4Vk9cCENSUMFC","preKeyId":3971651}}},"version":"v1"}