{"_sessions":{"BVV8QdpWx6HZI1J+JE55zX2U6SmCO4chvnijyBJYm0Vb":{"registrationId":10016,"currentRatchet":{"ephemeralKeyPair":{"pubKey":"BTWkK+I1hWaP8mxiqyXmFAGA+fhEhqxG6qOXV9RnOZgg","privKey":"uJMNGjl+pG7Wv8n1MO22El3JW2BQbiHC3wYb1pqZGE4="},"lastRemoteEphemeralKey":"BbmRQm/MDgHj20x8aKW2hl+g54jTUVUwsFPQksD5lMYl","previousCounter":0,"rootKey":"0gnJ+wHzGJOVVqtu5VLaEkfGHXTgmPv2OiuqSXm9Em4="},"indexInfo":{"baseKey":"BVV8QdpWx6HZI1J+JE55zX2U6SmCO4chvnijyBJYm0Vb","baseKeyType":1,"closed":-1,"used":1741601641729,"created":1741601641729,"remoteIdentityKey":"BaEBqloZOneCvUxhgMySGmCFwWEhro9burwGFDeW0Co2"},"_chains":{"BTWkK+I1hWaP8mxiqyXmFAGA+fhEhqxG6qOXV9RnOZgg":{"chainKey":{"counter":0,"key":"for5CnyMMmKUrpVfKimJ2IxAplnsj3409fV+aTCO8ac="},"chainType":1,"messageKeys":{}}},"pendingPreKey":{"signedKeyId":1,"baseKey":"BVV8QdpWx6HZI1J+JE55zX2U6SmCO4chvnijyBJYm0Vb"}}},"version":"v1"}