{"_sessions":{"BVPpbbkHBmoaVGKaGuvZloXUkx28+m0pjcM8r0EFrcM/":{"registrationId":99235469,"currentRatchet":{"ephemeralKeyPair":{"pubKey":"Bey4lJ02JYdp4XsKzNveSxweHKicjAxgS55THdcBv8d7","privKey":"wKn2/pv13kaN0B2wfPMRUi2DYCkbbUD/gwoSEYdFOW4="},"lastRemoteEphemeralKey":"BQffsTJUmxuySzk3Dh4E+lJ0GeNlsgZXlwDKjV8pAc4g","previousCounter":0,"rootKey":"4J7pk+Sw/MRCG8xoGZ7yLxUzD79QFh5dcZ5kPbGvVsc="},"indexInfo":{"baseKey":"BVPpbbkHBmoaVGKaGuvZloXUkx28+m0pjcM8r0EFrcM/","baseKeyType":1,"closed":-1,"used":1741601642126,"created":1741601642126,"remoteIdentityKey":"BXeK1gN8JRh+fDskCLEI+NJNE6MrDpulTiesQq3vJ+Qo"},"_chains":{"Bey4lJ02JYdp4XsKzNveSxweHKicjAxgS55THdcBv8d7":{"chainKey":{"counter":0,"key":"+EP6L5IRE80OVuJJ1BDca6fmX5Pnax2Uagh5CBCHFkg="},"chainType":1,"messageKeys":{}}},"pendingPreKey":{"signedKeyId":5,"baseKey":"BVPpbbkHBmoaVGKaGuvZloXUkx28+m0pjcM8r0EFrcM/","preKeyId":15565634}}},"version":"v1"}