{"_sessions":{"BWJYOuGvXzb/HOqlCcqnUFhsq7ZS+tPTtFRoLEzYPAdu":{"registrationId":1525158829,"currentRatchet":{"ephemeralKeyPair":{"pubKey":"BfZ7MrA59ZLvbU7dHae9cUnaVhxoKjKvImes2OXaCh4M","privKey":"GL2kr7+/VIODwi9G9i4AFMLKEr4wf0C4K5dJlfUv5GI="},"lastRemoteEphemeralKey":"BQfXrTkD37U7JMTfNhNJqYlY0LVuQCOPlp70qd4MHuUt","previousCounter":0,"rootKey":"3Z8ZbrgxTc9PcJzGtWxoFXq3ZGCpNI/NYZcHibKBdqM="},"indexInfo":{"baseKey":"BWJYOuGvXzb/HOqlCcqnUFhsq7ZS+tPTtFRoLEzYPAdu","baseKeyType":1,"closed":-1,"used":1741601641845,"created":1741601641845,"remoteIdentityKey":"BWqu3uHE9HV4LGHK5N1LPkRyixZLxL5rnXwLSvBAs2ZV"},"_chains":{"BfZ7MrA59ZLvbU7dHae9cUnaVhxoKjKvImes2OXaCh4M":{"chainKey":{"counter":0,"key":"rmigiFNqar2Pxt4wSqIriNKc8jwLdcxXKhukn9xE8yY="},"chainType":1,"messageKeys":{}}},"pendingPreKey":{"signedKeyId":1,"baseKey":"BWJYOuGvXzb/HOqlCcqnUFhsq7ZS+tPTtFRoLEzYPAdu","preKeyId":15543758}}},"version":"v1"}