{"_sessions":{"BdlWqlwDpchtYS6fBHnF6RlqPUcBxE+/4aZ4bkdrn34f":{"registrationId":165863962,"currentRatchet":{"ephemeralKeyPair":{"pubKey":"BV1FHrXjmkVaeJjtSJDIGRL8XMlf2G7njG4YUE5WXswr","privKey":"GL6gar1zA/pyw2MNd4DWH49EhK8JHgh3tRiA8mhMuW8="},"lastRemoteEphemeralKey":"BV+1HRmz/GOOmcnyR1ld/M1rcn+Jnco/DAk83fW8Mjt1","previousCounter":0,"rootKey":"5skeNQdCCrsOgsnYSrtk03CxVqugqZuAWzvvA1+HqIM="},"indexInfo":{"baseKey":"BdlWqlwDpchtYS6fBHnF6RlqPUcBxE+/4aZ4bkdrn34f","baseKeyType":1,"closed":-1,"used":1741601636663,"created":1741601636663,"remoteIdentityKey":"BV4HpQhRmHAhEfEl2KsDC2efX4QB/IFx7kaHPSLF/Ldh"},"_chains":{"BV1FHrXjmkVaeJjtSJDIGRL8XMlf2G7njG4YUE5WXswr":{"chainKey":{"counter":0,"key":"+0wWywc8Bh3SJld7OHOXoLGXpIvAHcXf+pIdTo29ENU="},"chainType":1,"messageKeys":{}}},"pendingPreKey":{"signedKeyId":4,"baseKey":"BdlWqlwDpchtYS6fBHnF6RlqPUcBxE+/4aZ4bkdrn34f","preKeyId":12991352}}},"version":"v1"}