{"_sessions":{"BXzLtBjDCnkHTvgAu0lLHa/3PVJ3OuUF3TS6jq5pnbRT":{"registrationId":666734381,"currentRatchet":{"ephemeralKeyPair":{"pubKey":"BYucUw2J5RyYXPDO0UEJVXyyJUNiYt+2VQLGAI7/FvR3","privKey":"8MKPKsmo3GOeTXIx2sfQtGjz7Ukph0xrtXPT/Twcq38="},"lastRemoteEphemeralKey":"BYFHp6yU8CKiybRYY3AASeWlpZnXv4zNJutag62tZpsr","previousCounter":0,"rootKey":"D+vr8VT/X2CQ3owwTwloAQPmL4JXyjv2OA93/S/+g9c="},"indexInfo":{"baseKey":"BXzLtBjDCnkHTvgAu0lLHa/3PVJ3OuUF3TS6jq5pnbRT","baseKeyType":1,"closed":-1,"used":1741601638931,"created":1741601638931,"remoteIdentityKey":"Be2sdQUFRWSl4ouf4n2u7QqXLOc79q6eBq8BYtu6eaNh"},"_chains":{"BYucUw2J5RyYXPDO0UEJVXyyJUNiYt+2VQLGAI7/FvR3":{"chainKey":{"counter":0,"key":"e9edCpR4aRuJch8f4I6NzsABHkHxY4ogMOMHgBPNFD8="},"chainType":1,"messageKeys":{}}},"pendingPreKey":{"signedKeyId":7,"baseKey":"BXzLtBjDCnkHTvgAu0lLHa/3PVJ3OuUF3TS6jq5pnbRT","preKeyId":8703279}}},"version":"v1"}