{"_sessions":{"BT1ZLAzOmh04gBQNz0wq6HZjaDDOh/u24dqwIM4e1RUp":{"registrationId":1565820111,"currentRatchet":{"ephemeralKeyPair":{"pubKey":"BShXg0E6KN6geSCLnIMYHYDSQm3LhqrVDaTJK2EbGFQn","privKey":"EJYcvcL4alZbUoia4xY9JAfhQgp6OxEa3ULF+8+FUlk="},"lastRemoteEphemeralKey":"Bd3rN5+uRMqK5nh35vHEnsyzmBaGhCJHosKMKWYAuwpp","previousCounter":0,"rootKey":"1jJeRinwGZsW7+NMjkJjQUiWfG/3sKut3vayN/5o2kg="},"indexInfo":{"baseKey":"BT1ZLAzOmh04gBQNz0wq6HZjaDDOh/u24dqwIM4e1RUp","baseKeyType":1,"closed":-1,"used":1741601641917,"created":1741601641917,"remoteIdentityKey":"Bfa5A/P5oe4mtFOWcjsCxSRsHbeWxUTVs+6oc7e5HQMG"},"_chains":{"BShXg0E6KN6geSCLnIMYHYDSQm3LhqrVDaTJK2EbGFQn":{"chainKey":{"counter":0,"key":"OFlmFiFT8NdVt7CzJ0k/TI59fLqsGi05AFBJCjWEJy4="},"chainType":1,"messageKeys":{}}},"pendingPreKey":{"signedKeyId":7,"baseKey":"BT1ZLAzOmh04gBQNz0wq6HZjaDDOh/u24dqwIM4e1RUp","preKeyId":5844920}}},"version":"v1"}