{"_sessions":{"BTu+DgI2T1pZ596iuBzfwiD/vR37/d7tx/mMjkD9xMNB":{"registrationId":260813101,"currentRatchet":{"ephemeralKeyPair":{"pubKey":"BS/jfMXQbxDxuT5iknnii2Pd7wSOnNFHa0+t0kDpvHRr","privKey":"KKHfR+HqcHfXhS8Y1dr3et1P7M3U6wtHXFdGVOaBVkM="},"lastRemoteEphemeralKey":"BeHTvxVYIl6PRgfwKsVKGmQCNmehQNentuQPdvH1/dNq","previousCounter":0,"rootKey":"HWI1DsEBQXRPD7+d0OOWWERxmLAioqtILXk8RHXs+rc="},"indexInfo":{"baseKey":"BTu+DgI2T1pZ596iuBzfwiD/vR37/d7tx/mMjkD9xMNB","baseKeyType":1,"closed":-1,"used":1741601641753,"created":1741601641753,"remoteIdentityKey":"BdKSfC0YKiAap27+jRke/VOLFLjwk9wMdqzFYjv18uxu"},"_chains":{"BS/jfMXQbxDxuT5iknnii2Pd7wSOnNFHa0+t0kDpvHRr":{"chainKey":{"counter":0,"key":"jzjGSrFcnfx9TtLAFL4H8P4Wj51dgNMojivsoYne7vw="},"chainType":1,"messageKeys":{}}},"pendingPreKey":{"signedKeyId":1,"baseKey":"BTu+DgI2T1pZ596iuBzfwiD/vR37/d7tx/mMjkD9xMNB"}}},"version":"v1"}