{"_sessions":{"BS0jAjhg0cHDrJ3Vrr1aabGRAzzyhPy0cIHL1a+CxpA9":{"registrationId":489507489,"currentRatchet":{"ephemeralKeyPair":{"pubKey":"Bab561jg++RoTpVi6oB5lqKVUam+Gcl2kDKYX1DO0QZW","privKey":"MP2oZhIjuFLRe/du94M1dRa80oXabHmX34EKLthveXA="},"lastRemoteEphemeralKey":"BX/mDBlUUL+xRkR+M3UfQAEAL1F1vh5br7G2Vh5y+qI3","previousCounter":0,"rootKey":"ss9148eDNwllrVpJh/KiflSHdg/ANsl915lE91X0rmg="},"indexInfo":{"baseKey":"BS0jAjhg0cHDrJ3Vrr1aabGRAzzyhPy0cIHL1a+CxpA9","baseKeyType":1,"closed":-1,"used":1741601639577,"created":1741601639577,"remoteIdentityKey":"BQbU6O67D5T6rMjF3Rd2aHiuCWGyD47Y4lC0nzKALFMm"},"_chains":{"Bab561jg++RoTpVi6oB5lqKVUam+Gcl2kDKYX1DO0QZW":{"chainKey":{"counter":0,"key":"l/tkB8bS6Jit7qEjBHT7g46vL3569l41modpo68MTf4="},"chainType":1,"messageKeys":{}}},"pendingPreKey":{"signedKeyId":17,"baseKey":"BS0jAjhg0cHDrJ3Vrr1aabGRAzzyhPy0cIHL1a+CxpA9","preKeyId":4244568}}},"version":"v1"}