{"_sessions":{"BaS/wiAyTUnKzGWTPtIEEdxnxSB+GDYFPvfTuc5nbgZi":{"registrationId":1857173821,"currentRatchet":{"ephemeralKeyPair":{"pubKey":"BU3cVHawHQO/zrxZGIrIb6EYlGhYQOZqRqRG2GW++xUy","privKey":"6OlWEyI9L3jXx1yCrb8SLVVoxll35jEwU9tp2bTKj2k="},"lastRemoteEphemeralKey":"BZJKpt9c+uKuyvRB/e9wyPUk3+UvvIQAd3lI9FpBXw9m","previousCounter":0,"rootKey":"NiiPaGHHsjdrtHVBGHN7rJsMuc52kNxjSt+Q6ilc1mw="},"indexInfo":{"baseKey":"BaS/wiAyTUnKzGWTPtIEEdxnxSB+GDYFPvfTuc5nbgZi","baseKeyType":1,"closed":-1,"used":1741601639061,"created":1741601639061,"remoteIdentityKey":"BXCxAjIDZAlJdnQpevzJupC4G+bFHZbuQ1gnom6eoYZf"},"_chains":{"BU3cVHawHQO/zrxZGIrIb6EYlGhYQOZqRqRG2GW++xUy":{"chainKey":{"counter":0,"key":"icHMqA6Aiokz+XP4ntKnb27Qsbl0i64usmbQBYpf/74="},"chainType":1,"messageKeys":{}}},"pendingPreKey":{"signedKeyId":10,"baseKey":"BaS/wiAyTUnKzGWTPtIEEdxnxSB+GDYFPvfTuc5nbgZi","preKeyId":16572871}}},"version":"v1"}