{"_sessions":{"BWwZjpjvTqRitlnsc4qK2y6Rz4073uLXP3oPWQNt42UI":{"registrationId":2838,"currentRatchet":{"ephemeralKeyPair":{"pubKey":"BQp/3hTO6jsuoJjhAWkePnkjsCv6QKbb9/Pid5h2p/Jr","privKey":"AAOjNvdP5MY1XCHLXHoChLYbwaec/53gJdHto1wQs0E="},"lastRemoteEphemeralKey":"BQoAiC9ZhRWp+lhovmWKMUAxKY/K8kpUdQkqDWpHOilR","previousCounter":0,"rootKey":"itNHDRQSHcJADEmMaSzPmrqN6iZE8TYkNYVUb2/DQFw="},"indexInfo":{"baseKey":"BWwZjpjvTqRitlnsc4qK2y6Rz4073uLXP3oPWQNt42UI","baseKeyType":1,"closed":-1,"used":1741601638873,"created":1741601638873,"remoteIdentityKey":"BbPS7zjJ+wCzPGxZpwrx3OR37VTfVuOTR72IcTLKdY4a"},"_chains":{"BQp/3hTO6jsuoJjhAWkePnkjsCv6QKbb9/Pid5h2p/Jr":{"chainKey":{"counter":0,"key":"Rz9Uu3fCv1zkX/iOaBrhJvpQ8j04qNe1nsCA7fDp/38="},"chainType":1,"messageKeys":{}}},"pendingPreKey":{"signedKeyId":1,"baseKey":"BWwZjpjvTqRitlnsc4qK2y6Rz4073uLXP3oPWQNt42UI"}}},"version":"v1"}