{"_sessions":{"BTFtNA8K/9dh88p+F7HrZUy3QvCjaCSw0mivSV608BME":{"registrationId":117534696,"currentRatchet":{"ephemeralKeyPair":{"pubKey":"BRrBCjhJL2XnmE6N0DxDbrhu2Rg4z0QAUE0qVksgXQYu","privKey":"AOIfDnBBhKwON6VFXRZ/N2kcZUUgGpDrizxbXA8VgFM="},"lastRemoteEphemeralKey":"BdSsKbaHlIweFwixac+94JrOT6CqND+qnG9GAnvxHeEF","previousCounter":0,"rootKey":"XaI416Tc0OshBuhVJecj/9nIDA8iZi5TlxcOn9Y1dgY="},"indexInfo":{"baseKey":"BTFtNA8K/9dh88p+F7HrZUy3QvCjaCSw0mivSV608BME","baseKeyType":1,"closed":-1,"used":1741601639552,"created":1741601639552,"remoteIdentityKey":"BS8n4mxR9F8M5JRrdbxCc6FUqdoq+nw6+9b8KNjdSONL"},"_chains":{"BRrBCjhJL2XnmE6N0DxDbrhu2Rg4z0QAUE0qVksgXQYu":{"chainKey":{"counter":0,"key":"z2R9XWNjdsMFY9w7ExyeviTwKTNWZnsxSBWIKC+Gbt4="},"chainType":1,"messageKeys":{}}},"pendingPreKey":{"signedKeyId":8,"baseKey":"BTFtNA8K/9dh88p+F7HrZUy3QvCjaCSw0mivSV608BME","preKeyId":13595827}}},"version":"v1"}