{"_sessions":{"BWWXJvUFkYHwLG1AlKHmpGareyVIBN6BnKeJhDmFqehO":{"registrationId":1517192501,"currentRatchet":{"ephemeralKeyPair":{"pubKey":"BXEham4SViMz8WRmqetTMvka+Up9ePaBEcBZZfks8uRR","privKey":"mIGXoeXhNl3UhR1lkwPfl6GWrlNohEIxoRTVW7ZhyGc="},"lastRemoteEphemeralKey":"BWfupe2iUuEH2lHdxIbNcWTL5/k27wFPX+69FDbsL8Rv","previousCounter":0,"rootKey":"s3jc7wiGOOvldpXEgpxoFBU9hkV268VpUpj4UM77H90="},"indexInfo":{"baseKey":"BWWXJvUFkYHwLG1AlKHmpGareyVIBN6BnKeJhDmFqehO","baseKeyType":1,"closed":-1,"used":1741601638900,"created":1741601638900,"remoteIdentityKey":"BVd1JQVTWfxLv6oY2kcNxNv3h5TNpCkohmeGJBcO2QFF"},"_chains":{"BXEham4SViMz8WRmqetTMvka+Up9ePaBEcBZZfks8uRR":{"chainKey":{"counter":0,"key":"wCAo9jq8LzwIh7/IR7OG6GL1BGBFbLiyt6YPK1tpBNU="},"chainType":1,"messageKeys":{}}},"pendingPreKey":{"signedKeyId":1,"baseKey":"BWWXJvUFkYHwLG1AlKHmpGareyVIBN6BnKeJhDmFqehO","preKeyId":130}}},"version":"v1"}