{"_sessions":{"BVDQMc8kmX3zv2D+YSVHzYVVy/r1JdceDa3Hp/TyAHB3":{"registrationId":530343743,"currentRatchet":{"ephemeralKeyPair":{"pubKey":"BfVmJZpsyavkJ+MssRdpHKDC3KssEjT5z+c6qcqNOTpo","privKey":"kPRABiS0UsdpaWHZ7jvXmtXQmEQLjFK/NjxBR5DLA2c="},"lastRemoteEphemeralKey":"Be4f4FZKALxMiBacasKS2xa4gEkI5x4k/DWMhGx4XDRv","previousCounter":0,"rootKey":"0RayphCFcvuaoMLTq4mV6V2w1TZ8DAwAwZNGJqq0AJ0="},"indexInfo":{"baseKey":"BVDQMc8kmX3zv2D+YSVHzYVVy/r1JdceDa3Hp/TyAHB3","baseKeyType":1,"closed":-1,"used":1741601641895,"created":1741601641895,"remoteIdentityKey":"BVYWaqKONDg4jhNMDACA57rdhr2IgBq1WXIajjUJvs0e"},"_chains":{"BfVmJZpsyavkJ+MssRdpHKDC3KssEjT5z+c6qcqNOTpo":{"chainKey":{"counter":0,"key":"dWVPVh2yBifRcQ9B034wn2Q9QrlZAHqMWbGCtHZuUqk="},"chainType":1,"messageKeys":{}}},"pendingPreKey":{"signedKeyId":5,"baseKey":"BVDQMc8kmX3zv2D+YSVHzYVVy/r1JdceDa3Hp/TyAHB3","preKeyId":12365889}}},"version":"v1"}