{"_sessions":{"BUqy/ZJ9A7hYR52hhzMIWz8iT3y2ZapRxf0fcsTS99Zq":{"registrationId":7917,"currentRatchet":{"ephemeralKeyPair":{"pubKey":"BefWBvCn52SJv5e2kluRi7u4pvGNtHQsnV2uSbojsccN","privKey":"QJcSgmqDootloy8CQ3cfQH7wstdomUcY+/ySgToYhng="},"lastRemoteEphemeralKey":"BWo/jT/+LYBrtMhsD3nP1eUnyVwkfoK71oOJLtu3y4F2","previousCounter":0,"rootKey":"4Jnr/K01OM00VeDglbTQAMCovZY5EBxWCMJ0YkogZKA="},"indexInfo":{"baseKey":"BUqy/ZJ9A7hYR52hhzMIWz8iT3y2ZapRxf0fcsTS99Zq","baseKeyType":1,"closed":-1,"used":1741601638891,"created":1741601638891,"remoteIdentityKey":"BdYRb7UuPVoTiGZbCB6VZre/FPyv2vDH1XDljerxcIsI"},"_chains":{"BefWBvCn52SJv5e2kluRi7u4pvGNtHQsnV2uSbojsccN":{"chainKey":{"counter":0,"key":"f9gF11MmIAWrSZmH7cbAV3tB6HAcWTy4mZC39XcS0Js="},"chainType":1,"messageKeys":{}}},"pendingPreKey":{"signedKeyId":1,"baseKey":"BUqy/ZJ9A7hYR52hhzMIWz8iT3y2ZapRxf0fcsTS99Zq","preKeyId":974}}},"version":"v1"}