{"_sessions":{"BdpnEC3zcjBCmjMIeTWVEyG/iz281q1AAmtpZWhjDJ1a":{"registrationId":683522905,"currentRatchet":{"ephemeralKeyPair":{"pubKey":"BSAk9KW2VVFL+HsAZen80goC6kwVIzqTjmC0Pw6iNgsc","privKey":"6EWL4SuI9AhlyxH4mBYMAHyI9BwJrS8b3Ra8Ap5Iz1I="},"lastRemoteEphemeralKey":"BVNIxSkXty9idW/co+JNCi7ySuuBCLsGbPgtOwKPyyVZ","previousCounter":0,"rootKey":"n1Sx2jic71qK72lhI9r0xJqgY2hoDVw99liV/rxrOO4="},"indexInfo":{"baseKey":"BdpnEC3zcjBCmjMIeTWVEyG/iz281q1AAmtpZWhjDJ1a","baseKeyType":1,"closed":-1,"used":1741601636793,"created":1741601636793,"remoteIdentityKey":"Bbc8ca8uAT99hjWhyoh+HDX575nNpsOJvp5U2iwdutpC"},"_chains":{"BSAk9KW2VVFL+HsAZen80goC6kwVIzqTjmC0Pw6iNgsc":{"chainKey":{"counter":1,"key":"YM45lkHEcwp+0/C7xWNQGTYaHzzql+XcFnDtrbR5Wws="},"chainType":1,"messageKeys":{}}},"pendingPreKey":{"signedKeyId":0,"baseKey":"BdpnEC3zcjBCmjMIeTWVEyG/iz281q1AAmtpZWhjDJ1a"}}},"version":"v1"}