{"_sessions":{"Bc+2lsFChMeSZRjm2j2suTiZlMrJSDNu+panI4ePf7hY":{"registrationId":2136073087,"currentRatchet":{"ephemeralKeyPair":{"pubKey":"BZTy7u60Pyck0fKOyIOYSPY2m3NLQNkz7TjsUKJrBvxF","privKey":"IC69vohs21JL7TKiOcurjf6cHqPvPPD/IGR4G2ulunk="},"lastRemoteEphemeralKey":"BSqRWpVtnbVjYPT9bwSdkuIzq+MlCPRZ3MK2PMJyUBRk","previousCounter":0,"rootKey":"cw1eLq3irlcQ6MOfvuC5TZvGypssWBNrO/vq+MwLII8="},"indexInfo":{"baseKey":"Bc+2lsFChMeSZRjm2j2suTiZlMrJSDNu+panI4ePf7hY","baseKeyType":1,"closed":-1,"used":1741601639027,"created":1741601639027,"remoteIdentityKey":"BQABbfJDW0ao2SWGVy3QK4QfiwBJ/gCIpFKPj39W3oNj"},"_chains":{"BZTy7u60Pyck0fKOyIOYSPY2m3NLQNkz7TjsUKJrBvxF":{"chainKey":{"counter":0,"key":"HLKLW0R0XbVqsj9Jp7ZmPqAdS3L8Qams7xJUpyp1CIU="},"chainType":1,"messageKeys":{}}},"pendingPreKey":{"signedKeyId":2,"baseKey":"Bc+2lsFChMeSZRjm2j2suTiZlMrJSDNu+panI4ePf7hY","preKeyId":462146}}},"version":"v1"}