{"_sessions":{"BZpEVBABTTF2fH6FMDQKpVHA+WPG1t9bOCMkl6/RmqYl":{"registrationId":636072861,"currentRatchet":{"ephemeralKeyPair":{"pubKey":"Bb8YS24e9KSg4aQ6hBUmxnfFTH3wPrUj3w4JYb9+X3Ez","privKey":"UOKNgXo48DKBKCj+pgYc8Q1FE1t7HSfuCmhNRMC8HG8="},"lastRemoteEphemeralKey":"Bfdydf+KplVJ42qU+LBJuL20Z9QoxtsQiDEUjjS1k8o6","previousCounter":0,"rootKey":"ddDjH87fPdBs4Tw4lu5+B/P+OSu/KHnHW0lQMGtipko="},"indexInfo":{"baseKey":"BZpEVBABTTF2fH6FMDQKpVHA+WPG1t9bOCMkl6/RmqYl","baseKeyType":1,"closed":-1,"used":1741601641977,"created":1741601641977,"remoteIdentityKey":"BW0Kh6Y0yYQUyaeyXn0Zay1I+9d+rFJmBuPRja4ia/VE"},"_chains":{"Bb8YS24e9KSg4aQ6hBUmxnfFTH3wPrUj3w4JYb9+X3Ez":{"chainKey":{"counter":0,"key":"L7pof58KsWKAeBjBH/qSxgBrlo/P3hxgFi5T4t9nIQE="},"chainType":1,"messageKeys":{}}},"pendingPreKey":{"signedKeyId":1,"baseKey":"BZpEVBABTTF2fH6FMDQKpVHA+WPG1t9bOCMkl6/RmqYl","preKeyId":6621022}}},"version":"v1"}