{"_sessions":{"Bd54YXOeY8nK1alcZWmp5uFTPNAcCajO+tJhNgEN/LdS":{"registrationId":1590781278,"currentRatchet":{"ephemeralKeyPair":{"pubKey":"BZIWgxiDJZO2x/CxS+k67COoabdO9UpnnpoJbKp5FN41","privKey":"2CpjrnvbrpD7UA4d0swMZCMX4krlSEAfSCqMwZJIV08="},"lastRemoteEphemeralKey":"BZo5+kQImLr0dGBswsqZSk4WR5qYHdTUtPTM2qCuF0h3","previousCounter":0,"rootKey":"7jjM4bXXuhnCFCp7TrQ3IBKTMgC0cohkiDUY7Z+fmv8="},"indexInfo":{"baseKey":"Bd54YXOeY8nK1alcZWmp5uFTPNAcCajO+tJhNgEN/LdS","baseKeyType":1,"closed":-1,"used":1741601639463,"created":1741601639463,"remoteIdentityKey":"BetgnncR/cYk7y647UYbUkeJPmehgsNHYENowoMqs9Un"},"_chains":{"BZIWgxiDJZO2x/CxS+k67COoabdO9UpnnpoJbKp5FN41":{"chainKey":{"counter":0,"key":"DwgzUelasLugi9JKuswwvWXYmWXDUuupyttXJDs+zgM="},"chainType":1,"messageKeys":{}}},"pendingPreKey":{"signedKeyId":516614,"baseKey":"Bd54YXOeY8nK1alcZWmp5uFTPNAcCajO+tJhNgEN/LdS","preKeyId":1094}}},"version":"v1"}