{"_sessions":{"BRW4iKBrcFRTfaFiaC1KavyUM4Dojf+IvRGoEQslZmMk":{"registrationId":196603479,"currentRatchet":{"ephemeralKeyPair":{"pubKey":"BUPDJtj6f0lwecDj4q4SU/c5lqKuw2ofrzyBDMJ3TttW","privKey":"MEalB/mLyLP4VlrBTdkQPWdf+EJayN3y71r3V30kqWo="},"lastRemoteEphemeralKey":"BWUMNpYgkVX7r8P/0M+rw5O8TFH+MhMUSdDyvchDUTNg","previousCounter":0,"rootKey":"WSZ41IND6tmTq0+l8MUT6OlAKwAa4yaJ2w7OJ4DuDoE="},"indexInfo":{"baseKey":"BRW4iKBrcFRTfaFiaC1KavyUM4Dojf+IvRGoEQslZmMk","baseKeyType":1,"closed":-1,"used":1741601636761,"created":1741601636761,"remoteIdentityKey":"BTIZKv+wXoQAU2VMntmhxtrc7k72hj7rEmUCVvs2fIN6"},"_chains":{"BUPDJtj6f0lwecDj4q4SU/c5lqKuw2ofrzyBDMJ3TttW":{"chainKey":{"counter":0,"key":"pnd6y53P8rqgLezsJtYPzWXjtGulxCKXfnCpH3ii+lw="},"chainType":1,"messageKeys":{}}},"pendingPreKey":{"signedKeyId":2,"baseKey":"BRW4iKBrcFRTfaFiaC1KavyUM4Dojf+IvRGoEQslZmMk"}}},"version":"v1"}