{"_sessions":{"BQltoOXCgpyePaKRx3ZSH4ft6c+azxQViUbTPWg8uiF3":{"registrationId":1040716964,"currentRatchet":{"ephemeralKeyPair":{"pubKey":"BR6ef+vXVrchdfmza1LGq1X6p/yGfylAuaiHmve6T9oc","privKey":"WACADuJCSNmuwPkonr6x96CtMlXvI9J4CmK6upCMHXg="},"lastRemoteEphemeralKey":"Bf29HSbNVEm9huNzdiboNwYVPzqVJ96CivomNykl2X5+","previousCounter":0,"rootKey":"Qnb+XPmED4yISd8QgEta5kutn6sdf2rsfB4fo1HL8j0="},"indexInfo":{"baseKey":"BQltoOXCgpyePaKRx3ZSH4ft6c+azxQViUbTPWg8uiF3","baseKeyType":1,"closed":-1,"used":1741601642093,"created":1741601642093,"remoteIdentityKey":"BdTtIMAvmq7nybpEqDhnA0BnGyo2u8rxO4zX0K589ocu"},"_chains":{"BR6ef+vXVrchdfmza1LGq1X6p/yGfylAuaiHmve6T9oc":{"chainKey":{"counter":0,"key":"XjM/cHUmkYraodSytHy/ohc+vhbXWFKtd59VVJKzKWk="},"chainType":1,"messageKeys":{}}},"pendingPreKey":{"signedKeyId":13,"baseKey":"BQltoOXCgpyePaKRx3ZSH4ft6c+azxQViUbTPWg8uiF3","preKeyId":2988168}}},"version":"v1"}