{"_sessions":{"BS9M+QUFmxwv3UZcQYYWy1PWaYSN95EQz1empWrQPtFt":{"registrationId":13824,"currentRatchet":{"ephemeralKeyPair":{"pubKey":"BZlNjIDHltU0Q92dI1XDx89rlfcMLADBP+KbQdhpsMV7","privKey":"MHfKJwa4D7MBrr3WHNnQbF+l0Xqlgypgu2nYiSRZgEs="},"lastRemoteEphemeralKey":"BWwzyHLksvCeN2/w1jcBHS7j+V90TKgNwc7DnFSYUQ1W","previousCounter":0,"rootKey":"RpQe5snfwZodQededIhvqU4l0G30sUkCaN9Py1QAa8w="},"indexInfo":{"baseKey":"BS9M+QUFmxwv3UZcQYYWy1PWaYSN95EQz1empWrQPtFt","baseKeyType":1,"closed":-1,"used":1741601638888,"created":1741601638888,"remoteIdentityKey":"BXiQa2+F9nzEizNviX2loCnB0p0lNzG6Xm9WoEudT/xt"},"_chains":{"BZlNjIDHltU0Q92dI1XDx89rlfcMLADBP+KbQdhpsMV7":{"chainKey":{"counter":0,"key":"umZynRHQZ1BhuLacAZTd6cjDqGTPYWexHaWSdWBJgpA="},"chainType":1,"messageKeys":{}}},"pendingPreKey":{"signedKeyId":1,"baseKey":"BS9M+QUFmxwv3UZcQYYWy1PWaYSN95EQz1empWrQPtFt"}}},"version":"v1"}