{"_sessions":{"Bfxl6cajFki4ZuPxBhk0uydQEgLSYh+azLTOXHn2/2Jj":{"registrationId":4123,"currentRatchet":{"ephemeralKeyPair":{"pubKey":"BanyHlErMIVgUNU8OWOaZkyT/sxb+77Nv5KZhc4QeSAT","privKey":"yGmZ/YsWhJdWTDHH7A3kFYacfsj2hOosP4H+wFYSOHU="},"lastRemoteEphemeralKey":"BV1WozCObzvKiS89Hulsy/f1OYMzozGRjiL9WCntY3tC","previousCounter":0,"rootKey":"/ywCDPNdUBgy6C6KVtYF6h+zs72B7CsCe0kLEd8wXT8="},"indexInfo":{"baseKey":"Bfxl6cajFki4ZuPxBhk0uydQEgLSYh+azLTOXHn2/2Jj","baseKeyType":1,"closed":-1,"used":1741601641719,"created":1741601641719,"remoteIdentityKey":"BZzux6c0qLt4iC8Th4vrtZddU0nouwTprtyq5iYvyvld"},"_chains":{"BanyHlErMIVgUNU8OWOaZkyT/sxb+77Nv5KZhc4QeSAT":{"chainKey":{"counter":0,"key":"HxBwVS7U9xyvywVDFszhnbt0Odst41j8bMq4W1CDi0A="},"chainType":1,"messageKeys":{}}},"pendingPreKey":{"signedKeyId":1,"baseKey":"Bfxl6cajFki4ZuPxBhk0uydQEgLSYh+azLTOXHn2/2Jj","preKeyId":692}}},"version":"v1"}