{"_sessions":{"Bb87eT25cllj7MYGppLj0XTkgqM+az+VNlsZ4G52b6Zu":{"registrationId":4240,"currentRatchet":{"ephemeralKeyPair":{"pubKey":"Bb7zR2nz75Y+Gpt6MK/9jpYr0AsloeUt5grFcpKV3ewy","privKey":"yMLL/SSwH9JrhQPifKHh/1Xxk7ld7ocN31RaNQ39f3A="},"lastRemoteEphemeralKey":"Ba3NARKHPb2diH7sRDw0+uVwE1rHEC2tbhWXHd+g08Am","previousCounter":0,"rootKey":"tVgkJFys6Mfq6AnAW+COxvmbQF+vuFAnSSCx98fi4Ys="},"indexInfo":{"baseKey":"Bb87eT25cllj7MYGppLj0XTkgqM+az+VNlsZ4G52b6Zu","baseKeyType":1,"closed":-1,"used":1741601638906,"created":1741601638906,"remoteIdentityKey":"Bdc2mIMjokw5xFnXnWd2lHCNjEZZm7E/AORFkvI5ELgg"},"_chains":{"Bb7zR2nz75Y+Gpt6MK/9jpYr0AsloeUt5grFcpKV3ewy":{"chainKey":{"counter":0,"key":"/zHjjcKniUIleMJaTpaIWMUWa9nuRcJx+3t/OqDne/U="},"chainType":1,"messageKeys":{}}},"pendingPreKey":{"signedKeyId":2,"baseKey":"Bb87eT25cllj7MYGppLj0XTkgqM+az+VNlsZ4G52b6Zu","preKeyId":492}}},"version":"v1"}