{"_sessions":{"BV3KbrsPGSIxG1j0sblQ24BmrTFJR4hI6Mpib3Ae6bhQ":{"registrationId":146197173,"currentRatchet":{"ephemeralKeyPair":{"pubKey":"BfZJIU7MOeo/ITLoRWBVgVhJcuBB+Jy1HNlC6+erGHBR","privKey":"gBpb8HsI/RAJoA7sH9bQ2f7W+qCL0L9DVE7p97RXln0="},"lastRemoteEphemeralKey":"BYSyQKK5xhanc3tiyVMrrPfSog66D37X+WFZPj6ZEYMb","previousCounter":0,"rootKey":"gOcCJ6OCPVFgFzM6IdoCTTB8sQG/h8g5qCT+UCjCZmc="},"indexInfo":{"baseKey":"BV3KbrsPGSIxG1j0sblQ24BmrTFJR4hI6Mpib3Ae6bhQ","baseKeyType":1,"closed":-1,"used":1741601636697,"created":1741601636697,"remoteIdentityKey":"BShM7uU0tWrAvLhoaWaa3gwpmc7UN46f1ZWLq59Sjvs0"},"_chains":{"BfZJIU7MOeo/ITLoRWBVgVhJcuBB+Jy1HNlC6+erGHBR":{"chainKey":{"counter":1,"key":"9hgz9KA2+Bf6TT92DN7bvjPKglIWWwpKWXKeE2Ky9PY="},"chainType":1,"messageKeys":{}}},"pendingPreKey":{"signedKeyId":2,"baseKey":"BV3KbrsPGSIxG1j0sblQ24BmrTFJR4hI6Mpib3Ae6bhQ","preKeyId":10289826}}},"version":"v1"}