{"_sessions":{"BZHaUe59HRvK4Cyf5fPSarHSzNtx82vKAAzedGAoGYdV":{"registrationId":323020329,"currentRatchet":{"ephemeralKeyPair":{"pubKey":"BYDx+XKVYztMDrJgzFTAnP3/mank+Oa5WFEIQSjAbC0q","privKey":"6HRCIPlOXGrQ5DFECzjEYtoyBCNBXl8IuHjR3OKN3WQ="},"lastRemoteEphemeralKey":"BXEnO+bUo4CTAfWwXMXN8/WHImLSrdGcx8jro0nvVvpp","previousCounter":0,"rootKey":"cSrmt6jOJumVzUYmjs3eFbYS69G3mtU/8bhhM1+HN0Q="},"indexInfo":{"baseKey":"BZHaUe59HRvK4Cyf5fPSarHSzNtx82vKAAzedGAoGYdV","baseKeyType":1,"closed":-1,"used":1741601641902,"created":1741601641902,"remoteIdentityKey":"BSKfSh3PHzGHNLq6XYRSsJUbk+OOOIB4p0wDGmjyQysQ"},"_chains":{"BYDx+XKVYztMDrJgzFTAnP3/mank+Oa5WFEIQSjAbC0q":{"chainKey":{"counter":0,"key":"rTGf56FA7h3VuaepKNxV209+RwT3Gga8oaoVUfBsMmA="},"chainType":1,"messageKeys":{}}},"pendingPreKey":{"signedKeyId":5,"baseKey":"BZHaUe59HRvK4Cyf5fPSarHSzNtx82vKAAzedGAoGYdV","preKeyId":3697690}}},"version":"v1"}