{"_sessions":{"BfESAryLRIVlN3xACEzIIHvD6yzhObaYBda8B6UtoD9v":{"registrationId":1744611453,"currentRatchet":{"ephemeralKeyPair":{"pubKey":"BcH6k18fH7PKIWg0QxVZeRJdNuKUYvDxMLwRc4jaIiJw","privKey":"gMNdsAuHtar7R96BiZErg5qN6dRII3u/bX1tC7c8JUg="},"lastRemoteEphemeralKey":"BZKVG4gw/kETCueQd/vBDBe2fL1fTh8QtDHN+DiF1xE/","previousCounter":0,"rootKey":"Ionprg9ZkPHEvHkCYxQgsbtK/Wqbtc973duOc0JQ9D4="},"indexInfo":{"baseKey":"BfESAryLRIVlN3xACEzIIHvD6yzhObaYBda8B6UtoD9v","baseKeyType":1,"closed":-1,"used":1741601636673,"created":1741601636673,"remoteIdentityKey":"BYzdbk60Vb2IaSV1EseRt7wgjHtJYgD8UHJbWVXpKLFm"},"_chains":{"BcH6k18fH7PKIWg0QxVZeRJdNuKUYvDxMLwRc4jaIiJw":{"chainKey":{"counter":1,"key":"/tjKqOaWRR+COFXCAULBMofE1hu0Yrzp9QPksgq2MA4="},"chainType":1,"messageKeys":{}}},"pendingPreKey":{"signedKeyId":13475166,"baseKey":"BfESAryLRIVlN3xACEzIIHvD6yzhObaYBda8B6UtoD9v","preKeyId":516}}},"version":"v1"}