{"_sessions":{"BWbpsqPJnMQhC7FN3hw5OdhZbt7OGtVg39DTMpFTo4wi":{"registrationId":10386,"currentRatchet":{"ephemeralKeyPair":{"pubKey":"BZcimtQ5dl5W8ZUOgLMUkLQiWZj1a9lHWTFIL6dNvLMk","privKey":"EEuZ+r5nYwCYvlrjk5rqc5E0YwP//jEvz3EfQ3kqrFU="},"lastRemoteEphemeralKey":"BQfNwqnKHGThZomL6iYhMf/7laW/e6jfHDT5od3ua+Z2","previousCounter":0,"rootKey":"Jcn1DHHBsT82qIJIM63L/p/Op471k+2kvKoB3ZQ21LI="},"indexInfo":{"baseKey":"BWbpsqPJnMQhC7FN3hw5OdhZbt7OGtVg39DTMpFTo4wi","baseKeyType":1,"closed":-1,"used":1741601641746,"created":1741601641746,"remoteIdentityKey":"BZMgjzn2kEMiSiMNwQGtcsd86ok58G2tJ8vrdo0M1doe"},"_chains":{"BZcimtQ5dl5W8ZUOgLMUkLQiWZj1a9lHWTFIL6dNvLMk":{"chainKey":{"counter":0,"key":"6aOG4oFoty89cE9Qb8u5Wq+U9v7VVkul1htg8TzDcv0="},"chainType":1,"messageKeys":{}}},"pendingPreKey":{"signedKeyId":1,"baseKey":"BWbpsqPJnMQhC7FN3hw5OdhZbt7OGtVg39DTMpFTo4wi"}}},"version":"v1"}