{"_sessions":{"BR0liOwHn2R1FHKwyjTlyKEzfIgn+QAXIiPgMu5y/OtC":{"registrationId":1151432957,"currentRatchet":{"ephemeralKeyPair":{"pubKey":"BVMSflc8RoxiqRLhA/6zO2cbIpXA7ivHrbaGkE0d98Ez","privKey":"QLqDz0leBNcjxxPazJhkEJ2t0K7kfb1bblI6eDiewkg="},"lastRemoteEphemeralKey":"BaEx7UtD8vZYIsMRDk9H6sET56+6FzrvFC63Hx78E7Yt","previousCounter":0,"rootKey":"kl4/BnQSzl9/2FJ0us8T1dpv37McOCnSWkvtz2QKjjA="},"indexInfo":{"baseKey":"BR0liOwHn2R1FHKwyjTlyKEzfIgn+QAXIiPgMu5y/OtC","baseKeyType":1,"closed":-1,"used":1741601639561,"created":1741601639561,"remoteIdentityKey":"BTUXgoUiuf4MGUK04jIULpALuX0yBq3z4Tetzh4Txh5t"},"_chains":{"BVMSflc8RoxiqRLhA/6zO2cbIpXA7ivHrbaGkE0d98Ez":{"chainKey":{"counter":0,"key":"fgafbhK6EDe8fuJf020XGEtlDYb+bdIOr8LLkuhEP8I="},"chainType":1,"messageKeys":{}}},"pendingPreKey":{"signedKeyId":2,"baseKey":"BR0liOwHn2R1FHKwyjTlyKEzfIgn+QAXIiPgMu5y/OtC","preKeyId":548520}}},"version":"v1"}