{"_sessions":{"BZ5bHG84ZXNBg6y/Iwusmq0yatZs8QXFaWQbbPecUERv":{"registrationId":9274,"currentRatchet":{"ephemeralKeyPair":{"pubKey":"Baf8u+C9lN6KKIc3plKBFesvXx3uLATIItSqRxqCh3YP","privKey":"mOIGBIHUR20DA6TSe6/BgPIcqnCmIb2xQ3+TfVzrVFY="},"lastRemoteEphemeralKey":"BS+wbjgEEchHpBGtLnhZ9aioms1dtjL4GgRpQrto9yd8","previousCounter":0,"rootKey":"QMZVtxmuIOPvNvl8t8mFsIl+NL3ZneIPZ0hyeQguf14="},"indexInfo":{"baseKey":"BZ5bHG84ZXNBg6y/Iwusmq0yatZs8QXFaWQbbPecUERv","baseKeyType":1,"closed":-1,"used":1741601638903,"created":1741601638903,"remoteIdentityKey":"BUA8ScOfayk3GkluMj0wX7/JNLtxWrwccCCQhSO/dvwj"},"_chains":{"Baf8u+C9lN6KKIc3plKBFesvXx3uLATIItSqRxqCh3YP":{"chainKey":{"counter":0,"key":"k8PxXi51XyMCeFnQ3oygzRVgLfvwgud/wGs1dnZYMFU="},"chainType":1,"messageKeys":{}}},"pendingPreKey":{"signedKeyId":1,"baseKey":"BZ5bHG84ZXNBg6y/Iwusmq0yatZs8QXFaWQbbPecUERv","preKeyId":1722}}},"version":"v1"}