{"_sessions":{"BRv/VQd+6TK0Pt5awF70fmq8CBPwqlCWEewBqVIMibJW":{"registrationId":351764252,"currentRatchet":{"ephemeralKeyPair":{"pubKey":"BR7KNhxQpJb2LvGvQXIMXW06WfNXpSLSgPSSa7441mQX","privKey":"AF1y8uw7tSKlrDVmfrsK+B54wptWodPYlSVF7Hs97Ek="},"lastRemoteEphemeralKey":"BR7mFHd9niTxse8S00aJZgHcv4g4yS6CO8VZ3BGy40ZH","previousCounter":0,"rootKey":"Xl8f2THR92t0g7Vv5BGTvJ2mpcmaUWAy4cBaAbJ77Qk="},"indexInfo":{"baseKey":"BRv/VQd+6TK0Pt5awF70fmq8CBPwqlCWEewBqVIMibJW","baseKeyType":1,"closed":-1,"used":1741601639117,"created":1741601639117,"remoteIdentityKey":"BZY1G4I1WFqSbrDQygrdQS5A0I7+TuaKodkR+781MnU6"},"_chains":{"BR7KNhxQpJb2LvGvQXIMXW06WfNXpSLSgPSSa7441mQX":{"chainKey":{"counter":0,"key":"LXpnZvqY2QNh05pdBoF6ATdZ5mqvnmH0Xk7y4ZHARw8="},"chainType":1,"messageKeys":{}}},"pendingPreKey":{"signedKeyId":18,"baseKey":"BRv/VQd+6TK0Pt5awF70fmq8CBPwqlCWEewBqVIMibJW","preKeyId":3936716}}},"version":"v1"}