{"_sessions":{"BSrRKPM0eEsUFxQ6YP5gofm7FdIGbDq0esWJLxPnhhcn":{"registrationId":1853,"currentRatchet":{"ephemeralKeyPair":{"pubKey":"BWZ7eiDJTuKwzM18Btw9l3TuHGuTLNCdlLujcE4o6lQ3","privKey":"cFfJMvwO3Y/1VH9diuRFwoAH8N7vogSkoy5Qxes6q2o="},"lastRemoteEphemeralKey":"BSflbA9vhOkXZOQAz6fYcCQl1T5HzVFYVxWzCbj+dyoy","previousCounter":0,"rootKey":"RAjD0EPzzR9fms9DnmyPh5xJG2Ut6A6r/+Fo+5c9Zkc="},"indexInfo":{"baseKey":"BSrRKPM0eEsUFxQ6YP5gofm7FdIGbDq0esWJLxPnhhcn","baseKeyType":1,"closed":-1,"used":1741601636640,"created":1741601636640,"remoteIdentityKey":"BWox4aL9c4G9tWE/ZAiLGFwfJqw/7pStBV0+oJW4znk9"},"_chains":{"BWZ7eiDJTuKwzM18Btw9l3TuHGuTLNCdlLujcE4o6lQ3":{"chainKey":{"counter":0,"key":"72TfmHCtC2RLDbIWJvF9lbbSCv7HuEIoueWEKI6wvmo="},"chainType":1,"messageKeys":{}}},"pendingPreKey":{"signedKeyId":1,"baseKey":"BSrRKPM0eEsUFxQ6YP5gofm7FdIGbDq0esWJLxPnhhcn","preKeyId":5894}}},"version":"v1"}