{"_sessions":{"BUV1aO752ZfGPQvwwYNjSlq+3haBgTpl6+YZEPrVytwM":{"registrationId":289873259,"currentRatchet":{"ephemeralKeyPair":{"pubKey":"Bei3VnXL+2smjcWy/rxUY1+1P++hi240gBd7c7fJ7w40","privKey":"IKQAJSfnEPwK5cVYMgB28pdG86rxZNkbScKPRmU2c3I="},"lastRemoteEphemeralKey":"Bd+sJuFR17K9rWFjNYu7h+jYFgipRq993Mjbo9wjehFd","previousCounter":0,"rootKey":"FkCeqc7fyo3QYf0+60SmGoHqWChi85tUt++aTdTHkWY="},"indexInfo":{"baseKey":"BUV1aO752ZfGPQvwwYNjSlq+3haBgTpl6+YZEPrVytwM","baseKeyType":1,"closed":-1,"used":1741601639064,"created":1741601639064,"remoteIdentityKey":"BbRfBuXO9apM63TcqxewcEvu6eiqns3AXobQ/CJHvrlF"},"_chains":{"Bei3VnXL+2smjcWy/rxUY1+1P++hi240gBd7c7fJ7w40":{"chainKey":{"counter":0,"key":"aQDgYK1zoLVjGHjMBHA8E/Zw1Ez/MOvHWiC83m/VyEI="},"chainType":1,"messageKeys":{}}},"pendingPreKey":{"signedKeyId":35,"baseKey":"BUV1aO752ZfGPQvwwYNjSlq+3haBgTpl6+YZEPrVytwM","preKeyId":1547272}}},"version":"v1"}