{"_sessions":{"BYDDna4me1zHEMx2ZUoludo5lHFhX4QTBvTTO15du4pd":{"registrationId":93551333,"currentRatchet":{"ephemeralKeyPair":{"pubKey":"BTyNkpwo4ofgT4jh6gnKY6jMOxo9yZMIIv4P9tf5C9kT","privKey":"AMa5k8PRgJ3N2qz7DsY1SxJi9pSFlXOJi9aecTy4/28="},"lastRemoteEphemeralKey":"BeHbPB50Zy5wner2fPOMpyTvw5JDsfuSrdIcpSOajzIb","previousCounter":0,"rootKey":"2qqu6mH/9f0btSpZAQuOVk66RTKAgpPL3MQ1FELuJ8g="},"indexInfo":{"baseKey":"BYDDna4me1zHEMx2ZUoludo5lHFhX4QTBvTTO15du4pd","baseKeyType":1,"closed":-1,"used":1741601636732,"created":1741601636732,"remoteIdentityKey":"BVSrGv+dipibPBrnw3JcPH1RiO91IRVjF5+BtO90IKRK"},"_chains":{"BTyNkpwo4ofgT4jh6gnKY6jMOxo9yZMIIv4P9tf5C9kT":{"chainKey":{"counter":0,"key":"5QnHYAHweWcHkB1CszU5VmOCBaLG3vN6AoXXbrvxr3c="},"chainType":1,"messageKeys":{}}},"pendingPreKey":{"signedKeyId":1,"baseKey":"BYDDna4me1zHEMx2ZUoludo5lHFhX4QTBvTTO15du4pd","preKeyId":7293863}}},"version":"v1"}