{"_sessions":{"Bf4J4+s1LKR0z8hA4Up7+rnliaVvwZ4HST+uOhl5QbNb":{"registrationId":2050050184,"currentRatchet":{"ephemeralKeyPair":{"pubKey":"BW0d9NCDDz/BVteIbkwVAdytOf7uWH0CUUa/JVH8Rpt1","privKey":"wJnlHvW8HWkH2v2yhDbwU/HerMKDZBLoRkX3papcnlE="},"lastRemoteEphemeralKey":"BUyCs9B5rSJTgscCHdD6iXw1q+t5OE0pINMFfr58j4AG","previousCounter":0,"rootKey":"xnItp6yfifHSguURuebA/9OoNc29OcLlYYKI36mYoRs="},"indexInfo":{"baseKey":"Bf4J4+s1LKR0z8hA4Up7+rnliaVvwZ4HST+uOhl5QbNb","baseKeyType":1,"closed":-1,"used":1741601639136,"created":1741601639136,"remoteIdentityKey":"BZkWoOQ0Iicd71Cs8CjkgSezbmnKLKqiLlxwC9JkOL52"},"_chains":{"BW0d9NCDDz/BVteIbkwVAdytOf7uWH0CUUa/JVH8Rpt1":{"chainKey":{"counter":0,"key":"kvNz+1XvH3rrVyHTxGyQxvFu+7B19oI1cbFKVjEpWjI="},"chainType":1,"messageKeys":{}}},"pendingPreKey":{"signedKeyId":8542458,"baseKey":"Bf4J4+s1LKR0z8hA4Up7+rnliaVvwZ4HST+uOhl5QbNb","preKeyId":2086}}},"version":"v1"}