{"_sessions":{"BXr+QrEfNZh8UNo9yengWPIQTCSMEw3xbrWUreAxGaI6":{"registrationId":503622854,"currentRatchet":{"ephemeralKeyPair":{"pubKey":"BXs+FLtJpfHMy3VTjcZ3KzKBT9rvWKsWpUzVYizCxw92","privKey":"gJBXbauzwGqUg+hi3LM0RlLtx99O4q9fUXQKcXPy3U8="},"lastRemoteEphemeralKey":"BV0MPG+PAt2I8kkR38Ew+i6RZJoEOcJFZzTPV+75DrQ1","previousCounter":0,"rootKey":"q1szeZw3XHxTxCcoWthHhgx8QRy+7RUXEq+tlropAQ4="},"indexInfo":{"baseKey":"BXr+QrEfNZh8UNo9yengWPIQTCSMEw3xbrWUreAxGaI6","baseKeyType":1,"closed":-1,"used":1741601642141,"created":1741601642141,"remoteIdentityKey":"BU7lAepd+ll3yxPrGEr6MmkK9vSywPCDnUCqO8GF4eAR"},"_chains":{"BXs+FLtJpfHMy3VTjcZ3KzKBT9rvWKsWpUzVYizCxw92":{"chainKey":{"counter":0,"key":"hWFpBr4hzkSUgLHxC9fM8SCTwjmeqMDxvdMJBbM/13c="},"chainType":1,"messageKeys":{}}},"pendingPreKey":{"signedKeyId":5,"baseKey":"BXr+QrEfNZh8UNo9yengWPIQTCSMEw3xbrWUreAxGaI6","preKeyId":10357252}}},"version":"v1"}