{"_sessions":{"BRZbvRixTXABSZ2LfLhnxqjKLa0uQsBtFNnpPUdZwiUP":{"registrationId":128176667,"currentRatchet":{"ephemeralKeyPair":{"pubKey":"BZnVpB+FNxxzGU9Hb9DyHXv8RH80nqNTv1A7kkigQLw2","privKey":"SCz+MiGwZwXw8Fu0CmLJMWfWRT7jrdFQ7uiB08+dvEo="},"lastRemoteEphemeralKey":"BZ0EE4/i1dEGOVSN7UOOAZ8AnxsN0rNW75zj3UAqBrU/","previousCounter":0,"rootKey":"hR7wsL5muI9VKvjkfNhk1QA70onDYdnkiIaNT5+B1kk="},"indexInfo":{"baseKey":"BRZbvRixTXABSZ2LfLhnxqjKLa0uQsBtFNnpPUdZwiUP","baseKeyType":1,"closed":-1,"used":1741601639055,"created":1741601639055,"remoteIdentityKey":"BTq3dACW9wql8SQS2qNuSqbR2um5mGUTs/Jjk5B/0wZl"},"_chains":{"BZnVpB+FNxxzGU9Hb9DyHXv8RH80nqNTv1A7kkigQLw2":{"chainKey":{"counter":0,"key":"pKN45a23qVC7yrpXJ/Qo71nSWbB0BIlomxwSCJ7jhBg="},"chainType":1,"messageKeys":{}}},"pendingPreKey":{"signedKeyId":43,"baseKey":"BRZbvRixTXABSZ2LfLhnxqjKLa0uQsBtFNnpPUdZwiUP","preKeyId":6798574}}},"version":"v1"}