{"_sessions":{"BepPe0Pv952UK/Op/FkeaiEp2pekDpeIWhf/2EzXK0IM":{"registrationId":2105368920,"currentRatchet":{"ephemeralKeyPair":{"pubKey":"BVe5SyaIcKULLxQGRATTI4ZWhQt4bFGisTb1pnXq22U+","privKey":"mDz4I2lqPhd66LuUYfc2/db5pqdCZaAnVPP+XidPcX4="},"lastRemoteEphemeralKey":"BZqvsSWvDqsTdXfMhXSy6nLX+VAYS09W2twTgbM0EfRQ","previousCounter":0,"rootKey":"4i3frN2fyBjgii004z1mCI74Cio2U+Mgv22da+LdICE="},"indexInfo":{"baseKey":"BepPe0Pv952UK/Op/FkeaiEp2pekDpeIWhf/2EzXK0IM","baseKeyType":1,"closed":-1,"used":1741601642109,"created":1741601642109,"remoteIdentityKey":"BaFVAtoKI9AFIlR+G0weAW5HprMt93zG4rJH8hN94WcE"},"_chains":{"BVe5SyaIcKULLxQGRATTI4ZWhQt4bFGisTb1pnXq22U+":{"chainKey":{"counter":0,"key":"COaERWltGGfgVkvgW7Dyyn7E31Lqe+xnxRdinYRJRQ0="},"chainType":1,"messageKeys":{}}},"pendingPreKey":{"signedKeyId":4,"baseKey":"BepPe0Pv952UK/Op/FkeaiEp2pekDpeIWhf/2EzXK0IM","preKeyId":13307011}}},"version":"v1"}