{"_sessions":{"BWhtJgULFEk3JtBoV7igd9wSeRNIm5cn29rL0fDFoNhS":{"registrationId":1960929134,"currentRatchet":{"ephemeralKeyPair":{"pubKey":"BbdonyEtq9r8tBQZ5JulFtggD4tRGq7cf75jKzsW5S84","privKey":"kLYphu/xS94iUjCz0LSe1RYO99NPLDFz+hShTvWXeF0="},"lastRemoteEphemeralKey":"BeJ3JX+isAqBRvPw/oIteEuf5jsMjES1uwzruCXhJsQG","previousCounter":0,"rootKey":"zRQQ8daERN7by6W106u+QsHlYXRhwrnQDJ595Gdjv7U="},"indexInfo":{"baseKey":"BWhtJgULFEk3JtBoV7igd9wSeRNIm5cn29rL0fDFoNhS","baseKeyType":1,"closed":-1,"used":1741601641944,"created":1741601641944,"remoteIdentityKey":"BWCVvV4ZU+vQEh8+UKfNBiVx20iVO2laE5X7R3HJkOQs"},"_chains":{"BbdonyEtq9r8tBQZ5JulFtggD4tRGq7cf75jKzsW5S84":{"chainKey":{"counter":0,"key":"0DCFNZvqLDAEysLBfOa5JcNS/SVwJeSQe7QkSRg5c8I="},"chainType":1,"messageKeys":{}}},"pendingPreKey":{"signedKeyId":3,"baseKey":"BWhtJgULFEk3JtBoV7igd9wSeRNIm5cn29rL0fDFoNhS","preKeyId":16288628}}},"version":"v1"}