{"_sessions":{"BU5gJhBKDjyoBGoSMQlm6RrMLhIwkc/A2vbvjvidUO98":{"registrationId":1943467223,"currentRatchet":{"ephemeralKeyPair":{"pubKey":"BbHKS3+mEOi+APOzjePMPbbpSyr0HiunXcgUzSoMwtxF","privKey":"uFuLYZJQXKzbxWtHjCeGOSlN8ASV8+wmjEqYjveoCH0="},"lastRemoteEphemeralKey":"BaxzmAnFFpbqLNc/rNorUeKd0zIipVNmB3Kz2BWETTgk","previousCounter":0,"rootKey":"YKiTmkX84Oge19tZd40axndzQIDxB17v5VilFn3EN68="},"indexInfo":{"baseKey":"BU5gJhBKDjyoBGoSMQlm6RrMLhIwkc/A2vbvjvidUO98","baseKeyType":1,"closed":-1,"used":1741601639538,"created":1741601639538,"remoteIdentityKey":"BbtGj2lHJ77sM5jyI4prcVViFw2GPRQWeDH9gM+MNk86"},"_chains":{"BbHKS3+mEOi+APOzjePMPbbpSyr0HiunXcgUzSoMwtxF":{"chainKey":{"counter":0,"key":"JGeK/MlgjsEg6j4vxQbN1G2hGZR4yIEfkmgOph+7rIA="},"chainType":1,"messageKeys":{}}},"pendingPreKey":{"signedKeyId":13,"baseKey":"BU5gJhBKDjyoBGoSMQlm6RrMLhIwkc/A2vbvjvidUO98","preKeyId":7486000}}},"version":"v1"}