{"_sessions":{"BYP6I4j68K857REY7co7UErA6IWUGrp1T2Cf4G/EdnQv":{"registrationId":1626713613,"currentRatchet":{"ephemeralKeyPair":{"pubKey":"Be4jbZoY0LpKd8HHcN1B1FIYVzw0+7FCPiHETUMviV1v","privKey":"yMi56X+jHHtHfKciDkSRolUveyUDgz2b3iuEweYWaUo="},"lastRemoteEphemeralKey":"BdR6vRA29AEV2LEAoSLYGb9ixyzk3g+CBecRa7u3xJtW","previousCounter":0,"rootKey":"2A84SC3RiY7ug260ZOE3R3eBeMNE6RdkzyBHRPgHCzY="},"indexInfo":{"baseKey":"BYP6I4j68K857REY7co7UErA6IWUGrp1T2Cf4G/EdnQv","baseKeyType":1,"closed":-1,"used":1741601639472,"created":1741601639472,"remoteIdentityKey":"Bc6k8oMINMWDWsfMa46+FQNt4noruRoITwZkEdBn+D8W"},"_chains":{"Be4jbZoY0LpKd8HHcN1B1FIYVzw0+7FCPiHETUMviV1v":{"chainKey":{"counter":0,"key":"bc4OnR3Q4+Dxs/tQXlv1cUDWqpVOinh6gCFSDPzwVu8="},"chainType":1,"messageKeys":{}}},"pendingPreKey":{"signedKeyId":60,"baseKey":"BYP6I4j68K857REY7co7UErA6IWUGrp1T2Cf4G/EdnQv","preKeyId":7817385}}},"version":"v1"}