{"_sessions":{"BUDy5mz6HXmhPi4VSlNNHcwMiSuYSm6vtEKSMhQ7D1pb":{"registrationId":182571073,"currentRatchet":{"ephemeralKeyPair":{"pubKey":"BfPXXLyv8b91MFmnKrd8qhrjrvIfhgi+YTjjcrsCPZkU","privKey":"QGub2d2D8ujJw5t+qgbDdQYuW9pVSAUFaCmiWLJlekI="},"lastRemoteEphemeralKey":"BQY43oTwOKHC67qF5TLWW5eoItfK2wq8sZ6CgzJZI0Mt","previousCounter":0,"rootKey":"MHflnKB1w1dc0chmuDJi91vPg3I3y91esrmSnxu0VFc="},"indexInfo":{"baseKey":"BUDy5mz6HXmhPi4VSlNNHcwMiSuYSm6vtEKSMhQ7D1pb","baseKeyType":1,"closed":-1,"used":1741601639152,"created":1741601639152,"remoteIdentityKey":"BbZtDTX2W/2zU6pVxkLlifpp58klUicmoQpEVszBsxJr"},"_chains":{"BfPXXLyv8b91MFmnKrd8qhrjrvIfhgi+YTjjcrsCPZkU":{"chainKey":{"counter":0,"key":"0+J3d4eg1mAXgnkm5tP+KGM2gHEH+R59F2eedUgwiTU="},"chainType":1,"messageKeys":{}}},"pendingPreKey":{"signedKeyId":9,"baseKey":"BUDy5mz6HXmhPi4VSlNNHcwMiSuYSm6vtEKSMhQ7D1pb","preKeyId":6752288}}},"version":"v1"}