{"_sessions":{"BUTdH9d6lX6HfMRHUpKPTFJRT2DofRZApslOKxBbRH4Z":{"registrationId":2091332950,"currentRatchet":{"ephemeralKeyPair":{"pubKey":"BYFb/ITV5NFkfUQbK8e9AXe9WV2LNvH7ZIF0C9+Tf/Jt","privKey":"iFKfC7twwbLnl5YXcIIz0r8cQg34cyjp/BSMVI/Zv2I="},"lastRemoteEphemeralKey":"BRXt/u3IURoPZQc5mnDpnSSVq1PGcUUH167YOM8Hhjcl","previousCounter":0,"rootKey":"g74W8JqponCd5KH0+5wnCANZz7rlZaG31V6we7npumY="},"indexInfo":{"baseKey":"BUTdH9d6lX6HfMRHUpKPTFJRT2DofRZApslOKxBbRH4Z","baseKeyType":1,"closed":-1,"used":1741601642135,"created":1741601642135,"remoteIdentityKey":"BSsO6fQ971gfmZx/4fuMgS18ok9esm4vxaJ0YqfXXDR3"},"_chains":{"BYFb/ITV5NFkfUQbK8e9AXe9WV2LNvH7ZIF0C9+Tf/Jt":{"chainKey":{"counter":0,"key":"y7fvChHkasAL0TAJZ2EKzwJY7oYvUZQHn02zMf0M0qM="},"chainType":1,"messageKeys":{}}},"pendingPreKey":{"signedKeyId":1,"baseKey":"BUTdH9d6lX6HfMRHUpKPTFJRT2DofRZApslOKxBbRH4Z","preKeyId":3558145}}},"version":"v1"}