{"_sessions":{"BXUNrMLM0iH7r/Gt4KDB9TzbYZ3rEH4FLCmpZ8Aevfho":{"registrationId":1782633482,"currentRatchet":{"ephemeralKeyPair":{"pubKey":"BQUWCN8gAGbhe63ODdF/rPitDq9zHlLWSOiVyrZhEsA5","privKey":"CLct7jH2P3ltonBJZ81BFKsISReZkwrylqrBoIDyTW0="},"lastRemoteEphemeralKey":"BRc82UBIX8OfAYbC9tnUASWQjS/XjMY4TQmV5aqWhIoj","previousCounter":0,"rootKey":"oFB6BoZLH/eE9z9y2nU9y/Yga4UrWKsyUxB+fbOyhI4="},"indexInfo":{"baseKey":"BXUNrMLM0iH7r/Gt4KDB9TzbYZ3rEH4FLCmpZ8Aevfho","baseKeyType":1,"closed":-1,"used":1741601639485,"created":1741601639485,"remoteIdentityKey":"BY0kFdCifqvHU6WlVUJzMyyA4BAourMV14S6bSoWIAF/"},"_chains":{"BQUWCN8gAGbhe63ODdF/rPitDq9zHlLWSOiVyrZhEsA5":{"chainKey":{"counter":0,"key":"rDC4llX69K5MjoQYtQjGO+ZqReifZ31Qde1wQ6wQasI="},"chainType":1,"messageKeys":{}}},"pendingPreKey":{"signedKeyId":1142525,"baseKey":"BXUNrMLM0iH7r/Gt4KDB9TzbYZ3rEH4FLCmpZ8Aevfho","preKeyId":856}}},"version":"v1"}