{"_sessions":{"BVlGn8PqrTEQ3nhOGqbqjvHQ2m9gs//BmlhtVYyNYBsJ":{"registrationId":1983040535,"currentRatchet":{"ephemeralKeyPair":{"pubKey":"BUWLL1TbzfLpi31ZIxt4pjWtRTDoiDR+hJAWWLUulfA4","privKey":"IF9M+BcnjUbKAOsTDiB1pl7wLHCO1ilaHXCklaPZvGI="},"lastRemoteEphemeralKey":"Bfa1oZCk92jqeRIGNM8tw6V+p1G57AUR58WSb6l5vNhi","previousCounter":0,"rootKey":"JG5gyyjJsGb0FKXIeJ679lKE+A+ML1SazCJ5WtJ8jgU="},"indexInfo":{"baseKey":"BVlGn8PqrTEQ3nhOGqbqjvHQ2m9gs//BmlhtVYyNYBsJ","baseKeyType":1,"closed":-1,"used":1741601638882,"created":1741601638882,"remoteIdentityKey":"Ba1Oq+HvQE/inZkeL6SeZWciRycnqQGAkAIJpAsM4Ph4"},"_chains":{"BUWLL1TbzfLpi31ZIxt4pjWtRTDoiDR+hJAWWLUulfA4":{"chainKey":{"counter":0,"key":"krJrG+IJg0YsO4JjuVx/4cOkYfpDGzSq/mmuhKyGlsk="},"chainType":1,"messageKeys":{}}},"pendingPreKey":{"signedKeyId":0,"baseKey":"BVlGn8PqrTEQ3nhOGqbqjvHQ2m9gs//BmlhtVYyNYBsJ"}}},"version":"v1"}