{"_sessions":{"BT/hjYBcItx8suOX6P9sRwxryRyUUGLp8G3YHvxmyzIg":{"registrationId":1248141821,"currentRatchet":{"ephemeralKeyPair":{"pubKey":"BRdNGGxwrQBVl8ltJko2BIBkmBN/d5derm4mJTd2/kg2","privKey":"eIk8eim7ziha3uDaa8Qp7ajuv5D/aPx3mRzZINtHEk0="},"lastRemoteEphemeralKey":"BR29g2shTizVEKPs/RX0Dv1NjLpkZzVWnATKFs/+wvMO","previousCounter":0,"rootKey":"ZZK/w9pNf92ZjT17rzahd4kV1tQj3jgqm48LJDtt2po="},"indexInfo":{"baseKey":"BT/hjYBcItx8suOX6P9sRwxryRyUUGLp8G3YHvxmyzIg","baseKeyType":1,"closed":-1,"used":1741601639021,"created":1741601639021,"remoteIdentityKey":"BbExgfz28STDwaQfrEPE3cD1VWMAZNatcbtjYRTG1gA1"},"_chains":{"BRdNGGxwrQBVl8ltJko2BIBkmBN/d5derm4mJTd2/kg2":{"chainKey":{"counter":0,"key":"gbqhsKxYu1lNGM1LSI14D0YTTW2cpAbxb633+L/CVtI="},"chainType":1,"messageKeys":{}}},"pendingPreKey":{"signedKeyId":53,"baseKey":"BT/hjYBcItx8suOX6P9sRwxryRyUUGLp8G3YHvxmyzIg","preKeyId":14764204}}},"version":"v1"}