{"_sessions":{"BQYnaKnIJAHyu+Tn91g3TM1FkENSnLECdK17xTrRbX1d":{"registrationId":2491304101,"currentRatchet":{"ephemeralKeyPair":{"pubKey":"BcnnkK/+lO5Ot+DSf6BEuaqDJeILNeIn+2od9/cJldpJ","privKey":"qIUbwVmk8H02scMMsrBOq+wkd+PEaD4VHLdn68oLjUg="},"lastRemoteEphemeralKey":"BSXB+ct/fC2aJzzjSOmlweHhW2fPpzO1xteFP+dwZTND","previousCounter":0,"rootKey":"4dh7QvINATsY+bs+5HolqERg+b3XYLtNrk0DrFPQSIc="},"indexInfo":{"baseKey":"BQYnaKnIJAHyu+Tn91g3TM1FkENSnLECdK17xTrRbX1d","baseKeyType":1,"closed":-1,"used":1741601641758,"created":1741601641758,"remoteIdentityKey":"Bdge9h2/0qT2+S2JYsmpo7U7Bj+0mmFDV/po5DGDVqsl"},"_chains":{"BcnnkK/+lO5Ot+DSf6BEuaqDJeILNeIn+2od9/cJldpJ":{"chainKey":{"counter":0,"key":"E0xo9X1lWH4w/ngeVuEeALe59AsxQQwUivfxNA+lpZ8="},"chainType":1,"messageKeys":{}}},"pendingPreKey":{"signedKeyId":1,"baseKey":"BQYnaKnIJAHyu+Tn91g3TM1FkENSnLECdK17xTrRbX1d"}}},"version":"v1"}