{"_sessions":{"Bbt3Ve3Tf4xeJcG/iiwWct0TuNyIPWMfsJBdTl2mpTVB":{"registrationId":1417848140,"currentRatchet":{"ephemeralKeyPair":{"pubKey":"BSErsnBMhUynV/GclD9HYY2q+gtCzsaNVvPGAvsivMVj","privKey":"wMztkEvTd7YA0FbhbHQd1jqWUR6dp3gbB6m6QqGv2Wo="},"lastRemoteEphemeralKey":"BcWK2mz3YxjXQCPs/Els52COyLmvPDFaTyqFp8IbJ3lB","previousCounter":0,"rootKey":"pTsP8YS0A6ovJ7EBAzVgxILRspl2DIyaQWm8Lcf6YeA="},"indexInfo":{"baseKey":"Bbt3Ve3Tf4xeJcG/iiwWct0TuNyIPWMfsJBdTl2mpTVB","baseKeyType":1,"closed":-1,"used":1741601636668,"created":1741601636668,"remoteIdentityKey":"BVqBNuFwQSfhQxBOOBJOj9eOTHVJqxvyqaXJO9BIo0tl"},"_chains":{"BSErsnBMhUynV/GclD9HYY2q+gtCzsaNVvPGAvsivMVj":{"chainKey":{"counter":1,"key":"T9wy6DPtt9rA1qz3R1QTljOJHUvCpa4gepsMX2QaiCg="},"chainType":1,"messageKeys":{}}},"pendingPreKey":{"signedKeyId":6202102,"baseKey":"Bbt3Ve3Tf4xeJcG/iiwWct0TuNyIPWMfsJBdTl2mpTVB"}}},"version":"v1"}