{"_sessions":{"BZd56b8FT/Ip79w/oDmZ7R5DrADrnmbmCwV/rgQh/a5e":{"registrationId":1384574334,"currentRatchet":{"ephemeralKeyPair":{"pubKey":"BbiuGaP2+gToXwIdiny2uE0pQ4NPd8yAOUTuUjizPWBA","privKey":"cNES2vFtqqiNlXylrpEiLcSpiofoGw+2JuPgs1YECUI="},"lastRemoteEphemeralKey":"BSwOxN1rFHee76THRGSsDoUII5kM89uvqN8kkH4B/wMK","previousCounter":0,"rootKey":"ZvMofAXndcK/OPFwdB/N+PYU/Yk9ME0pwD+B/TiwPAE="},"indexInfo":{"baseKey":"BZd56b8FT/Ip79w/oDmZ7R5DrADrnmbmCwV/rgQh/a5e","baseKeyType":1,"closed":-1,"used":1741601636844,"created":1741601636844,"remoteIdentityKey":"BY4Pjgfo4VlsyhDZhxINOjUGSng84FXfaXmIHfvIk/Mc"},"_chains":{"BbiuGaP2+gToXwIdiny2uE0pQ4NPd8yAOUTuUjizPWBA":{"chainKey":{"counter":1,"key":"UgG6888IK2oA7xuIoWxMqtec49b+kE1LJLynWI0Uj6A="},"chainType":1,"messageKeys":{}}},"pendingPreKey":{"signedKeyId":31,"baseKey":"BZd56b8FT/Ip79w/oDmZ7R5DrADrnmbmCwV/rgQh/a5e"}}},"version":"v1"}