{"_sessions":{"BYRcMWt47SZ8teKn1GLxSlLM1F9qTP73MaHRSopMKzAX":{"registrationId":1613782051,"currentRatchet":{"ephemeralKeyPair":{"pubKey":"BSp2jIJ4HJY6pFhzdtbO04M0gLc6Oa4lPcQBov+WnqVx","privKey":"6MLk4AkHya2fsaR6OTm3nvsHCSHilDIN/xvoPvyeHXs="},"lastRemoteEphemeralKey":"BTxWSz+xCkhJ2+yTvj6/MSvblbdJBDF8O/WdO8vKRAMO","previousCounter":0,"rootKey":"r/u9aCC2M8MLACJrsMx9eT6pTyIgFOUvC+0jE8KpEiU="},"indexInfo":{"baseKey":"BYRcMWt47SZ8teKn1GLxSlLM1F9qTP73MaHRSopMKzAX","baseKeyType":1,"closed":-1,"used":1741601636713,"created":1741601636713,"remoteIdentityKey":"BenA5JD5nBoRt47YanOaXqvo5bLHg/IENHoXW9F0GrZO"},"_chains":{"BSp2jIJ4HJY6pFhzdtbO04M0gLc6Oa4lPcQBov+WnqVx":{"chainKey":{"counter":0,"key":"Vk3rB9+hkg65y1KXPSW5Vyrvq9Qe395mu9mWLuIDDHQ="},"chainType":1,"messageKeys":{}}},"pendingPreKey":{"signedKeyId":0,"baseKey":"BYRcMWt47SZ8teKn1GLxSlLM1F9qTP73MaHRSopMKzAX","preKeyId":11352548}}},"version":"v1"}