{"_sessions":{"BQ67bBVm56taBm3cnSmzgY1n738m8PJvbPdGaXdBsq0a":{"registrationId":155084134,"currentRatchet":{"ephemeralKeyPair":{"pubKey":"BXBXweGMz+B1RjAZhw2Dcqp0EFtoatyxvETkjVOpQFdV","privKey":"wKhQvVlqfWluSZw5/gBZWjVpF9DYptxSvKGDvgcWf34="},"lastRemoteEphemeralKey":"BVA+oxMjQWTD6+YidWGMEGE6DY3Mpx6t3O//8acevUt0","previousCounter":0,"rootKey":"k6UhKIiWYlWWV+klTnx0CUdJcJf5RJOUjXrL1WPUcdA="},"indexInfo":{"baseKey":"BQ67bBVm56taBm3cnSmzgY1n738m8PJvbPdGaXdBsq0a","baseKeyType":1,"closed":-1,"used":1741601641823,"created":1741601641823,"remoteIdentityKey":"BUutBuT9uDStWT5ThzOcxcuJR6CXT8j/LT5PaDEVvwBG"},"_chains":{"BXBXweGMz+B1RjAZhw2Dcqp0EFtoatyxvETkjVOpQFdV":{"chainKey":{"counter":0,"key":"QFUTu5F8Kc4cJD+3rmPuJlZmX+8U//ILWbJWclsFqmU="},"chainType":1,"messageKeys":{}}},"pendingPreKey":{"signedKeyId":0,"baseKey":"BQ67bBVm56taBm3cnSmzgY1n738m8PJvbPdGaXdBsq0a","preKeyId":6268594}}},"version":"v1"}