{"_sessions":{"BefZWCFeu4CBn9QGp2D9hUVoVCyKJ0BS3aXUE4Dt6AAE":{"registrationId":1420434058,"currentRatchet":{"ephemeralKeyPair":{"pubKey":"Bd1raAl8ado2nle/WZtGyJ8eEKV2mnDJEdZwbGkfZV8u","privKey":"0PcluR5RbkBwQr/2cURs1hN1w3gZn6GDLk+ffFja5Wo="},"lastRemoteEphemeralKey":"BXUepXHNYPAro7JR+i/2ZsdvEfeRbiuV8fJgajfuIHRG","previousCounter":0,"rootKey":"ZYbHSQ7lCPZzbSW/0eOPZDvWVl5JBFcg7nxv/BCGHis="},"indexInfo":{"baseKey":"BefZWCFeu4CBn9QGp2D9hUVoVCyKJ0BS3aXUE4Dt6AAE","baseKeyType":1,"closed":-1,"used":1741601636655,"created":1741601636655,"remoteIdentityKey":"BbFtLgOJrbhBsCx1c9vg+8qyQCrMR3uLR5IEPdleIeUc"},"_chains":{"Bd1raAl8ado2nle/WZtGyJ8eEKV2mnDJEdZwbGkfZV8u":{"chainKey":{"counter":1,"key":"RMZVkSysr/FcaPcs7R/kVtxdkt4eRkF4AXp8eF1Y2qA="},"chainType":1,"messageKeys":{}}},"pendingPreKey":{"signedKeyId":11,"baseKey":"BefZWCFeu4CBn9QGp2D9hUVoVCyKJ0BS3aXUE4Dt6AAE","preKeyId":4271650}}},"version":"v1"}