{"_sessions":{"BbYQTl+NIXEtTLAuoMJ0OyrXi1ZEmPfwq02umwS0kiY+":{"registrationId":1523392745,"currentRatchet":{"ephemeralKeyPair":{"pubKey":"Bd0TQuGqQmiO4y1E9Sz1tkBZcG9qaNSJ9jr7rHyEYiRq","privKey":"APPKslK+LINz7DaEvhCli+fYp+GytD5ApwLL0E3Zc2I="},"lastRemoteEphemeralKey":"BUnHM/sJS5fCihFN3dUaxyBAh4zOmX94rm4qXe9J/yUv","previousCounter":0,"rootKey":"PKTiZXRsTUxw20M+Q7GZ4Bt3mmLGpWlH97qALwgjVQ0="},"indexInfo":{"baseKey":"BbYQTl+NIXEtTLAuoMJ0OyrXi1ZEmPfwq02umwS0kiY+","baseKeyType":2,"closed":-1,"used":1741600232222,"created":1741600232222,"remoteIdentityKey":"BQhSLJyzKQM3e2igZ27hHe8x8G/HW6CDwjykxIrMLv4U"},"_chains":{"BUnHM/sJS5fCihFN3dUaxyBAh4zOmX94rm4qXe9J/yUv":{"chainKey":{"counter":1,"key":"H5eYb1fuD01RoSRxC2A5fJvBHirolJPsxIULsatOwf8="},"chainType":2,"messageKeys":{}},"Bd0TQuGqQmiO4y1E9Sz1tkBZcG9qaNSJ9jr7rHyEYiRq":{"chainKey":{"counter":1,"key":"H0O6RKClbxwFYDVQ9YTFV+t9k2UgAXX8jYD+LqnLCVY="},"chainType":1,"messageKeys":{}}}}},"version":"v1"}