{"_sessions":{"BcWvJ8WCKNKXfj78EslpmXgQn+8KrDkOk5aWnbt+ZpQO":{"registrationId":1452324889,"currentRatchet":{"ephemeralKeyPair":{"pubKey":"BbXCe/YD2ExrvjpKQcZ31FviEoo3dQGUIZ9sntIjK20r","privKey":"GIDQ7z5sIHZNZoFciX2SUBWZFz2jbCH6KWe1rP9o22c="},"lastRemoteEphemeralKey":"BSoxhgliQoXFxv2vZJblCmvhEIyvD1Xba76Pe+rb1Oh8","previousCounter":0,"rootKey":"jarMaZgycixds+RH8QpIbWmx3WaITmFc+JKXePfc3pY="},"indexInfo":{"baseKey":"BcWvJ8WCKNKXfj78EslpmXgQn+8KrDkOk5aWnbt+ZpQO","baseKeyType":1,"closed":-1,"used":1741601636796,"created":1741601636796,"remoteIdentityKey":"Ber/zqk1MpnDzQy4P16RsIDMdOHspZyNm8pkBmXukyQq"},"_chains":{"BbXCe/YD2ExrvjpKQcZ31FviEoo3dQGUIZ9sntIjK20r":{"chainKey":{"counter":0,"key":"nKGbm29hHm/pt07FeTKvZ0tHvR2lMeNxlLeT5GoKoy0="},"chainType":1,"messageKeys":{}}},"pendingPreKey":{"signedKeyId":1,"baseKey":"BcWvJ8WCKNKXfj78EslpmXgQn+8KrDkOk5aWnbt+ZpQO","preKeyId":4661299}}},"version":"v1"}