{"_sessions":{"Bd3QVI6DrloGw3suHFxqw5uIfImSKQWleoZM0XSuQopb":{"registrationId":960893869,"currentRatchet":{"ephemeralKeyPair":{"pubKey":"BTf2kncFY4MVABPX7BuO2qf6yXfhgvjqYcA2cVTq/pEl","privKey":"IJQSMp4/hOIBSjAk3CcuLQsqqSYjeabn7np079blIFI="},"lastRemoteEphemeralKey":"BW0p2KFGcmol/FQNbPwtHO2It6K8uX2WkBZrMjinUpE1","previousCounter":0,"rootKey":"t4i9EocdWm2CR5RyWAOXLGsyqSFu88QIvJNlHdBG8fQ="},"indexInfo":{"baseKey":"Bd3QVI6DrloGw3suHFxqw5uIfImSKQWleoZM0XSuQopb","baseKeyType":1,"closed":-1,"used":1741601639107,"created":1741601639107,"remoteIdentityKey":"BbHTnA2rcuNHENaHrfjzsX/J7+1hyRvnG+wfZeD1jFoP"},"_chains":{"BTf2kncFY4MVABPX7BuO2qf6yXfhgvjqYcA2cVTq/pEl":{"chainKey":{"counter":0,"key":"eeKbKPTC4BlnEdM5OAPmVJLA9No+AXCOioMAuSD6S/A="},"chainType":1,"messageKeys":{}}},"pendingPreKey":{"signedKeyId":25,"baseKey":"Bd3QVI6DrloGw3suHFxqw5uIfImSKQWleoZM0XSuQopb","preKeyId":16519673}}},"version":"v1"}