{"_sessions":{"BRxaXugAxIYzv+Ig7bdqOTfm3RLJPVR14ABYXzBIGgNF":{"registrationId":52628713,"currentRatchet":{"ephemeralKeyPair":{"pubKey":"Bb6zXJBaHj3z0ruBp+KU3VRpUClkQBH3nrcAFiqx4KFp","privKey":"4IGrziK/SMKA+F5Ua9Hx/Rg//folqddeP8MS0NKHNVo="},"lastRemoteEphemeralKey":"BRTlc3E3ipYYUtfGNNiUbo9BKvqos1ZPS3kuAqYM+EZ2","previousCounter":0,"rootKey":"hxdZMhus84AHY+k1axYQlx32XzaZ/BQCWk4R5/L354w="},"indexInfo":{"baseKey":"BRxaXugAxIYzv+Ig7bdqOTfm3RLJPVR14ABYXzBIGgNF","baseKeyType":1,"closed":-1,"used":1741601642117,"created":1741601642117,"remoteIdentityKey":"BXmWx3JrIBtB/0I9DbqHwIMiVAOzSkh4gfKC2qSyr5ga"},"_chains":{"Bb6zXJBaHj3z0ruBp+KU3VRpUClkQBH3nrcAFiqx4KFp":{"chainKey":{"counter":0,"key":"7hVFEnUxYwT/OLfsiS2UiLnr5IIFO+43/ODkdyazMMU="},"chainType":1,"messageKeys":{}}},"pendingPreKey":{"signedKeyId":5,"baseKey":"BRxaXugAxIYzv+Ig7bdqOTfm3RLJPVR14ABYXzBIGgNF","preKeyId":11537990}}},"version":"v1"}