{"_sessions":{"BcMax8RlnOL+EL/qwdySVRfRPqfUxcrWjQBsp9S8QKZx":{"registrationId":14496,"currentRatchet":{"ephemeralKeyPair":{"pubKey":"BdZyaDAcc3RLGGo+9xhrxI3pzTGomfeaJsNFYckKox8/","privKey":"qD6XZxDgXQaO2FO0MGHtZI4XMmC62lduxETzX8cC9Fk="},"lastRemoteEphemeralKey":"BaMdOOi5YisWRWCYvkql+73z717Ug4+kvS1DEReSMmNy","previousCounter":0,"rootKey":"jm5EElMk7896Tt1vGLpAef8PCJXXBWttdXs3j9Dotp0="},"indexInfo":{"baseKey":"BcMax8RlnOL+EL/qwdySVRfRPqfUxcrWjQBsp9S8QKZx","baseKeyType":1,"closed":-1,"used":1741601638885,"created":1741601638885,"remoteIdentityKey":"BXuNQ8pHhbAopuWZrNDxbFAIsyPnod5aernWqBC0Ttpn"},"_chains":{"BdZyaDAcc3RLGGo+9xhrxI3pzTGomfeaJsNFYckKox8/":{"chainKey":{"counter":0,"key":"uP6iutYhLHfreVv5KHMfO0zzxO/ENeobuznhPYFjdm8="},"chainType":1,"messageKeys":{}}},"pendingPreKey":{"signedKeyId":2,"baseKey":"BcMax8RlnOL+EL/qwdySVRfRPqfUxcrWjQBsp9S8QKZx","preKeyId":257}}},"version":"v1"}