{"_sessions":{"Bf1+/6CdPUJS1kgp9rnz6xi6DCXu3zE1bQr5/dTZEsxR":{"registrationId":480988090,"currentRatchet":{"ephemeralKeyPair":{"pubKey":"BbrtvPR2bMvpL4PbkZ54YKRwqoJv338VkPZNJAA9y+k6","privKey":"sHPOUTG+ri7eR27lM0S/PQsfwd7iG1EW25CT1N1KDmY="},"lastRemoteEphemeralKey":"BR//Sdshj91qTlZKi1/LXxlLEVnh0dBRdwvhmvFPs1MS","previousCounter":0,"rootKey":"Qcw0qcw0ZPQ17GSiQHb7oULQO0t8ptG6IE/8z0DqFrA="},"indexInfo":{"baseKey":"Bf1+/6CdPUJS1kgp9rnz6xi6DCXu3zE1bQr5/dTZEsxR","baseKeyType":1,"closed":-1,"used":1741601641911,"created":1741601641911,"remoteIdentityKey":"BaHhIZvgX4nOjODAgf77+h9RW4E4Cc6uIoz+VeyBPCtE"},"_chains":{"BbrtvPR2bMvpL4PbkZ54YKRwqoJv338VkPZNJAA9y+k6":{"chainKey":{"counter":0,"key":"+f7bRc/qE1k5o9+K/ehy23Eaehc7T45CxfCJXCWZ+Tk="},"chainType":1,"messageKeys":{}}},"pendingPreKey":{"signedKeyId":9,"baseKey":"Bf1+/6CdPUJS1kgp9rnz6xi6DCXu3zE1bQr5/dTZEsxR","preKeyId":16472121}}},"version":"v1"}