{"_sessions":{"BR/34RTA+m5IcBU8q9iTnIH/rMpS+JHV479p8J688WcP":{"registrationId":1006890151,"currentRatchet":{"ephemeralKeyPair":{"pubKey":"BZS2TD62rqeQ/OpEDKq5UJWa9y0D/RhuimP+27sNlgxr","privKey":"+AJDUjYcIRmEbQ7CoUcVcrsOvnr2pm7lu+CQnBqZt2c="},"lastRemoteEphemeralKey":"BbQUaz33i0BVgDKyX5XrB4BdXNvNYnvR1px0G6FyB9kp","previousCounter":0,"rootKey":"EbLEcfKjmhrvXKH7YpVO56TtKmhLOFq13NAKggN3jqw="},"indexInfo":{"baseKey":"BR/34RTA+m5IcBU8q9iTnIH/rMpS+JHV479p8J688WcP","baseKeyType":1,"closed":-1,"used":1741601636788,"created":1741601636788,"remoteIdentityKey":"BYnBbeojEZ9VXTp0U9y5zn5n8lAhZo0X6j+lYPOLL2UM"},"_chains":{"BZS2TD62rqeQ/OpEDKq5UJWa9y0D/RhuimP+27sNlgxr":{"chainKey":{"counter":1,"key":"D5apwN6KrICRLmWk1Xy66xlsnRCpAKdjR5LGH+KEBP0="},"chainType":1,"messageKeys":{}}},"pendingPreKey":{"signedKeyId":9,"baseKey":"BR/34RTA+m5IcBU8q9iTnIH/rMpS+JHV479p8J688WcP","preKeyId":5529388}}},"version":"v1"}