{"_sessions":{"BbtJ3AB7tssOvh2Pk+BDcZYvqtBZUwtcLghO43ebjBER":{"registrationId":3101,"currentRatchet":{"ephemeralKeyPair":{"pubKey":"BcZPD9AvENM95GJ/JKbWb9BUAuNuo3RRVt87l5L4vQQ+","privKey":"ABfnKy0KdObpSiKmEXyNaL43UdDm+ItCG4Fn4fHOTHo="},"lastRemoteEphemeralKey":"BTM+my20nP/WG2ZuSO9lm+w2ye+tJENzMUjrcgCQlCUv","previousCounter":0,"rootKey":"g2QnXCpHk6fDZFbcwNdQhy0GIX9UZRNgyTF2bbERP7o="},"indexInfo":{"baseKey":"BbtJ3AB7tssOvh2Pk+BDcZYvqtBZUwtcLghO43ebjBER","baseKeyType":1,"closed":-1,"used":1741601641734,"created":1741601641734,"remoteIdentityKey":"BZslsFphA2V3Oi5PRpZup0AP7dNhbhry9yrmhTdlV+8V"},"_chains":{"BcZPD9AvENM95GJ/JKbWb9BUAuNuo3RRVt87l5L4vQQ+":{"chainKey":{"counter":0,"key":"mX6wTa/5f00LsBf6D6djpimX0/thSPQavIuhuZ265AE="},"chainType":1,"messageKeys":{}}},"pendingPreKey":{"signedKeyId":1,"baseKey":"BbtJ3AB7tssOvh2Pk+BDcZYvqtBZUwtcLghO43ebjBER","preKeyId":205}}},"version":"v1"}