{"_sessions":{"BTJuTwwPRAF+qXbS6FfjeGZJp6F8Z6w1o6l5aZoqYC0R":{"registrationId":1234016460,"currentRatchet":{"ephemeralKeyPair":{"pubKey":"BZjYqSqjaeJnybNnBsEBKGZDz925+ewxKFMt44655ypc","privKey":"MGsvSuZMy65bj7NohVT/IlorSz59bNDbqfp9XwK5imA="},"lastRemoteEphemeralKey":"Bfg6E9g55siPevtCvNLD+1/FAK+sSmbCiD1UEKyA0Ehj","previousCounter":0,"rootKey":"YveWTYGevOsgGkj8xgWhe28E3C89NnAfqr3u3Xoi9vE="},"indexInfo":{"baseKey":"BTJuTwwPRAF+qXbS6FfjeGZJp6F8Z6w1o6l5aZoqYC0R","baseKeyType":1,"closed":-1,"used":1741601639095,"created":1741601639095,"remoteIdentityKey":"BQbjKqj2+0fR7ZGv+7CsEch8kwBKw9S4EDcJ8zgkmyVy"},"_chains":{"BZjYqSqjaeJnybNnBsEBKGZDz925+ewxKFMt44655ypc":{"chainKey":{"counter":0,"key":"l7eqBJz9pr0ZJy89s53TEfWePbJA17tRPpSaBexG7rg="},"chainType":1,"messageKeys":{}}},"pendingPreKey":{"signedKeyId":1,"baseKey":"BTJuTwwPRAF+qXbS6FfjeGZJp6F8Z6w1o6l5aZoqYC0R","preKeyId":3601115}}},"version":"v1"}