{"_sessions":{"BXUFwGSDQki45HyA0lJvc9vXsK7uOYBIcfe+nLNV6jUG":{"registrationId":741017465,"currentRatchet":{"ephemeralKeyPair":{"pubKey":"BbiMaXSPrppmWXq0tSZEmd37TxIYQjP5OVkiYAQS3zYp","privKey":"cN0muYbZSRpxfZjw0xYGAbHZyjKeWNzSTd/HvU4gl1k="},"lastRemoteEphemeralKey":"BVIv3E4QPet6E1dqmQKlVees2GPbmBh2oGvcDK6BGkYT","previousCounter":0,"rootKey":"FUSLxEjUEDgmvorWO3U99mSh43MpwO9hAZdfcwSXfHQ="},"indexInfo":{"baseKey":"BXUFwGSDQki45HyA0lJvc9vXsK7uOYBIcfe+nLNV6jUG","baseKeyType":1,"closed":-1,"used":1741601641965,"created":1741601641965,"remoteIdentityKey":"BcBVZEtiegYK6nJuqij3ds3MBxfzieO6T4NBahGbqYUW"},"_chains":{"BbiMaXSPrppmWXq0tSZEmd37TxIYQjP5OVkiYAQS3zYp":{"chainKey":{"counter":0,"key":"uTNkiRWEa3PAQEPiaElYCYgJTwfAq67U4q/2K5UAogo="},"chainType":1,"messageKeys":{}}},"pendingPreKey":{"signedKeyId":3,"baseKey":"BXUFwGSDQki45HyA0lJvc9vXsK7uOYBIcfe+nLNV6jUG","preKeyId":2719425}}},"version":"v1"}