{"_sessions":{"Be2WxejbHQskN5GnkvMeTD443foo6Ivq//tIlRaiEm4r":{"registrationId":1619271303,"currentRatchet":{"ephemeralKeyPair":{"pubKey":"BeuOplyR0yohQwoFKyeRzrlrqq/cF7i8argzvXy3OFp2","privKey":"uFQSkgmx6v+7bBT3GYQH57cgoSsHoSZeSVu4oPkBgUU="},"lastRemoteEphemeralKey":"BTTVdVb2wBKxAW53ObAc328kagRT+eolY0SAAN6cuTp3","previousCounter":0,"rootKey":"W1XcH9sKaEwNFcn1Vw8iVSic4FJJmmaPCWKol69AuS0="},"indexInfo":{"baseKey":"Be2WxejbHQskN5GnkvMeTD443foo6Ivq//tIlRaiEm4r","baseKeyType":1,"closed":-1,"used":1741601639058,"created":1741601639058,"remoteIdentityKey":"Bb6CtAnUitDmxdnZXqeouMyJdmil6IWLHRg8PNOC0Ise"},"_chains":{"BeuOplyR0yohQwoFKyeRzrlrqq/cF7i8argzvXy3OFp2":{"chainKey":{"counter":0,"key":"g/kNk7oDBxH/hALiPuddHWsc/zx9odvYiBcz/+9B4b8="},"chainType":1,"messageKeys":{}}},"pendingPreKey":{"signedKeyId":22,"baseKey":"Be2WxejbHQskN5GnkvMeTD443foo6Ivq//tIlRaiEm4r","preKeyId":6768816}}},"version":"v1"}