{"_sessions":{"BQuqEYt6zsyiC39t6GwZijoqeZmS1RX3saZOeOuMe5gT":{"registrationId":603794297,"currentRatchet":{"ephemeralKeyPair":{"pubKey":"Bb1tLk2nHJrzMALe5s8SD89I8xl+sgQgiehAYdOh9rp9","privKey":"GC7yVJKjrJ0HR9oLwY5fxi2OYg2HRFzbhDqWa0O5bVw="},"lastRemoteEphemeralKey":"BfHrTSLB5SveW4XhuPQznK2p7oFHMU3Ofg8ziB81jd8y","previousCounter":0,"rootKey":"zrAlWS5L3qJq992szYX2WkDHLIUvCHuupYnGd2LGkgE="},"indexInfo":{"baseKey":"BQuqEYt6zsyiC39t6GwZijoqeZmS1RX3saZOeOuMe5gT","baseKeyType":1,"closed":-1,"used":1741601639130,"created":1741601639130,"remoteIdentityKey":"BUQ5mUDITQGxiPaieT9Ra+A7QlmTKFxvi54As63N5oMD"},"_chains":{"Bb1tLk2nHJrzMALe5s8SD89I8xl+sgQgiehAYdOh9rp9":{"chainKey":{"counter":0,"key":"KFzHv1jacCDj2DPihbwJ6GyyGdI2dw3R84KBzEApQx0="},"chainType":1,"messageKeys":{}}},"pendingPreKey":{"signedKeyId":1,"baseKey":"BQuqEYt6zsyiC39t6GwZijoqeZmS1RX3saZOeOuMe5gT","preKeyId":4211772}}},"version":"v1"}