{"_sessions":{"BWJXQuw9Z1y1orNSqZDEBcXyj+ajQyxE3N6xBggy/y5w":{"registrationId":1559827039,"currentRatchet":{"ephemeralKeyPair":{"pubKey":"BQMX8CoouO/4Cv/NIKLedLM4cp/qP0N19wgRIInHQ+kJ","privKey":"ABVHY1h5S2iYbaoV0kX1//2ns4WHhKMmG9O6txXee3Y="},"lastRemoteEphemeralKey":"BflhArORwhnrQvQcQH+/b1xbH/uoQRrk1uNRcuMdH/EB","previousCounter":0,"rootKey":"veP1rENYnTAP8Ype/qqVWacommlH1g+6FAuB+ei4wq4="},"indexInfo":{"baseKey":"BWJXQuw9Z1y1orNSqZDEBcXyj+ajQyxE3N6xBggy/y5w","baseKeyType":1,"closed":-1,"used":1741601636635,"created":1741601636635,"remoteIdentityKey":"BQgYxprgqZ8BDFItYTqZo24HmsoEf2zleC+rEs+2gcJC"},"_chains":{"BQMX8CoouO/4Cv/NIKLedLM4cp/qP0N19wgRIInHQ+kJ":{"chainKey":{"counter":1,"key":"HbK/A2Z+sXpQviyb1uU2wQ4HhS8XF6+7H018vdpcP9U="},"chainType":1,"messageKeys":{}}},"pendingPreKey":{"signedKeyId":1,"baseKey":"BWJXQuw9Z1y1orNSqZDEBcXyj+ajQyxE3N6xBggy/y5w"}}},"version":"v1"}