{"_sessions":{"BW353kvBqe+YZC1hBb+uQDsq7UUU/Q81iCWHqLxjzNkR":{"registrationId":1492997302,"currentRatchet":{"ephemeralKeyPair":{"pubKey":"Ba8+DZOFDY+kjYGRaeSTOJPD+pQvrQbquzYYD81bnzcn","privKey":"2JoyFmu7Xo07bamUQqm7qmbxcMHljNNoBZAKbqFoRl8="},"lastRemoteEphemeralKey":"BXjn30oJJcyNquTMPZ8olMa0Vo/ruWFIKQSnOCtM0zNo","previousCounter":0,"rootKey":"ixud8F1gfrybpR6jwUmvfXGlloUE4MzFNHQN7VdRSpk="},"indexInfo":{"baseKey":"BW353kvBqe+YZC1hBb+uQDsq7UUU/Q81iCWHqLxjzNkR","baseKeyType":1,"closed":-1,"used":1741601641876,"created":1741601641876,"remoteIdentityKey":"BeMxdSG00txNjZDqdD9tP1ajKrpn3Ls0fTeGp0S8ECQd"},"_chains":{"Ba8+DZOFDY+kjYGRaeSTOJPD+pQvrQbquzYYD81bnzcn":{"chainKey":{"counter":0,"key":"yL6/KDT9BbaAFhebxELkvLn17GfJXT34ww//r2B24KQ="},"chainType":1,"messageKeys":{}}},"pendingPreKey":{"signedKeyId":2,"baseKey":"BW353kvBqe+YZC1hBb+uQDsq7UUU/Q81iCWHqLxjzNkR","preKeyId":7194439}}},"version":"v1"}