{"_sessions":{"BYPqlzrGEGMxzrFoQGtcpXLZCgpA/EnW25jnXACF0SBs":{"registrationId":1800351730,"currentRatchet":{"ephemeralKeyPair":{"pubKey":"BfxU3bRKfJ5Rm44cphFfRVpGp8Y2K+wU6DtQGMTk2FsJ","privKey":"iC4JW4DxAprXv95QdihBIl2whVRqZ6V6PvQtMOt/wm0="},"lastRemoteEphemeralKey":"BRsb1TDBTyzwqlcGDKHXWOIqG0h8C7u7pwOyo+TcSrha","previousCounter":0,"rootKey":"/oLKRXumXke9BbtM2uJ0X82YAlhWePSgf6VvS+iy08I="},"indexInfo":{"baseKey":"BYPqlzrGEGMxzrFoQGtcpXLZCgpA/EnW25jnXACF0SBs","baseKeyType":1,"closed":-1,"used":1741601641882,"created":1741601641882,"remoteIdentityKey":"BcudenI3JZ1mCo+re4egH/MW//lQ09larjIBSz3a6RsS"},"_chains":{"BfxU3bRKfJ5Rm44cphFfRVpGp8Y2K+wU6DtQGMTk2FsJ":{"chainKey":{"counter":0,"key":"pmVGcSrY63eDo04yULdQ1IeR2TVIjk5MLPa5gVqw8SU="},"chainType":1,"messageKeys":{}}},"pendingPreKey":{"signedKeyId":12,"baseKey":"BYPqlzrGEGMxzrFoQGtcpXLZCgpA/EnW25jnXACF0SBs","preKeyId":6458179}}},"version":"v1"}