{"_sessions":{"BVyqtbw0zxMw2WTYlZ8U3xkb3a4OxbpoZAI59Pn4ZN5Y":{"registrationId":1555247584,"currentRatchet":{"ephemeralKeyPair":{"pubKey":"BdJ0yTZoaTUxk7QKSrbjIW/hdy92Rh4Jx9J8O3Mxl3NX","privKey":"sNl/Zzju5S9hISEUkQ3ONVV2In3JKnsIecy9RpT0Omc="},"lastRemoteEphemeralKey":"BVmfling1ZHUi3rF3S3IYqPmMth0v7O3Yn2blDA/zusC","previousCounter":0,"rootKey":"ai8hMSf+aNnyNAzssgRFcuMvOSPF6BRFZgNvE1Zhrds="},"indexInfo":{"baseKey":"BVyqtbw0zxMw2WTYlZ8U3xkb3a4OxbpoZAI59Pn4ZN5Y","baseKeyType":1,"closed":-1,"used":1741601638984,"created":1741601638984,"remoteIdentityKey":"BV9l3Hz6rdSsoQZyRj4oAedPVAEMjv5HiqQDTTH4zwNO"},"_chains":{"BdJ0yTZoaTUxk7QKSrbjIW/hdy92Rh4Jx9J8O3Mxl3NX":{"chainKey":{"counter":0,"key":"RW6a1QoLouM9cGFhABs02JooB2zAnLTY67/GB+jGt40="},"chainType":1,"messageKeys":{}}},"pendingPreKey":{"signedKeyId":13,"baseKey":"BVyqtbw0zxMw2WTYlZ8U3xkb3a4OxbpoZAI59Pn4ZN5Y","preKeyId":7787158}}},"version":"v1"}