{"_sessions":{"BVp6I7BBqYsDzx2bEg2wQXR24/rOXXp5+T7/5Eqeev8g":{"registrationId":1416343588,"currentRatchet":{"ephemeralKeyPair":{"pubKey":"BakpxkyEuBJSenWMNSlgnPNNqvzh96rBoQFFVT75l4Ba","privKey":"SAn9EAZuq6xDv/v7yohClZJXA0a+asDoBSZuxo6RaH0="},"lastRemoteEphemeralKey":"BVQ9Kw/Fd0HgN+Fw4Yfz13P9K4MTXu8iDKwd5WKJCF0j","previousCounter":0,"rootKey":"UABkbSnDnYZTifPv31PhSfzw+izxXJ9H0hkgRnqYhuY="},"indexInfo":{"baseKey":"BVp6I7BBqYsDzx2bEg2wQXR24/rOXXp5+T7/5Eqeev8g","baseKeyType":1,"closed":-1,"used":1741601639006,"created":1741601639006,"remoteIdentityKey":"BREofCG7E2V+20a2EyUG3opD8/59hfULNAwLoBDuKLFh"},"_chains":{"BakpxkyEuBJSenWMNSlgnPNNqvzh96rBoQFFVT75l4Ba":{"chainKey":{"counter":0,"key":"x+h+U3WweVcZI4q3Ysrp/LHzWiEZhzB04cdMLP2IM5E="},"chainType":1,"messageKeys":{}}},"pendingPreKey":{"signedKeyId":40,"baseKey":"BVp6I7BBqYsDzx2bEg2wQXR24/rOXXp5+T7/5Eqeev8g","preKeyId":864484}}},"version":"v1"}