{"_sessions":{"BdWeIbt6SF+Y82Q2lRb03lKznE1SScaEsqlnQ/T0H4Yj":{"registrationId":1702985062,"currentRatchet":{"ephemeralKeyPair":{"pubKey":"BfIi+b1BLD+tujfpRreqtpbQntEmQXBu+Xy0ZB0HEzlw","privKey":"6N5++BpZvpD9aMBfbeQ4MLOX0O8DY3eaUcLqyJibUkw="},"lastRemoteEphemeralKey":"BXyacdkiQpW6gPSXhQUfUzStftVoQUeUZdIazYBsnWcN","previousCounter":0,"rootKey":"SpV+yTcWy4o1MrTSBymb8/KgAgY7Np3YAKfa5hZDL1M="},"indexInfo":{"baseKey":"BdWeIbt6SF+Y82Q2lRb03lKznE1SScaEsqlnQ/T0H4Yj","baseKeyType":1,"closed":-1,"used":1741601641905,"created":1741601641905,"remoteIdentityKey":"BTYRI0OjwsRpOFv8etN4LeZ9XTgjJGoYwiNIY1JkKQNq"},"_chains":{"BfIi+b1BLD+tujfpRreqtpbQntEmQXBu+Xy0ZB0HEzlw":{"chainKey":{"counter":0,"key":"p32d5dHdxtMwhbFu0abi7hWWtQgl+7HqD4PNpaUj4lw="},"chainType":1,"messageKeys":{}}},"pendingPreKey":{"signedKeyId":6,"baseKey":"BdWeIbt6SF+Y82Q2lRb03lKznE1SScaEsqlnQ/T0H4Yj","preKeyId":14244172}}},"version":"v1"}