{"_sessions":{"BeCP452gw+cIuqFguRIQLavDgGvXYfaFr/TEyWeetoIO":{"registrationId":200975358,"currentRatchet":{"ephemeralKeyPair":{"pubKey":"BYbgabSew4lRIGZ0pkkoc92UpLnedXKArKZzAv5FWLw2","privKey":"eJel3R1TbSD3pRiP7qG3En6Byvrgcoa29wMH/HFPXVQ="},"lastRemoteEphemeralKey":"BZiPryoXnhEztODNYyFtqEdYQ6vbOzKKA1lz+EkYGyUV","previousCounter":0,"rootKey":"q0NbH23ujwvF84uZ4HpqyqkPcvbEGL1+cXYcoGyBmzo="},"indexInfo":{"baseKey":"BeCP452gw+cIuqFguRIQLavDgGvXYfaFr/TEyWeetoIO","baseKeyType":1,"closed":-1,"used":1741602211026,"created":1741601639519,"remoteIdentityKey":"BTzSx+A8ts8bwRbWzrlQFIA2dkIYSKYgXv3sTlPpjXEC"},"_chains":{"BZiPryoXnhEztODNYyFtqEdYQ6vbOzKKA1lz+EkYGyUV":{"chainKey":{"counter":0,"key":"sumKYpy7tQsvlmcZ5liQCucm5oUhX3iEI062rfyO6WM="},"chainType":2,"messageKeys":{}},"BYbgabSew4lRIGZ0pkkoc92UpLnedXKArKZzAv5FWLw2":{"chainKey":{"counter":-1,"key":"iyEmGrCHCrTHVcwvIGKTDNqlkSzGYrfDH8u5/9OlcUA="},"chainType":1,"messageKeys":{}}}}},"version":"v1"}