{"_sessions":{"BQHDm4e56tly9KNXWREhAygZu2WTp3IABdW7zpGf7xtk":{"registrationId":44473037,"currentRatchet":{"ephemeralKeyPair":{"pubKey":"BUeKS4112Yq/NPfr1O52A0xgI11He6JJglkzi0yOcc8R","privKey":"2DCfSWVnFVI+9IvzuUetTcD6jwMpH7P/6e5PkDXrTHI="},"lastRemoteEphemeralKey":"BZVVX8l89Y057lyzJVR1PTAYceHfiwVsUYM1PkMvkeFu","previousCounter":0,"rootKey":"wn0sNOAdM9I8kLCITlIiM4hE18/tx6aMNwHXAtVqkPw="},"indexInfo":{"baseKey":"BQHDm4e56tly9KNXWREhAygZu2WTp3IABdW7zpGf7xtk","baseKeyType":1,"closed":-1,"used":1741601641982,"created":1741601641982,"remoteIdentityKey":"Bf8P0K7qA4HsgYNLJGPVY4YUOG6CZGAEsnReGvHAwL4W"},"_chains":{"BUeKS4112Yq/NPfr1O52A0xgI11He6JJglkzi0yOcc8R":{"chainKey":{"counter":0,"key":"qYjAcbTLfQGGaOyCo6tIslxoEnqh09E/iwmbLKZ+w68="},"chainType":1,"messageKeys":{}}},"pendingPreKey":{"signedKeyId":9,"baseKey":"BQHDm4e56tly9KNXWREhAygZu2WTp3IABdW7zpGf7xtk","preKeyId":16526836}}},"version":"v1"}