{"_sessions":{"BXJsszUJiuJLMeiIvcQTnWhJHv8Z+i54wo7B+l04+Jkl":{"registrationId":91511256,"currentRatchet":{"ephemeralKeyPair":{"pubKey":"BaPvNnXWRZbxNVMzRs+gGeXmShQ2XMakKGWW5xhEbSJ8","privKey":"KDyrtHJJQ9kesMN+FZXL7d+q3fTHErqNydj39gZPuWQ="},"lastRemoteEphemeralKey":"BZX0j/mowG6Z6iHBIV59CCk4W6cqmyeu79dobs9af/U1","previousCounter":0,"rootKey":"FogJm4kGfYwVrcNqR1a2G3G9j3EZgK/d+hrrfJM/+gI="},"indexInfo":{"baseKey":"BXJsszUJiuJLMeiIvcQTnWhJHv8Z+i54wo7B+l04+Jkl","baseKeyType":1,"closed":-1,"used":1741601639139,"created":1741601639139,"remoteIdentityKey":"BYXEMdiPiXZrtnACTCkiRc1SCqMl/m5arfxMLhkNwFEO"},"_chains":{"BaPvNnXWRZbxNVMzRs+gGeXmShQ2XMakKGWW5xhEbSJ8":{"chainKey":{"counter":0,"key":"3RUVRNuZMVjMIgVDRVb1qYZzMBn4vqBMttZvJUCr39Y="},"chainType":1,"messageKeys":{}}},"pendingPreKey":{"signedKeyId":8,"baseKey":"BXJsszUJiuJLMeiIvcQTnWhJHv8Z+i54wo7B+l04+Jkl","preKeyId":6240894}}},"version":"v1"}