{"_sessions":{"BehUo2w9XlpHQh2m7XvfMtGexdRDl2i1iXXkWYdvwpRY":{"registrationId":1439238086,"currentRatchet":{"ephemeralKeyPair":{"pubKey":"BZ6ktxTTHfvx4vjRYZmzlEAW6fc+DmIOWvTbcNo4IMc/","privKey":"sAsUIpu5mAftSwUIfXrmzsdkL86nE76bMQCpLS8Ld2w="},"lastRemoteEphemeralKey":"BZCgz4pRn8A+m6Jel9dflEiO7qZ6Zk4KAx9qzsyyGAcq","previousCounter":0,"rootKey":"u0JNcfVbwewRMkYq9tyt55tDJNVVZLyXTCgLJtRqSLA="},"indexInfo":{"baseKey":"BehUo2w9XlpHQh2m7XvfMtGexdRDl2i1iXXkWYdvwpRY","baseKeyType":1,"closed":-1,"used":1741601641825,"created":1741601641825,"remoteIdentityKey":"BYncEzVhDfQFKnE8VzWUkhdrMC1d8cRuaqRUQpvoLOpK"},"_chains":{"BZ6ktxTTHfvx4vjRYZmzlEAW6fc+DmIOWvTbcNo4IMc/":{"chainKey":{"counter":0,"key":"J8wOVHSQOxJoLkcgiCLE3LSCgfpv3IZ0DwQkZxJQhkQ="},"chainType":1,"messageKeys":{}}},"pendingPreKey":{"signedKeyId":5,"baseKey":"BehUo2w9XlpHQh2m7XvfMtGexdRDl2i1iXXkWYdvwpRY","preKeyId":16420193}}},"version":"v1"}