{"_sessions":{"BTud+P2sUvwQJaES5UFTtYK5YbKD/MYLLYmVvTBUFpo+":{"registrationId":178502288,"currentRatchet":{"ephemeralKeyPair":{"pubKey":"BfBeT3ov/eJ32rJWH+XpKzVctb9Nn6aCTgjHyu4nsusj","privKey":"4Etid03KMLg/CAv43jIzD//pqCIGIPZfkS/e78sllkQ="},"lastRemoteEphemeralKey":"BfsdAsXud8u25k7C/wGyZ2vKjP8LOmIvlzqlmtl8ZZ10","previousCounter":0,"rootKey":"MPkaCUgUOR7s2JRsnGH9lWfaB0+PbhbYn/oeQxYhowo="},"indexInfo":{"baseKey":"BTud+P2sUvwQJaES5UFTtYK5YbKD/MYLLYmVvTBUFpo+","baseKeyType":1,"closed":-1,"used":1741601638943,"created":1741601638943,"remoteIdentityKey":"BT0K8sXZsgOitZ7b00lYkQuyhjacgCR21ApnZVykh4RU"},"_chains":{"BfBeT3ov/eJ32rJWH+XpKzVctb9Nn6aCTgjHyu4nsusj":{"chainKey":{"counter":0,"key":"Gez4628SjBkRJPyogueCln3wdUiD3v4L1K8e6n18Ii0="},"chainType":1,"messageKeys":{}}},"pendingPreKey":{"signedKeyId":5,"baseKey":"BTud+P2sUvwQJaES5UFTtYK5YbKD/MYLLYmVvTBUFpo+","preKeyId":14099798}}},"version":"v1"}