{"_sessions":{"BcuY52KuBpkgNhrqAyjsc6O3zkKWrFFAkvJAeN+/BQJr":{"registrationId":7513,"currentRatchet":{"ephemeralKeyPair":{"pubKey":"BRGo/emPQNhErREWedcwGtbYpLKQOf+qEB23mguDH4BP","privKey":"yIvTIy2P6SZNnSynud/siHpGKt2vO23lVieqtMqNplI="},"lastRemoteEphemeralKey":"Bax3q0Veys0kz5Lltxs7S0K0pT2W8jfInfYlz7e5Lh8q","previousCounter":0,"rootKey":"310nGRFJI7sf3YOQ3nPPSZO6Fv2+pxk5gbYjMhbOXOI="},"indexInfo":{"baseKey":"BcuY52KuBpkgNhrqAyjsc6O3zkKWrFFAkvJAeN+/BQJr","baseKeyType":1,"closed":-1,"used":1741601638912,"created":1741601638912,"remoteIdentityKey":"Bbghgf6cmfwlsE8kR4eBD1lu5JhgojKmIZQ6fFL8JPF6"},"_chains":{"BRGo/emPQNhErREWedcwGtbYpLKQOf+qEB23mguDH4BP":{"chainKey":{"counter":0,"key":"bvk5BJUkCj3LgbxewL1JlpFF1EGYslxMnRBhJR3DM1M="},"chainType":1,"messageKeys":{}}},"pendingPreKey":{"signedKeyId":2,"baseKey":"BcuY52KuBpkgNhrqAyjsc6O3zkKWrFFAkvJAeN+/BQJr","preKeyId":1385}}},"version":"v1"}