{"_sessions":{"BYOjBxT+HFtpq3BWS6l3Q8N/tSDtFX9pTECPz55aJegZ":{"registrationId":656172099,"currentRatchet":{"ephemeralKeyPair":{"pubKey":"BZ/YimbeN5eEk3H72/S2T3EM5ia4gLaaXB8m6IEEQylP","privKey":"IKf8MbcH86Ts9QiBzQM9CVOI3wgiq9SXy5WHQF97zUg="},"lastRemoteEphemeralKey":"Bbyod5LkS3KVPKbBm5MFief5TPVoA6R+XhfOykUwOk1X","previousCounter":0,"rootKey":"C25vMpD9Uzz+zd9eqxhew1YEWujuUVS8AA0Se0hSsQU="},"indexInfo":{"baseKey":"BYOjBxT+HFtpq3BWS6l3Q8N/tSDtFX9pTECPz55aJegZ","baseKeyType":1,"closed":-1,"used":1741601641879,"created":1741601641879,"remoteIdentityKey":"BRTmTrP2sFy6FqCW1sPmOU5t0TLafTKEKbgKRYkieIgx"},"_chains":{"BZ/YimbeN5eEk3H72/S2T3EM5ia4gLaaXB8m6IEEQylP":{"chainKey":{"counter":0,"key":"I13LunFaRPd83mfe9KPU/fqPrYYb+/CPzEOa5/5wYuk="},"chainType":1,"messageKeys":{}}},"pendingPreKey":{"signedKeyId":0,"baseKey":"BYOjBxT+HFtpq3BWS6l3Q8N/tSDtFX9pTECPz55aJegZ","preKeyId":8590910}}},"version":"v1"}