{"_sessions":{"BY2X7pwy3oVFDU2h9k6JkXQt08Ikxo9dzIfR9e2FVJoI":{"registrationId":857805485,"currentRatchet":{"ephemeralKeyPair":{"pubKey":"BUimFDuqhrJq/wi8RwRAzpw/Ll5pRQuKc+FmZ6JerbZe","privKey":"0Nmm9e14SWwN6k4et9N8VVWDCCx1Fk40YvYtnXONblY="},"lastRemoteEphemeralKey":"BWdZS+qzCGv3p47mGNe/QJCrb7qS2A9qkLN9TToEidYx","previousCounter":0,"rootKey":"2LJXilIbsiBg1eOAAE5QTMB9Qz2yTZYrQts6sj0C2Xk="},"indexInfo":{"baseKey":"BY2X7pwy3oVFDU2h9k6JkXQt08Ikxo9dzIfR9e2FVJoI","baseKeyType":1,"closed":-1,"used":1741601639456,"created":1741601639456,"remoteIdentityKey":"BckWjYXGq8Vajvf1LJ4qI820p5GFSNsPfPLs6ona2KoG"},"_chains":{"BUimFDuqhrJq/wi8RwRAzpw/Ll5pRQuKc+FmZ6JerbZe":{"chainKey":{"counter":0,"key":"Xt/ekbcf8QlyA26W+9wWzRKp7Ok5uEg0qfFA4qbyGYg="},"chainType":1,"messageKeys":{}}},"pendingPreKey":{"signedKeyId":16,"baseKey":"BY2X7pwy3oVFDU2h9k6JkXQt08Ikxo9dzIfR9e2FVJoI","preKeyId":9668489}}},"version":"v1"}