{"_sessions":{"BRvrXhGq4Mli/0i4/9ClXQuE0xIVZYll/79Ilbe/D48V":{"registrationId":1800106694,"currentRatchet":{"ephemeralKeyPair":{"pubKey":"BTOa7AutTfNq99VflBFANSX90rfMwzvNr3SI9T9rKpt5","privKey":"YLDb9vnQ24I3rl7BiVQm8PpPPqVXVYS/KOPEB2/JuHU="},"lastRemoteEphemeralKey":"BWR+LGxpYZ5cPL6OC6lbxcCOSC1uuJHuShegJyOJ024S","previousCounter":0,"rootKey":"ubnabnuhhpF9Vzd2YldbGJ7jEPeeX58b3r6IO4hLa1s="},"indexInfo":{"baseKey":"BRvrXhGq4Mli/0i4/9ClXQuE0xIVZYll/79Ilbe/D48V","baseKeyType":1,"closed":-1,"used":1741601639494,"created":1741601639494,"remoteIdentityKey":"BQzICb9aRJy8ZOts0zxdAkqgT2PbU8kt8bo4qZ6Ros0D"},"_chains":{"BTOa7AutTfNq99VflBFANSX90rfMwzvNr3SI9T9rKpt5":{"chainKey":{"counter":0,"key":"fb4m6RvU8PPf0tcO9R4tdRvbGZJMI1Ue1iTLqQ9KjIM="},"chainType":1,"messageKeys":{}}},"pendingPreKey":{"signedKeyId":0,"baseKey":"BRvrXhGq4Mli/0i4/9ClXQuE0xIVZYll/79Ilbe/D48V","preKeyId":6791081}}},"version":"v1"}