{"_sessions":{"BUcBw/yEguyfUsYxQZquDeYtntquXrhI4k+WUbPLIA0H":{"registrationId":1796568743,"currentRatchet":{"ephemeralKeyPair":{"pubKey":"BYgp2i8A/jabD5K6CQQGZcHWFnjF4SRIM3T1MGVpqiNv","privKey":"2Kp/l1I8lN9HdDEscWSrr2pLsuhQ9zUk2PsPLwFcV34="},"lastRemoteEphemeralKey":"BTHYfj72r/0Ax+HnTzMG00a4vG6EQrCsyoj0oI1GXvp2","previousCounter":0,"rootKey":"ED8Ywm+7bEmPok1rACFaCzMEyAxNpsiNvvEgwBuYk+Q="},"indexInfo":{"baseKey":"BUcBw/yEguyfUsYxQZquDeYtntquXrhI4k+WUbPLIA0H","baseKeyType":1,"closed":-1,"used":1741601636781,"created":1741601636781,"remoteIdentityKey":"BW4LLRXUJocfNLva3cdpfdm+KPFfFgEfWNoD0t9212hG"},"_chains":{"BYgp2i8A/jabD5K6CQQGZcHWFnjF4SRIM3T1MGVpqiNv":{"chainKey":{"counter":1,"key":"A4ZIJukhXxYcCiLx13l8E/x9oAHIc5YUJzPflhEY9ZI="},"chainType":1,"messageKeys":{}}},"pendingPreKey":{"signedKeyId":0,"baseKey":"BUcBw/yEguyfUsYxQZquDeYtntquXrhI4k+WUbPLIA0H"}}},"version":"v1"}