{"_sessions":{"BcIPq46Ra3lI/RYzRGQacVRK3eJMtQzXHfaxL0+AIWZ6":{"registrationId":395702347,"currentRatchet":{"ephemeralKeyPair":{"pubKey":"BeZ+wt5EO6BilL+KxUsLzeZ1RqH7vhROmaFlWG4gP1Et","privKey":"eA0TdpSvq8V/BT0rRJb/GKDU4diBt11/ca1+o7nGqEM="},"lastRemoteEphemeralKey":"BVHS64ViW//s7t6G8ER1UG5ag7TdIwWRCiHTvIGi7uRc","previousCounter":0,"rootKey":"qAUIaMDHzZX1b9l/KFlCClWYjCLQ0ZObrsshp+HENcU="},"indexInfo":{"baseKey":"BcIPq46Ra3lI/RYzRGQacVRK3eJMtQzXHfaxL0+AIWZ6","baseKeyType":1,"closed":-1,"used":1741601636751,"created":1741601636751,"remoteIdentityKey":"BePW8uDeejd4AKcFMEhqDKdcwMj/8D+ETUAZiWSfZ7gr"},"_chains":{"BeZ+wt5EO6BilL+KxUsLzeZ1RqH7vhROmaFlWG4gP1Et":{"chainKey":{"counter":1,"key":"ZHqz09EiX8CnwPw8gDMww8k9PrIaxWF0Pxy2YapSLkA="},"chainType":1,"messageKeys":{}}},"pendingPreKey":{"signedKeyId":0,"baseKey":"BcIPq46Ra3lI/RYzRGQacVRK3eJMtQzXHfaxL0+AIWZ6"}}},"version":"v1"}