{"_sessions":{"BeqY/qc2hBELvI9SrAAJ5uyaAgb3kbjUP6aV7oUJ9K1O":{"registrationId":804834309,"currentRatchet":{"ephemeralKeyPair":{"pubKey":"BW/gDjsTgg09O42wTaTPuyuJdVj0ESTI7Daw7td3FaNx","privKey":"qN+YuAn7HCnmZvACanFA6AfHTK6xnISweJNaDbu1y1U="},"lastRemoteEphemeralKey":"BXuvbJVzLWfI1AUbbrFIHaS4HFZ3N7He8zcivpCHVKhm","previousCounter":0,"rootKey":"k+oY7/gkhHF5354LZELMfsmP5HVc6LMu0SGCqRGu45A="},"indexInfo":{"baseKey":"BeqY/qc2hBELvI9SrAAJ5uyaAgb3kbjUP6aV7oUJ9K1O","baseKeyType":1,"closed":-1,"used":1741601639076,"created":1741601639076,"remoteIdentityKey":"BbikG0hMGSPLM321PgtVxhqwjcTwU7Omf6lz+J53fcpC"},"_chains":{"BW/gDjsTgg09O42wTaTPuyuJdVj0ESTI7Daw7td3FaNx":{"chainKey":{"counter":0,"key":"UBRbZ6IZN2oRb7pt9w/lfW1ZFPpNQNW4h10XY4nHKYs="},"chainType":1,"messageKeys":{}}},"pendingPreKey":{"signedKeyId":2,"baseKey":"BeqY/qc2hBELvI9SrAAJ5uyaAgb3kbjUP6aV7oUJ9K1O","preKeyId":5207448}}},"version":"v1"}