{"_sessions":{"BaWlB/hUPlAM1D4ogVM/bhAs9ELK6R1xErzK/UrC/7tb":{"registrationId":1017997914,"currentRatchet":{"ephemeralKeyPair":{"pubKey":"BTHPy/1HpVcv/FginNLfTIi7YXsCHU1Q39SlWCeWTWxR","privKey":"cExNb5qH3fq4jrqC3sbEEqUWBDVtkCR6Mq73KBG1ZU0="},"lastRemoteEphemeralKey":"BVKAwt2gG6KO7857GPAcnaQGwoJa7K4p4PWl+EUXhMoT","previousCounter":0,"rootKey":"zyVv6cLDWhNg4loxUwIkLmaL28xDjIbOfdjTPz2A7Gk="},"indexInfo":{"baseKey":"BaWlB/hUPlAM1D4ogVM/bhAs9ELK6R1xErzK/UrC/7tb","baseKeyType":1,"closed":-1,"used":1741601639466,"created":1741601639466,"remoteIdentityKey":"BSOWQNE89ZJXfJaq0k+Rxp1yUe1+FbZXAgaVRQp0Deod"},"_chains":{"BTHPy/1HpVcv/FginNLfTIi7YXsCHU1Q39SlWCeWTWxR":{"chainKey":{"counter":0,"key":"AyOpe7v4q5ee/2dya8acK9ryI9p8qWgCGEyALVag9Rg="},"chainType":1,"messageKeys":{}}},"pendingPreKey":{"signedKeyId":0,"baseKey":"BaWlB/hUPlAM1D4ogVM/bhAs9ELK6R1xErzK/UrC/7tb","preKeyId":4860711}}},"version":"v1"}