{"_sessions":{"BQfPGrMV7prwfcCpAY/NjZGKhnODqYfNP9xLewQ999E6":{"registrationId":1764,"currentRatchet":{"ephemeralKeyPair":{"pubKey":"BRo4ZR8yUNmigV5tWZleqg7dIEfNLSr5wUvgTGx3kGFz","privKey":"OEadzKE91J6sJJc4S5awnN9HoVyViyM/xInUQsBqJFo="},"lastRemoteEphemeralKey":"BRW4QmuZaGjP1Q1g5k5QNF3A6h3QKfjEb54Z0ALZLo5j","previousCounter":0,"rootKey":"wdGi0qQphITltZW4/Qq+DDuwI+x+0X3TBKHm7azbQtc="},"indexInfo":{"baseKey":"BQfPGrMV7prwfcCpAY/NjZGKhnODqYfNP9xLewQ999E6","baseKeyType":1,"closed":-1,"used":1741601638856,"created":1741601638856,"remoteIdentityKey":"BQTaSZwzw1n8O7jQHfNF2KDHEu10HIEr/0b7r+W0g6Uo"},"_chains":{"BRo4ZR8yUNmigV5tWZleqg7dIEfNLSr5wUvgTGx3kGFz":{"chainKey":{"counter":0,"key":"/glzmblJndtaNEXFKI/LdFfp1zrbgAuexHwBB0ojeLo="},"chainType":1,"messageKeys":{}}},"pendingPreKey":{"signedKeyId":1,"baseKey":"BQfPGrMV7prwfcCpAY/NjZGKhnODqYfNP9xLewQ999E6"}}},"version":"v1"}