{"_sessions":{"BaNa8EcqVj6C+jcG5/ZPHCdS2BIXL/9II859b6VJ5h0H":{"registrationId":40857861,"currentRatchet":{"ephemeralKeyPair":{"pubKey":"BcDgfH1hG7ELSb445TS0f4VmtpV1CDkRDOPJRD37wAxj","privKey":"+Gf6Hi8wS8Obt767gueoVPk49mbLTSWJZIkBm3UWq0g="},"lastRemoteEphemeralKey":"BUJ+AZ1P2D2Dd9/qFq1Amce92bQ4Cdobpo+UvFNfg05k","previousCounter":0,"rootKey":"uHpRlywumt8zgBn7ownww0v4AQcoQgNMKT1jcJuJC/w="},"indexInfo":{"baseKey":"BaNa8EcqVj6C+jcG5/ZPHCdS2BIXL/9II859b6VJ5h0H","baseKeyType":1,"closed":-1,"used":1741601641884,"created":1741601641884,"remoteIdentityKey":"BTjIcIOG9nnV8o1Yg8VZaytfs1wir8OWEhj6uLyfYCI7"},"_chains":{"BcDgfH1hG7ELSb445TS0f4VmtpV1CDkRDOPJRD37wAxj":{"chainKey":{"counter":0,"key":"DhywUm2+oH8zbYFE75gQo6Uq/keFUqpjvVSdXoNh2ss="},"chainType":1,"messageKeys":{}}},"pendingPreKey":{"signedKeyId":0,"baseKey":"BaNa8EcqVj6C+jcG5/ZPHCdS2BIXL/9II859b6VJ5h0H"}}},"version":"v1"}