{"_sessions":{"Ba/MxJfvQHvLYM4Ptl/jXTHfpq//aM8+Qe6n7tZ52XNg":{"registrationId":2444,"currentRatchet":{"ephemeralKeyPair":{"pubKey":"BWx2Xi/zHCrLyjAmwBSsAgK6YRcdHl9A0mT49fRjp+Rj","privKey":"IMjnn5BWn9uQ4D5RYZCzrpYen8vxBB/0vS67zR7zR2A="},"lastRemoteEphemeralKey":"BUMB3DqRoe2TaGn5o2BMnJDmcElP6yHvULIlYZ6QLjwc","previousCounter":0,"rootKey":"DOQeG1pdhj9+jOrNjRcjzCRM47suuJQb3FS1Glycqsg="},"indexInfo":{"baseKey":"Ba/MxJfvQHvLYM4Ptl/jXTHfpq//aM8+Qe6n7tZ52XNg","baseKeyType":1,"closed":-1,"used":1741601641773,"created":1741601641773,"remoteIdentityKey":"BfyGWEYZjlW3jhocmGO9w2KfISaoGgCRcD3gt3q1uOwD"},"_chains":{"BWx2Xi/zHCrLyjAmwBSsAgK6YRcdHl9A0mT49fRjp+Rj":{"chainKey":{"counter":0,"key":"lFwgpjtnBgV63aZS6NzzKsj2v7vNDM06WVTxJ2ofYqk="},"chainType":1,"messageKeys":{}}},"pendingPreKey":{"signedKeyId":2,"baseKey":"Ba/MxJfvQHvLYM4Ptl/jXTHfpq//aM8+Qe6n7tZ52XNg","preKeyId":689}}},"version":"v1"}