{"_sessions":{"Bc9kmDlHAL1//IlkKblQO03MWt+wYIKnVP0GQl5ozupo":{"registrationId":1543180066,"currentRatchet":{"ephemeralKeyPair":{"pubKey":"BUVxCVWiGhxlM0UKeoGCWUFJGh7iSK8zv579tWGT4B8P","privKey":"UEzLDvAIJPpwKxaNRcmzO6eT7jQjSocZMMbaISmaeU8="},"lastRemoteEphemeralKey":"BX2CIPyz4F3fIpUvA9bbjUXjp0ZSi29rOnUXDweeHh9x","previousCounter":0,"rootKey":"hyrTGQQqz8BAw7kVpI9KV6Uglke7jyMY74uxltQTNKo="},"indexInfo":{"baseKey":"Bc9kmDlHAL1//IlkKblQO03MWt+wYIKnVP0GQl5ozupo","baseKeyType":1,"closed":-1,"used":1741601636735,"created":1741601636735,"remoteIdentityKey":"BZuMDw4uqeGpwMElYAhEkloSROEbFP6aeSKEOOUhXhk9"},"_chains":{"BUVxCVWiGhxlM0UKeoGCWUFJGh7iSK8zv579tWGT4B8P":{"chainKey":{"counter":1,"key":"XEF8Qc/m+rrs/IjoK6LEWBhhXZdGlX5KxKQ1NW/fxUY="},"chainType":1,"messageKeys":{}}},"pendingPreKey":{"signedKeyId":5,"baseKey":"Bc9kmDlHAL1//IlkKblQO03MWt+wYIKnVP0GQl5ozupo","preKeyId":6370327}}},"version":"v1"}