{"_sessions":{"BReYtlMt4TjHSqu4D9YYJoNe0PHGqcynbXeCppDNBRNi":{"registrationId":6337,"currentRatchet":{"ephemeralKeyPair":{"pubKey":"BdPV0/4hDl08PDSdcYQo95WcmiA3hadMLtvXlc1j3xZI","privKey":"iMbF/0Fs3auoZYa8gWCG5N3bILfyR3vj++glcV1023U="},"lastRemoteEphemeralKey":"BWL8WyCZ9u6pWDHCU6ry7Q78CTHGV/BZrtyjruj8j08H","previousCounter":0,"rootKey":"hbQ0eU4zq4obRRrHihB4N8kqCApWt9D1sGKP2blz8oA="},"indexInfo":{"baseKey":"BReYtlMt4TjHSqu4D9YYJoNe0PHGqcynbXeCppDNBRNi","baseKeyType":1,"closed":-1,"used":1741601638870,"created":1741601638870,"remoteIdentityKey":"BfJQM+dZgIxIyjZEqZHIeZGmUt1SI+x+4rOZzXXGeuIr"},"_chains":{"BdPV0/4hDl08PDSdcYQo95WcmiA3hadMLtvXlc1j3xZI":{"chainKey":{"counter":0,"key":"CoEt83sRFGHVWz3PlPNcikMFv6dfpoL308YH8OsMzf0="},"chainType":1,"messageKeys":{}}},"pendingPreKey":{"signedKeyId":1,"baseKey":"BReYtlMt4TjHSqu4D9YYJoNe0PHGqcynbXeCppDNBRNi"}}},"version":"v1"}