{"_sessions":{"Bf99PYU8HZZRX0qKwQbcxYGzrBuIciXK90LPhH6mf8Qd":{"registrationId":68,"currentRatchet":{"ephemeralKeyPair":{"pubKey":"BRf+6MjakOTVAWbMJGctIV2IBwQoGRmIzX1XZrdOrtwv","privKey":"4GeY2jMhYi068eFD05eu0IY4FwtTOB3Nlytni2NlUGY="},"lastRemoteEphemeralKey":"BcHPLBV0QLlNuzJZdFJdyZWyShGaAR2vTUFSmTEBRRsZ","previousCounter":0,"rootKey":"NUSNa7UAkHYOORiE4N3s7m/8BGkr+pYKU1kSH31+6bE="},"indexInfo":{"baseKey":"Bf99PYU8HZZRX0qKwQbcxYGzrBuIciXK90LPhH6mf8Qd","baseKeyType":1,"closed":-1,"used":1741601636642,"created":1741601636642,"remoteIdentityKey":"BXlY/FiA604raLXme+35HEbAkgE3PqDveRSmWuTNNXko"},"_chains":{"BRf+6MjakOTVAWbMJGctIV2IBwQoGRmIzX1XZrdOrtwv":{"chainKey":{"counter":0,"key":"mNkV3Ykz4fBeKWx59c0KuXP320xAmn4XANsZi5DLkgU="},"chainType":1,"messageKeys":{}}},"pendingPreKey":{"signedKeyId":1,"baseKey":"Bf99PYU8HZZRX0qKwQbcxYGzrBuIciXK90LPhH6mf8Qd"}}},"version":"v1"}