{"_sessions":{"BR2CQn5WfqXyOD5IIuQ2LY8U2vt7lXOfmajZlhzvgyJY":{"registrationId":449753678,"currentRatchet":{"ephemeralKeyPair":{"pubKey":"BZ2P4BUf+63d2F0fOF/aa7lVTZ3uMLRymlqbDQwZ31U+","privKey":"sKGLODtmP/H3I7njCtWcWvVP/Usd9xDftudo2whLMUQ="},"lastRemoteEphemeralKey":"Bf1/6y2jyleKMREnU8sue9b4zpRaahpDPztsR75knKg3","previousCounter":0,"rootKey":"+rSMHRcvX6UVAz0N8B0P2crwIz+iq0Jd6SLyU7VtNUI="},"indexInfo":{"baseKey":"BR2CQn5WfqXyOD5IIuQ2LY8U2vt7lXOfmajZlhzvgyJY","baseKeyType":1,"closed":-1,"used":1741601641971,"created":1741601641971,"remoteIdentityKey":"BeHwruQ/zHgc3CPq2kbu9JVdNUmc07/WqXDa8+sQawJQ"},"_chains":{"BZ2P4BUf+63d2F0fOF/aa7lVTZ3uMLRymlqbDQwZ31U+":{"chainKey":{"counter":0,"key":"9xZGx80CQZZQ8F96jPP54eQA57LBR18YMR6uvcS+zyE="},"chainType":1,"messageKeys":{}}},"pendingPreKey":{"signedKeyId":7,"baseKey":"BR2CQn5WfqXyOD5IIuQ2LY8U2vt7lXOfmajZlhzvgyJY","preKeyId":970748}}},"version":"v1"}