{"_sessions":{"BfAhXjrzQj3abSGxCWxX1F/KjShMFbPcDZm9AAw0DPEu":{"registrationId":786713534,"currentRatchet":{"ephemeralKeyPair":{"pubKey":"BdmYRHBz248Oq/Co17TOE5RlnPaR1/G4tuXNJl6otTEn","privKey":"SOlgSmaeYEcrsuCI26Hx+8I1jyqFwCpNys+X3LaE6kQ="},"lastRemoteEphemeralKey":"BeFNfm8dD5E9EE4Ac8ivQePSufbhqKKoZzGe3NJeXDVK","previousCounter":0,"rootKey":"NZ8GN/Il8yGxC/MsoJ9mr92sp9AOwKCf0Xwcdu7BfOc="},"indexInfo":{"baseKey":"BfAhXjrzQj3abSGxCWxX1F/KjShMFbPcDZm9AAw0DPEu","baseKeyType":1,"closed":-1,"used":1741601641930,"created":1741601641930,"remoteIdentityKey":"Bf6bnYn229ibpoJA39UkL7GxZckmoLv12sddrsK4q/VW"},"_chains":{"BdmYRHBz248Oq/Co17TOE5RlnPaR1/G4tuXNJl6otTEn":{"chainKey":{"counter":0,"key":"NpCHTXBj0HrvFl60eNVfNcxwofhHJC7raFeHBtOXgDA="},"chainType":1,"messageKeys":{}}},"pendingPreKey":{"signedKeyId":16,"baseKey":"BfAhXjrzQj3abSGxCWxX1F/KjShMFbPcDZm9AAw0DPEu","preKeyId":15685445}}},"version":"v1"}