{"_sessions":{"BW8buHr3HIQhxmPYQX2gD355jrmZVTmyusor/RJN5RVX":{"registrationId":1162187250,"currentRatchet":{"ephemeralKeyPair":{"pubKey":"BchjgtDJdXaDCaVXzSPV0P3J98HWWSi1ItqudqfQE8QW","privKey":"cNYPmatwd4sa+CWcD8ohfHX47DfmUBvfQxdrfpnU+WQ="},"lastRemoteEphemeralKey":"BS5y713WRO+KAW4boL1hicQ9ld62Y6k8QLNuBAuldJ4j","previousCounter":0,"rootKey":"Wdwhh+Jg9QVJ4TvM4hlcXjdj/KNRRggbYsW0r0NcYjU="},"indexInfo":{"baseKey":"BW8buHr3HIQhxmPYQX2gD355jrmZVTmyusor/RJN5RVX","baseKeyType":1,"closed":-1,"used":1741601638946,"created":1741601638946,"remoteIdentityKey":"BVrOiW59ZB5uW3/TbmivoqUy9jk8WlDDVqfHeB38GvNQ"},"_chains":{"BchjgtDJdXaDCaVXzSPV0P3J98HWWSi1ItqudqfQE8QW":{"chainKey":{"counter":0,"key":"ahS5stlXje1XHMsl/SusBvCPjmspdqlL3ckHzyYS8hc="},"chainType":1,"messageKeys":{}}},"pendingPreKey":{"signedKeyId":11,"baseKey":"BW8buHr3HIQhxmPYQX2gD355jrmZVTmyusor/RJN5RVX","preKeyId":5085140}}},"version":"v1"}