{"_sessions":{"BbpuRGILL5pMR0TMyQdRHu5OmSKQ1UqPYlvPCTSG1owK":{"registrationId":199,"currentRatchet":{"ephemeralKeyPair":{"pubKey":"BYsoIeRV5E5YZ7GQ6gMlfaXrHMXpc/5UkfN2vFt91+dm","privKey":"mMcecFRtA2mC+b+X8Wcy38euRRd0T598aSu4wuke6mg="},"lastRemoteEphemeralKey":"BSzV+6oZz/drHi9j0CTiBh/qCzyAdu2aKqmLdfshx05N","previousCounter":0,"rootKey":"lg3xf26+ay0p39Qg+alwXX6LcxjplEXv0a1HENJQcY8="},"indexInfo":{"baseKey":"BbpuRGILL5pMR0TMyQdRHu5OmSKQ1UqPYlvPCTSG1owK","baseKeyType":1,"closed":-1,"used":1741601641741,"created":1741601641741,"remoteIdentityKey":"Baq3jO5yuCLah+ZS5R/b5/QCIJiOYyJbCsSoGCNS7igq"},"_chains":{"BYsoIeRV5E5YZ7GQ6gMlfaXrHMXpc/5UkfN2vFt91+dm":{"chainKey":{"counter":0,"key":"EHFe/g9RuuWTJYH7M9JKICdizi1Bb0oN1MgGnP5Whsc="},"chainType":1,"messageKeys":{}}},"pendingPreKey":{"signedKeyId":1,"baseKey":"BbpuRGILL5pMR0TMyQdRHu5OmSKQ1UqPYlvPCTSG1owK"}}},"version":"v1"}