{"_sessions":{"BW8zydtb+MIxbg9+cTWLFoubXgbxtGkzmhvl/leBDp0R":{"registrationId":1156418666,"currentRatchet":{"ephemeralKeyPair":{"pubKey":"BaJPhFlwozsXJtB5zM8qpfexmw3H/IpGDtXWrJ0xkkAd","privKey":"wNV9dA3TaNvmjQqPuaeuLa2dUD5sQpnq09PROr6Ljmo="},"lastRemoteEphemeralKey":"BahJOiwzVNkzq+0kScmbV+z7ZQAYo6xyjAPLcqdLwe1l","previousCounter":0,"rootKey":"7yjhq9HzwDTwrajafO7iPVmqBahqcIdXb43Ppr6IeOY="},"indexInfo":{"baseKey":"BW8zydtb+MIxbg9+cTWLFoubXgbxtGkzmhvl/leBDp0R","baseKeyType":1,"closed":-1,"used":1741601641809,"created":1741601641809,"remoteIdentityKey":"BWDFfPv8bWfQNFl6amj0UPdo9skXSR0H8kvDQU1yVBJD"},"_chains":{"BaJPhFlwozsXJtB5zM8qpfexmw3H/IpGDtXWrJ0xkkAd":{"chainKey":{"counter":0,"key":"o9FelckLPblnjbrrcTIIDaoV9tuUqvfc53mtaY1B3Fw="},"chainType":1,"messageKeys":{}}},"pendingPreKey":{"signedKeyId":26,"baseKey":"BW8zydtb+MIxbg9+cTWLFoubXgbxtGkzmhvl/leBDp0R","preKeyId":14688501}}},"version":"v1"}