{"_sessions":{"BVGwISmc4kGDESOR71A73yDSb9SmBGsCtUqJHhltj1kv":{"registrationId":1550411265,"currentRatchet":{"ephemeralKeyPair":{"pubKey":"BY30HGgzhuD6GEbrhnEeuV9ekEGuBCBQKCr1/D+8jyF/","privKey":"2FKTnF5d8Nv1bqzjR2036Rem2ixFxScSLeOgBAEdsX4="},"lastRemoteEphemeralKey":"BZPmTy0Dqr5K0+scDYKJXOhPPtuA9tvXzbmK4yn588ED","previousCounter":0,"rootKey":"Dz+RLnWwzdxIQQRpJfXr0KBi6OP8NxxA+YmXs5o5zno="},"indexInfo":{"baseKey":"BVGwISmc4kGDESOR71A73yDSb9SmBGsCtUqJHhltj1kv","baseKeyType":1,"closed":-1,"used":1741601641887,"created":1741601641887,"remoteIdentityKey":"BTfC7IaO8K42dQ6/AdQztZWeAl/uoo3MeGXmn7OpGxdF"},"_chains":{"BY30HGgzhuD6GEbrhnEeuV9ekEGuBCBQKCr1/D+8jyF/":{"chainKey":{"counter":0,"key":"3RLx8bCTJtI1pA7p0mjHW3SxrGHT+5UJxfeoxkmLrss="},"chainType":1,"messageKeys":{}}},"pendingPreKey":{"signedKeyId":0,"baseKey":"BVGwISmc4kGDESOR71A73yDSb9SmBGsCtUqJHhltj1kv"}}},"version":"v1"}