{"_sessions":{"BUIdMuwD1CLOb40oTgY7Y+fH5/Uj32FtzOLDWzB5lwd+":{"registrationId":4211,"currentRatchet":{"ephemeralKeyPair":{"pubKey":"Bc/4r1t/2IJQESJb6vkLE6fT8GrO37zVqU3fxiHzJ09A","privKey":"qEI+wIlRhrPMfJruzWWh7nEbDYj5tv5iVr6pzr34gGw="},"lastRemoteEphemeralKey":"BWW/4j53prOYAMHTyx/g9wvOuO3ZeABNOCYVG9IeOTUR","previousCounter":0,"rootKey":"XormCWcH6LUq1PEBtpQbxE02BAFWvUwUVrbi4TVH4V4="},"indexInfo":{"baseKey":"BUIdMuwD1CLOb40oTgY7Y+fH5/Uj32FtzOLDWzB5lwd+","baseKeyType":1,"closed":-1,"used":1741601638915,"created":1741601638915,"remoteIdentityKey":"BfEmY1EaTwjf5QgGvCMiJLx29hU5mvxFW9SmAJelSIUH"},"_chains":{"Bc/4r1t/2IJQESJb6vkLE6fT8GrO37zVqU3fxiHzJ09A":{"chainKey":{"counter":0,"key":"zgZn9Pt8XR/bDyzqyHbAi0lWTPa0f8IdPY8fFWNHJCs="},"chainType":1,"messageKeys":{}}},"pendingPreKey":{"signedKeyId":1,"baseKey":"BUIdMuwD1CLOb40oTgY7Y+fH5/Uj32FtzOLDWzB5lwd+","preKeyId":936}}},"version":"v1"}