{"_sessions":{"BfLdVzbuh19gwte5rtwUStTK+PkBc+qg0Op8IIS3p3Ja":{"registrationId":420403527,"currentRatchet":{"ephemeralKeyPair":{"pubKey":"BScTE178DP5SStmnc0ppbajqyou6WLsYDoAjM/rcAF0Z","privKey":"SOIAAMr0uabBFDEy9L5Ewe4kDu+BsC2CBuqkkChcxkk="},"lastRemoteEphemeralKey":"Bel3ulm6OWRBjEvvCoPUUhf2nMe2cxR95oQNL3H5Hzw3","previousCounter":0,"rootKey":"kQTldpEyup/6jq8d+DDYa8O+uolWTcViYu7oM93MUO4="},"indexInfo":{"baseKey":"BfLdVzbuh19gwte5rtwUStTK+PkBc+qg0Op8IIS3p3Ja","baseKeyType":1,"closed":-1,"used":1741602138079,"created":1741601638999,"remoteIdentityKey":"BW/9TMAYAWXzwxF+EulGZonkaafctk+RlEAu5q6cpXcB"},"_chains":{"Bel3ulm6OWRBjEvvCoPUUhf2nMe2cxR95oQNL3H5Hzw3":{"chainKey":{"counter":0,"key":"U096PQDEcP9amdq2/9+9cQ4QvrkQPOJdlehfuvczpo0="},"chainType":2,"messageKeys":{}},"BScTE178DP5SStmnc0ppbajqyou6WLsYDoAjM/rcAF0Z":{"chainKey":{"counter":-1,"key":"4DOJgym1+jtMTl+8WrxyIKq580yg+nz1alluuFEBji8="},"chainType":1,"messageKeys":{}}}}},"version":"v1"}