{"_sessions":{"BSo5H/anbaMYh8UogeyY9Pfd5gHHG0JR7jDK+8Jo739Y":{"registrationId":681,"currentRatchet":{"ephemeralKeyPair":{"pubKey":"BXfHer91SKyu9T/j27XzYHI/kfEdiiU8IPRJ4Kp0zP4R","privKey":"IMbEJox6pSgMASgEISuVW8FduqfABGx4SPpUD0KkjEU="},"lastRemoteEphemeralKey":"BeG9Ykpx9cm0ouDazR0NMdjrF+HIrW3V25gdPK+z8LIi","previousCounter":0,"rootKey":"HBeS4Yzp709RWPi6Tu0qbN4TtwVPy5cIdV43ORlL180="},"indexInfo":{"baseKey":"BSo5H/anbaMYh8UogeyY9Pfd5gHHG0JR7jDK+8Jo739Y","baseKeyType":1,"closed":-1,"used":1741601638894,"created":1741601638894,"remoteIdentityKey":"BYmCZtP9cshVxjhf2GRagD/Jq/oOY7eaxWgYv5pq6h8+"},"_chains":{"BXfHer91SKyu9T/j27XzYHI/kfEdiiU8IPRJ4Kp0zP4R":{"chainKey":{"counter":0,"key":"7f6hZbZe+nitnOhx/dpXBjkgqPKtsAZfEUmVgwTe47U="},"chainType":1,"messageKeys":{}}},"pendingPreKey":{"signedKeyId":1,"baseKey":"BSo5H/anbaMYh8UogeyY9Pfd5gHHG0JR7jDK+8Jo739Y","preKeyId":531}}},"version":"v1"}