{"_sessions":{"BQ522BwC0JM5L0oJE8cjOka//3xUWzWWdQkEqERE7XMw":{"registrationId":132854563,"currentRatchet":{"ephemeralKeyPair":{"pubKey":"BdYxmvCe1iQ6RXpd1FWuxZx19muKyPR+KgnQpLn8rph2","privKey":"6OIdSDB1F5AnjB120M4eRWa3o+dzcjabbPr96jRcdVs="},"lastRemoteEphemeralKey":"BYSlQLH3OM3NqTqZxUxCcRmCcf0VTKBJjVAFEs5MKq8a","previousCounter":0,"rootKey":"cuyLHg3PAAzQWdpaQiPNAzHAafZz1OxTf6MH5POLJOI="},"indexInfo":{"baseKey":"BQ522BwC0JM5L0oJE8cjOka//3xUWzWWdQkEqERE7XMw","baseKeyType":1,"closed":-1,"used":1741601636726,"created":1741601636726,"remoteIdentityKey":"BU4xygIlcv1kXaVncpO/rMA4VrhpMVNf15Xb/l0+yaQG"},"_chains":{"BdYxmvCe1iQ6RXpd1FWuxZx19muKyPR+KgnQpLn8rph2":{"chainKey":{"counter":1,"key":"Ndxtc+i36eMW5k3Tgvc0qzxwoCEM6SlqPRr1OkNT5Mg="},"chainType":1,"messageKeys":{}}},"pendingPreKey":{"signedKeyId":1,"baseKey":"BQ522BwC0JM5L0oJE8cjOka//3xUWzWWdQkEqERE7XMw","preKeyId":13165328}}},"version":"v1"}