{"_sessions":{"BV4DNiKOmvgHbZLt6GOhnZQ2HnmTAh3IqsTupIIhBuYI":{"registrationId":337476299,"currentRatchet":{"ephemeralKeyPair":{"pubKey":"BRa8mYtLvuQc/wZ5+6GxyiuGoiExKitLuPbtNlEjSH48","privKey":"oAm0SZhxqJnMxB7VjlpL/dNppxvIa+fWB9hirk1LQ20="},"lastRemoteEphemeralKey":"BbEPWoDg/c73SjhQ4aZXDhKWPzudXX9z6MrA++amfrV9","previousCounter":0,"rootKey":"1we3XW7XbiIYugGhuJhcg53lTylNCBdRmtzGu0ADLRs="},"indexInfo":{"baseKey":"BV4DNiKOmvgHbZLt6GOhnZQ2HnmTAh3IqsTupIIhBuYI","baseKeyType":1,"closed":-1,"used":1741601636648,"created":1741601636648,"remoteIdentityKey":"BVy3uzIIoaF6oCp66wtgEUz3Jz4IjMzYIge3nBzqlb9r"},"_chains":{"BRa8mYtLvuQc/wZ5+6GxyiuGoiExKitLuPbtNlEjSH48":{"chainKey":{"counter":1,"key":"DUGdS44odHHlR0OJAOEQu0cDv1DaL0gQLDCyLhbW0bM="},"chainType":1,"messageKeys":{}}},"pendingPreKey":{"signedKeyId":0,"baseKey":"BV4DNiKOmvgHbZLt6GOhnZQ2HnmTAh3IqsTupIIhBuYI","preKeyId":7205012}}},"version":"v1"}