{"_sessions":{"BT5QqV5ODahcOH+pYDB+9ICEk6NZpKMNVAnk2iWoQk8j":{"registrationId":208,"currentRatchet":{"ephemeralKeyPair":{"pubKey":"Bby6y7Qflg1dyYrCZ/VUuA7zcKeWjPE9f+yfwpSNQ7Up","privKey":"AGWed6hdB6L7L1MTtzdKKMbSRhMv1Rb2N0dyDzIrjFU="},"lastRemoteEphemeralKey":"BbceulakJeY2zAyNppTRNdNzm5ealauk3sZ2RPbroQRJ","previousCounter":0,"rootKey":"zh0kpDtA5YNnh/ZFRACV9vjAHtMsFeZ0YFVZzPm0ke8="},"indexInfo":{"baseKey":"BT5QqV5ODahcOH+pYDB+9ICEk6NZpKMNVAnk2iWoQk8j","baseKeyType":1,"closed":-1,"used":1741601636645,"created":1741601636645,"remoteIdentityKey":"BQEqf/roFaH5e655943TBaVjpz0K9JoMYIocHgsatS0u"},"_chains":{"Bby6y7Qflg1dyYrCZ/VUuA7zcKeWjPE9f+yfwpSNQ7Up":{"chainKey":{"counter":0,"key":"5bf9U9lWvC9qOEDbkA9rDtrI7pzhEZOMGGveUmb7nyI="},"chainType":1,"messageKeys":{}}},"pendingPreKey":{"signedKeyId":1,"baseKey":"BT5QqV5ODahcOH+pYDB+9ICEk6NZpKMNVAnk2iWoQk8j"}}},"version":"v1"}