{"_sessions":{"BW4EJj7022MQjQRyXLvdqUrRtoKvlvouk1YE6dxNmOYr":{"registrationId":471330393,"currentRatchet":{"ephemeralKeyPair":{"pubKey":"BQHN2iI26X4+s4ft85W+7nyEDD3xPO3I47YmnBWlXeQw","privKey":"sGbV8lXFzPxDRCBwnwSNCK/+cIG/YMJHSg97Lp0KDGE="},"lastRemoteEphemeralKey":"BTq4O6J1rOTZJQ5IQ2yWzIgy/sfNAeBCUS0htZknRjkN","previousCounter":0,"rootKey":"IJaZc99b6sW4HKUCwlwJwtxwKRa+HLu5SyAYUTOECck="},"indexInfo":{"baseKey":"BW4EJj7022MQjQRyXLvdqUrRtoKvlvouk1YE6dxNmOYr","baseKeyType":1,"closed":-1,"used":1741601639447,"created":1741601639447,"remoteIdentityKey":"BYwpSBlqv3lU55uNE2Hyj3btHT0CUqIPEr0A7cXJhoAn"},"_chains":{"BQHN2iI26X4+s4ft85W+7nyEDD3xPO3I47YmnBWlXeQw":{"chainKey":{"counter":0,"key":"Kd4BXP6vbUH5ynxYuIRBtSC+XvOV7eW+Rn5vk4dWjFk="},"chainType":1,"messageKeys":{}}},"pendingPreKey":{"signedKeyId":0,"baseKey":"BW4EJj7022MQjQRyXLvdqUrRtoKvlvouk1YE6dxNmOYr","preKeyId":13790912}}},"version":"v1"}