{"_sessions":{"BW4w76OCru+3BUEcc0xEhUbYVJ6bxi+KkMeRd9y1M/MQ":{"registrationId":1369844244,"currentRatchet":{"ephemeralKeyPair":{"pubKey":"BVPwz/+giYXf/L5LTHGx6edDuUh5R56bD8qrGKljCWEr","privKey":"6BnqRPHOQmccms0lDHToCnXHiTFCtZELU3NEupRJc20="},"lastRemoteEphemeralKey":"BayyGXnAvR0+6xMg3hp4vFpU+i/CHi1tpCDH2hVtXI8j","previousCounter":0,"rootKey":"kX+Slzwg6WRoQmf9Dq/Oy35cSWNlT4ve7LOHuKf94d4="},"indexInfo":{"baseKey":"BW4w76OCru+3BUEcc0xEhUbYVJ6bxi+KkMeRd9y1M/MQ","baseKeyType":1,"closed":-1,"used":1741601636707,"created":1741601636707,"remoteIdentityKey":"BYPF+0T2yMbYyUmUdPkkgXLlvItQQtvKYZ9HPZ3PCsxU"},"_chains":{"BVPwz/+giYXf/L5LTHGx6edDuUh5R56bD8qrGKljCWEr":{"chainKey":{"counter":1,"key":"I4cF4ke+YAyK2ug0raAN3hjbHh6MBgmlcVYeFPzxvvE="},"chainType":1,"messageKeys":{}}},"pendingPreKey":{"signedKeyId":1,"baseKey":"BW4w76OCru+3BUEcc0xEhUbYVJ6bxi+KkMeRd9y1M/MQ"}}},"version":"v1"}