{"_sessions":{"BSYx7W4iJloIt2NugpHK+gkyQzOjDR6PlKWlzenForsJ":{"registrationId":10868,"currentRatchet":{"ephemeralKeyPair":{"pubKey":"BRsaeNc5Rs0vqq3B8y9cBCaBjPexp+vk1xk2905eEkhI","privKey":"6IOfFzyVqpKUD/LLIdGteigIMQsqD6ajS5NquQ7smls="},"lastRemoteEphemeralKey":"BRKmm4YJgCrTkl760jUPg/UTE9N21IPi0BvGrH2GG/Ea","previousCounter":0,"rootKey":"fJD0TPK4lpUWVqOaf1FB0Gl9jOJNCbIdoMNqDlH5ILY="},"indexInfo":{"baseKey":"BSYx7W4iJloIt2NugpHK+gkyQzOjDR6PlKWlzenForsJ","baseKeyType":1,"closed":-1,"used":1741601638858,"created":1741601638858,"remoteIdentityKey":"BYODa4FWctMsa9FwbwZnLORVPh5tmGeWHDGIH1+LvjwM"},"_chains":{"BRsaeNc5Rs0vqq3B8y9cBCaBjPexp+vk1xk2905eEkhI":{"chainKey":{"counter":0,"key":"F5au4aRP2xm+68xhM9rnRn2IuMZ/aIrlg/fznI7U5qU="},"chainType":1,"messageKeys":{}}},"pendingPreKey":{"signedKeyId":1,"baseKey":"BSYx7W4iJloIt2NugpHK+gkyQzOjDR6PlKWlzenForsJ"}}},"version":"v1"}