{"_sessions":{"BaWUVX9OzM1mhSTfdtPs/FDRVNA7aG1mhgpN2p97dIIR":{"registrationId":1743746598,"currentRatchet":{"ephemeralKeyPair":{"pubKey":"BWVdIZRE7WgvATXTo7HApsq4H515+7d/LcDXblPQbZlJ","privKey":"OC4jKIyjFYHb5YUAmVxvlXs01uereUcyzHU9PoC3j2I="},"lastRemoteEphemeralKey":"BZ/ovzkSH0qTl8X0E/LI2tcvKdtVDYIgdxyhDD6uAdET","previousCounter":0,"rootKey":"3TP7qCSOUdaHi5MGjd8EK71lRew2Tl6oQaTmJYUu8pc="},"indexInfo":{"baseKey":"BaWUVX9OzM1mhSTfdtPs/FDRVNA7aG1mhgpN2p97dIIR","baseKeyType":1,"closed":-1,"used":1741601638934,"created":1741601638934,"remoteIdentityKey":"BTWHNJAer4XFdZSYUg3olhhH/QOMacO6oX/B2uRsm1Q0"},"_chains":{"BWVdIZRE7WgvATXTo7HApsq4H515+7d/LcDXblPQbZlJ":{"chainKey":{"counter":0,"key":"TrYTBgs0x7ZZ9M7K6YfKGJ3xmW6P5Bs2Uh6YzppyqRg="},"chainType":1,"messageKeys":{}}},"pendingPreKey":{"signedKeyId":12,"baseKey":"BaWUVX9OzM1mhSTfdtPs/FDRVNA7aG1mhgpN2p97dIIR","preKeyId":4997424}}},"version":"v1"}