{"_sessions":{"Bf21A9ps899wttRGRW6SZ2mm4mFjwOrgRjLPtFT7i8wz":{"registrationId":12379,"currentRatchet":{"ephemeralKeyPair":{"pubKey":"Bcpp8mMn1/xvQhiuWrqKLLT27CV0qQcckHwt8dVSxMBX","privKey":"cENkh5AJmt//vWm2sg3Orcx5kTCmErXYIAfvWArCyWA="},"lastRemoteEphemeralKey":"BXww/oQmHQoQzQ+4P1hppdJ98PhzhnjoBTWjhq8L1esj","previousCounter":0,"rootKey":"vbKxUDPNr4HVCNDZdmxyjjjuSdGeJEAoC2u0keOLuoY="},"indexInfo":{"baseKey":"Bf21A9ps899wttRGRW6SZ2mm4mFjwOrgRjLPtFT7i8wz","baseKeyType":1,"closed":-1,"used":1741601641716,"created":1741601641716,"remoteIdentityKey":"BffrmytcU1tFHS8y6Z3GAwlvoppcIJXzCBK9nd+PNBVo"},"_chains":{"Bcpp8mMn1/xvQhiuWrqKLLT27CV0qQcckHwt8dVSxMBX":{"chainKey":{"counter":0,"key":"4/pNVG9hFZADLplWW5zgcAZ1OLDnt8xmsx+WHihlR9s="},"chainType":1,"messageKeys":{}}},"pendingPreKey":{"signedKeyId":1,"baseKey":"Bf21A9ps899wttRGRW6SZ2mm4mFjwOrgRjLPtFT7i8wz","preKeyId":7088}}},"version":"v1"}