{"_sessions":{"BbXD/Z2CWxlTV4xZTkyalMm0BgOBBj3FxFw6jy2rs7dd":{"registrationId":1102927519,"currentRatchet":{"ephemeralKeyPair":{"pubKey":"BU8tsvwO2+BtuYPPXa8XrJJAeAldulubx+wDFSNa1loG","privKey":"4MZWpg+J4bIX+oD2HyVAwy5PtCcH4njwcUrPCKhk7mE="},"lastRemoteEphemeralKey":"BQxIGkRC+5fAA6zKh/wBjbOudhtQPFVpQ9Nw9xwHluck","previousCounter":0,"rootKey":"WveYwPtQBv0JkrRZ2HavJkRM17mFdQz7M+vI6MDxkeY="},"indexInfo":{"baseKey":"BbXD/Z2CWxlTV4xZTkyalMm0BgOBBj3FxFw6jy2rs7dd","baseKeyType":1,"closed":-1,"used":1741601641815,"created":1741601641815,"remoteIdentityKey":"Bf1YTNm4OimlMMORE83q9AsOVLZ2+j5WxRcsDLkZcncs"},"_chains":{"BU8tsvwO2+BtuYPPXa8XrJJAeAldulubx+wDFSNa1loG":{"chainKey":{"counter":0,"key":"TabTexqMf/wDq4eQIsbP6TDT498jM5HO0uLeQ7InRsA="},"chainType":1,"messageKeys":{}}},"pendingPreKey":{"signedKeyId":13,"baseKey":"BbXD/Z2CWxlTV4xZTkyalMm0BgOBBj3FxFw6jy2rs7dd","preKeyId":10252017}}},"version":"v1"}