{"_sessions":{"BZ4lx3CtpHTBhV0S3nOVuJjmFqki/dm9RzDTl/X7+rln":{"registrationId":526230390,"currentRatchet":{"ephemeralKeyPair":{"pubKey":"Bd86E6H0KbWMmaPKUyxxs2ERfMCCxUDr5n7u+vZFQkJ9","privKey":"iJhegNCuU/+yj3T4uRpd+DGrowIkeGcmqcTsTCAv4UM="},"lastRemoteEphemeralKey":"BTgcdpBigfMcQ36q05QEAYi6k1UqByIGLYaTD0wiTTd6","previousCounter":0,"rootKey":"aUv7JRckz5sue43PyTggQDpwI6tla8TmBC4Prx7Ihpw="},"indexInfo":{"baseKey":"BZ4lx3CtpHTBhV0S3nOVuJjmFqki/dm9RzDTl/X7+rln","baseKeyType":1,"closed":-1,"used":1741601636665,"created":1741601636665,"remoteIdentityKey":"Betono3/fEOo1IO4/5EN86fZPaXz95Xh1CqOJcUPJLUM"},"_chains":{"Bd86E6H0KbWMmaPKUyxxs2ERfMCCxUDr5n7u+vZFQkJ9":{"chainKey":{"counter":1,"key":"0ipNREfW2UayHMf6sX8o2HaMsOlPTO1VrgySrkQ81y8="},"chainType":1,"messageKeys":{}}},"pendingPreKey":{"signedKeyId":12,"baseKey":"BZ4lx3CtpHTBhV0S3nOVuJjmFqki/dm9RzDTl/X7+rln"}}},"version":"v1"}