{"_sessions":{"BRX7OtKF/3KVFiWlYAFEhFQtUMX13ib3+S1hTudUoYgW":{"registrationId":198,"currentRatchet":{"ephemeralKeyPair":{"pubKey":"BS8bL/fAxkBszA07r6QGDDGVLAi0XryyER8DN2z92Z8M","privKey":"CDDyRXSsGGuYBodBXtOULkUTxPeAK07SN9APAbhh/nw="},"lastRemoteEphemeralKey":"BY3KwT4rA/mKjCbuycX+wwftXdQI2GYRiIFCI7/690gn","previousCounter":0,"rootKey":"EYJXcbA0fGEPmGmSziPCJR6q3HFzJc2zIaiv6aHlFbU="},"indexInfo":{"baseKey":"BRX7OtKF/3KVFiWlYAFEhFQtUMX13ib3+S1hTudUoYgW","baseKeyType":2,"closed":-1,"used":1741600767722,"created":1741600767722,"remoteIdentityKey":"BYoaATmWRO1NL4993o+EEmYhPjJjhzX7zmcmfVPxGtoX"},"_chains":{"BY3KwT4rA/mKjCbuycX+wwftXdQI2GYRiIFCI7/690gn":{"chainKey":{"counter":0,"key":"v8zk47fVxrIWWk8ne7aMMaZr3Z7/xnYXa5UZHBhGZao="},"chainType":2,"messageKeys":{}},"BS8bL/fAxkBszA07r6QGDDGVLAi0XryyER8DN2z92Z8M":{"chainKey":{"counter":1,"key":"7wQOh5bnpLsucXxZ4A1ZEAmCkLLMOsZPvEY8W1MGryI="},"chainType":1,"messageKeys":{}}}}},"version":"v1"}