{"_sessions":{"BdyVdRPZq9x+8Lk/ioyUi4DE1exFt6kG8nt8zvRb7Bxs":{"registrationId":1135261941,"currentRatchet":{"ephemeralKeyPair":{"pubKey":"BaLczLguSgyVmzzPfpc8IlqiK+Wd+A4HdEcxw3g7gfN6","privKey":"oDbPY/wzZ9CuP35Fxkq0XO/zVmOl/cgbSxi1o8s5M10="},"lastRemoteEphemeralKey":"BX+1zNA9ZNtVVT5i0x+nbpHpa90zkSkI7PYnIrJt39cm","previousCounter":0,"rootKey":"2n4VHCm4fSZ68FIIeg8UBUvHlwgBsubKbt1rPVyPj2Q="},"indexInfo":{"baseKey":"BdyVdRPZq9x+8Lk/ioyUi4DE1exFt6kG8nt8zvRb7Bxs","baseKeyType":1,"closed":-1,"used":1741601641974,"created":1741601641974,"remoteIdentityKey":"BeNIfyHI2mxOufC0tsR91dOhKHoDmHz1M4OMFapxF+pP"},"_chains":{"BaLczLguSgyVmzzPfpc8IlqiK+Wd+A4HdEcxw3g7gfN6":{"chainKey":{"counter":0,"key":"1pct9gIkq880coBcKf0GDS37G88dc0To7Dqrfc5tOXI="},"chainType":1,"messageKeys":{}}},"pendingPreKey":{"signedKeyId":1,"baseKey":"BdyVdRPZq9x+8Lk/ioyUi4DE1exFt6kG8nt8zvRb7Bxs","preKeyId":10573932}}},"version":"v1"}