{"_sessions":{"BYnpqwfKtb4KfuMy0juNcEcyyEXdQmC9y6/wbOkTc+x2":{"registrationId":1113740073,"currentRatchet":{"ephemeralKeyPair":{"pubKey":"Bc/CJV7rLE94YrOm+2lZIbi3uQ8qXMtoHZ8N5gpWrxth","privKey":"SDWgfgirhrtobmjmuliTkr8tgo6DL+t6xZMv898ZC3A="},"lastRemoteEphemeralKey":"BYSMcgc1Nj82x+tdGGX6CcsITuZjDpQWHFkdQf0TWjNe","previousCounter":0,"rootKey":"Dgfp4Mz8D3mZQ0tnFuEUpMm/VrC0TDzTks/03uCOB1Q="},"indexInfo":{"baseKey":"BYnpqwfKtb4KfuMy0juNcEcyyEXdQmC9y6/wbOkTc+x2","baseKeyType":1,"closed":-1,"used":1741601638993,"created":1741601638993,"remoteIdentityKey":"BR9QS4A9WnuZ6PCRUwVFerL8O+7YhJ1gigT5o+wHNh54"},"_chains":{"Bc/CJV7rLE94YrOm+2lZIbi3uQ8qXMtoHZ8N5gpWrxth":{"chainKey":{"counter":0,"key":"Ejdoicg+daaUumnHhVtVJ1D0VchtKp4B5liFMdU2m8c="},"chainType":1,"messageKeys":{}}},"pendingPreKey":{"signedKeyId":16515553,"baseKey":"BYnpqwfKtb4KfuMy0juNcEcyyEXdQmC9y6/wbOkTc+x2","preKeyId":4657}}},"version":"v1"}