{"_sessions":{"BcZQlj3dIboQkseAhnQxDltkMCz8GvWA+qqlkK1sUcZc":{"registrationId":1292698070,"currentRatchet":{"ephemeralKeyPair":{"pubKey":"Bd1t+TXQiNADdDx53Brk77S7hBEkGdHLEit/FEMsJc4P","privKey":"IJRxsvx6GkQwYy0CY+mW62BO2/t+hlDZIn+xQFSws0Y="},"lastRemoteEphemeralKey":"BX5Dl7COFPgc9KieStJ7q7N+166YpP1fpZ7bqkSyy+pA","previousCounter":0,"rootKey":"FtFiNpVxpVum2uzJQguuuGGtNWrLoI5V1PlZMf1iel0="},"indexInfo":{"baseKey":"BcZQlj3dIboQkseAhnQxDltkMCz8GvWA+qqlkK1sUcZc","baseKeyType":1,"closed":-1,"used":1741601638996,"created":1741601638996,"remoteIdentityKey":"BR7Q7n4t6m4gsEtecbgqOIJsTpFBi3vT84AZIqcXpGRV"},"_chains":{"Bd1t+TXQiNADdDx53Brk77S7hBEkGdHLEit/FEMsJc4P":{"chainKey":{"counter":0,"key":"SbKoMuU4KHKyjgIive0R+CBB97OtPrO1/T/y7S0oIwQ="},"chainType":1,"messageKeys":{}}},"pendingPreKey":{"signedKeyId":26,"baseKey":"BcZQlj3dIboQkseAhnQxDltkMCz8GvWA+qqlkK1sUcZc","preKeyId":12811085}}},"version":"v1"}