{"_sessions":{"BcvruAS87mwbIBPbkWhwssJjUAlSk7DrzOyoHqzypMdQ":{"registrationId":1351695370,"currentRatchet":{"ephemeralKeyPair":{"pubKey":"BeG2Rz527uNhKzQMaZQGbDCqHiE0MSkeGjsAvDkAdzAv","privKey":"iG+GL8wuXhb4sIE7GAZQXDyxkn26LnJDJfE+im6Bc1g="},"lastRemoteEphemeralKey":"BX2GFEFKYnE6BXI0Q2lhF54IcxOOa+oWTzemy3i8+i9Z","previousCounter":0,"rootKey":"DNK0MnrYejZl4Egg6/mKjqeM+sqxpUPGvZHV8liJQac="},"indexInfo":{"baseKey":"BcvruAS87mwbIBPbkWhwssJjUAlSk7DrzOyoHqzypMdQ","baseKeyType":1,"closed":-1,"used":1741601636699,"created":1741601636699,"remoteIdentityKey":"BRBF6DwWsRqY2qjgino6Xhdfi1hwF+havzuPZkST2r54"},"_chains":{"BeG2Rz527uNhKzQMaZQGbDCqHiE0MSkeGjsAvDkAdzAv":{"chainKey":{"counter":1,"key":"bUEL4RZHuzXTXAzhXRa1llfExqRRTSZkfhkYMudfL0M="},"chainType":1,"messageKeys":{}}},"pendingPreKey":{"signedKeyId":11,"baseKey":"BcvruAS87mwbIBPbkWhwssJjUAlSk7DrzOyoHqzypMdQ","preKeyId":750756}}},"version":"v1"}