{"_sessions":{"BWFsgvoVt8HlDcwmNB/EMoXjpFzly7TgreYksAMY5SBZ":{"registrationId":16258,"currentRatchet":{"ephemeralKeyPair":{"pubKey":"BXgs9WIdDsP8PnHqtfgSJxYwkQm+fuKkPL4zAjbedbIa","privKey":"sIZKiJjGBU1ywEa7YXZZeBs7gSKFuyNLhWgHKejprmw="},"lastRemoteEphemeralKey":"BYFm8cuJ40ORlwWEu6w6zUn26TzkukOllxf/keRYxy9y","previousCounter":0,"rootKey":"pcqnhP+m/oYKTqX/rJ6TgNp9M87zXsAZvb6rPLnNREE="},"indexInfo":{"baseKey":"BWFsgvoVt8HlDcwmNB/EMoXjpFzly7TgreYksAMY5SBZ","baseKeyType":1,"closed":-1,"used":1741601638876,"created":1741601638876,"remoteIdentityKey":"BQ6VMuUhTlzEctlJpqM2cAZMcmYnlqsXKNn10lHaVW4Y"},"_chains":{"BXgs9WIdDsP8PnHqtfgSJxYwkQm+fuKkPL4zAjbedbIa":{"chainKey":{"counter":0,"key":"lD/bJC2ECP0u9nt95q7HyieIinf6ZA5GOBz7OKw9FNU="},"chainType":1,"messageKeys":{}}},"pendingPreKey":{"signedKeyId":1,"baseKey":"BWFsgvoVt8HlDcwmNB/EMoXjpFzly7TgreYksAMY5SBZ","preKeyId":766}}},"version":"v1"}