{"_sessions":{"BWJHRk+g58pfdlrl7K+wM/OpVeCb0wrrKmJ2+rMVU+FS":{"registrationId":18885857,"currentRatchet":{"ephemeralKeyPair":{"pubKey":"BRrrstvac3yDKBcKv/79JXNE5/UXSfcPxbt0Z6bx99p4","privKey":"WE6FBTN3rMFJ7iGH0Ge4vfiwpa6F+F9Yve45THbWh2k="},"lastRemoteEphemeralKey":"BfdwBry/w4HwtJl6VcNfxlYi618D39HpkY/grR7836FE","previousCounter":0,"rootKey":"MoBLANGEJgxM5ZJbeNh5shYpLbEyZxOmUooeDcR+Rw4="},"indexInfo":{"baseKey":"BWJHRk+g58pfdlrl7K+wM/OpVeCb0wrrKmJ2+rMVU+FS","baseKeyType":1,"closed":-1,"used":1741601636710,"created":1741601636710,"remoteIdentityKey":"BaGV6AeHfEmekigylnvso5t/HLklJT4HiIOdWX7mbGtw"},"_chains":{"BRrrstvac3yDKBcKv/79JXNE5/UXSfcPxbt0Z6bx99p4":{"chainKey":{"counter":1,"key":"I9A5f2ipRsDWNIhgieZatUnEZbNy/3vjhNAoKqc5ryc="},"chainType":1,"messageKeys":{}}},"pendingPreKey":{"signedKeyId":13,"baseKey":"BWJHRk+g58pfdlrl7K+wM/OpVeCb0wrrKmJ2+rMVU+FS","preKeyId":1375748}}},"version":"v1"}