{"_sessions":{"BY/ZLv3sV2CHr+2Q0OyLo01geygjf2lXFAeDlzs6hwsW":{"registrationId":2086345436,"currentRatchet":{"ephemeralKeyPair":{"pubKey":"Bfd+LpCy5k78wE4T59AkIXjFd6iUP1FElhpe10GqhWgy","privKey":"kH0sSmRuEogLfw5qR6ygD3wbTrAhCX+KKSHLvnd++kQ="},"lastRemoteEphemeralKey":"BTo5VObGkeLzylzrjiflA8qJ00SOOqoH5SRiNVOG9Mxj","previousCounter":0,"rootKey":"GMjWbJsxwK6S2YOmK5lLANDiFY3e/FSeB6Tw1nWELRc="},"indexInfo":{"baseKey":"BY/ZLv3sV2CHr+2Q0OyLo01geygjf2lXFAeDlzs6hwsW","baseKeyType":1,"closed":-1,"used":1741601639500,"created":1741601639500,"remoteIdentityKey":"BdvvozP0+ayynHgqGh40p5f/ti44/QAuMBj7XwoqzNZV"},"_chains":{"Bfd+LpCy5k78wE4T59AkIXjFd6iUP1FElhpe10GqhWgy":{"chainKey":{"counter":0,"key":"94WQoaqdEVOm/rNkRVd1/yiKLdb2Qv2z0MqOmqCNj58="},"chainType":1,"messageKeys":{}}},"pendingPreKey":{"signedKeyId":9,"baseKey":"BY/ZLv3sV2CHr+2Q0OyLo01geygjf2lXFAeDlzs6hwsW","preKeyId":13494527}}},"version":"v1"}