{"_sessions":{"BZ3MlVDZ1L15k4b31Tzs3pNSEgMqPS9NihG5+lUPHpI/":{"registrationId":1334575222,"currentRatchet":{"ephemeralKeyPair":{"pubKey":"BcppwSvz3CenmoJcDjONDSGQTMqa2SvFeQe/8IigUzdt","privKey":"mI/QZRiF5AYt/L9qClGYiKYEAiaozqLM3p1nvtIY+2M="},"lastRemoteEphemeralKey":"BdZ0d5rOO/AXfPgrcRjoNJ68bAN8xqxqSmrFm9NC28Az","previousCounter":0,"rootKey":"y00lBiBvBT07w+rT1Y4WbATddBnFJbB/sNxdgXJD1zI="},"indexInfo":{"baseKey":"BZ3MlVDZ1L15k4b31Tzs3pNSEgMqPS9NihG5+lUPHpI/","baseKeyType":1,"closed":-1,"used":1741601641899,"created":1741601641899,"remoteIdentityKey":"BSdL74HaV/2AEcgkgVXK5TuJE4UjJawO8MDW+S/8xgpW"},"_chains":{"BcppwSvz3CenmoJcDjONDSGQTMqa2SvFeQe/8IigUzdt":{"chainKey":{"counter":0,"key":"EmLtxa4rHmBdmGyBwoysK6NrQefx8i574o9pPUQrgBs="},"chainType":1,"messageKeys":{}}},"pendingPreKey":{"signedKeyId":25,"baseKey":"BZ3MlVDZ1L15k4b31Tzs3pNSEgMqPS9NihG5+lUPHpI/"}}},"version":"v1"}