{"_sessions":{"BSh2w05c3lPhOq72BzHp/uHJPJ29aU1FNDVmeW6Mikh+":{"registrationId":526325628,"currentRatchet":{"ephemeralKeyPair":{"pubKey":"BTAk1K4HlVkJIIIQIGoNeIf3IQCVt+N7dpyTAM2ko/kc","privKey":"YPGG2mU8NuUk60hSKjRfu6aZ+ERtcCWu35rsSs96YGM="},"lastRemoteEphemeralKey":"BfK6ZNSPkjtnzBDTh6ryDfly6vk8tvQVOD+cgUX3InUq","previousCounter":0,"rootKey":"rZiw9PXpB+zcbvQNUtfrP67N1hnzU2ZtKFBBbggZqCA="},"indexInfo":{"baseKey":"BSh2w05c3lPhOq72BzHp/uHJPJ29aU1FNDVmeW6Mikh+","baseKeyType":1,"closed":-1,"used":1741601980118,"created":1741601639124,"remoteIdentityKey":"BR34XC2bw2lbLbPN94Q28bZSlL1MXlFkt0tZOv0OD1Mn"},"_chains":{"BfK6ZNSPkjtnzBDTh6ryDfly6vk8tvQVOD+cgUX3InUq":{"chainKey":{"counter":0,"key":"3Ce3Y7/8Mo2IZksj/yvs1/RIh65WRktLaXaaVaB9GsI="},"chainType":2,"messageKeys":{}},"BTAk1K4HlVkJIIIQIGoNeIf3IQCVt+N7dpyTAM2ko/kc":{"chainKey":{"counter":-1,"key":"mFxbAW/nkS+jDhG5FHX4e5jaVg3XYMNXhOOo2JTW2Xk="},"chainType":1,"messageKeys":{}}}}},"version":"v1"}