{"_sessions":{"BTrCos7OqkR6WCUdoxXarfQfXE3Hx2+3dr5jYsQEdZMj":{"registrationId":228398361,"currentRatchet":{"ephemeralKeyPair":{"pubKey":"BYq0N7wF+vg7+Za/p3p7DKwdkQ1fmvke3ArAhzwhF6ww","privKey":"yC1aKa91vNzG1w7Iq30QIdLl5nhPnym/86ijgSURk24="},"lastRemoteEphemeralKey":"BS/wWIgxl4nEl1emcQ/JRx+prQQlC3ey+yCcXSdR9usk","previousCounter":0,"rootKey":"M/oUzr+opptOuXVZ42HA1/QR9CLaNogtCISSefJVzcE="},"indexInfo":{"baseKey":"BTrCos7OqkR6WCUdoxXarfQfXE3Hx2+3dr5jYsQEdZMj","baseKeyType":1,"closed":-1,"used":1741601639513,"created":1741601639513,"remoteIdentityKey":"BXIHqP6OvvwDM3M/V8OcBFnnADRjvewJgevHKo/eadJo"},"_chains":{"BYq0N7wF+vg7+Za/p3p7DKwdkQ1fmvke3ArAhzwhF6ww":{"chainKey":{"counter":0,"key":"KFe8y0JMrWLLub0m/16VlFYpmEieK9SfTGAWqZ1SSis="},"chainType":1,"messageKeys":{}}},"pendingPreKey":{"signedKeyId":1840297,"baseKey":"BTrCos7OqkR6WCUdoxXarfQfXE3Hx2+3dr5jYsQEdZMj","preKeyId":868}}},"version":"v1"}