{"_sessions":{"BVXm0M9ddvuza6aAHiMhTDVDkch4MhWg8QGrnDCNrKM/":{"registrationId":1062240279,"currentRatchet":{"ephemeralKeyPair":{"pubKey":"BY4GazYtpmPuqDrEanBxy/SyO2jtOXXVrOSRZ/w9AMJF","privKey":"8Ln503Nl8+K1aSAgmrECuFpdoyzyFU3qJuuWIKx0zn4="},"lastRemoteEphemeralKey":"BaOA8aVqvVx/TMp3u7y83fAL8hKBXNaAs3/yat5G+MYU","previousCounter":0,"rootKey":"+bVKUSBHh3foz0ZEI+vpFbeDdw8JY/0va9UUw8j5ywg="},"indexInfo":{"baseKey":"BVXm0M9ddvuza6aAHiMhTDVDkch4MhWg8QGrnDCNrKM/","baseKeyType":1,"closed":-1,"used":1741601641781,"created":1741601641781,"remoteIdentityKey":"BeqexfEqiIGRGQ+hJbgnwyfaAOZ+eR8TrCeFPO1DsrN/"},"_chains":{"BY4GazYtpmPuqDrEanBxy/SyO2jtOXXVrOSRZ/w9AMJF":{"chainKey":{"counter":0,"key":"nV1Ni+7oLogYYopZuWg6XJkl6XGFwJBKaDnhpTq5yeE="},"chainType":1,"messageKeys":{}}},"pendingPreKey":{"signedKeyId":1,"baseKey":"BVXm0M9ddvuza6aAHiMhTDVDkch4MhWg8QGrnDCNrKM/","preKeyId":464}}},"version":"v1"}