{"_sessions":{"BeohnH0CU6UbBQqAr2VUqcdZAPywk0rcRkmtScOAGfIU":{"registrationId":1534778928,"currentRatchet":{"ephemeralKeyPair":{"pubKey":"Bc3DBgUYwp2EGN2bLIZrriR+NExk48me6ara5pCerqNk","privKey":"mO8c/42WklkNjMVMpMWzVZ/1ik0x4mBltD0pGEWoMGA="},"lastRemoteEphemeralKey":"BZPDfguI2fBK6tD4mcdPozpIXL/V6U3TuY0MgUpH+RB4","previousCounter":0,"rootKey":"YZSXQVFgY54E1GDzDFsToM1PM57f0NGDHGBJm3fZRYY="},"indexInfo":{"baseKey":"BeohnH0CU6UbBQqAr2VUqcdZAPywk0rcRkmtScOAGfIU","baseKeyType":1,"closed":-1,"used":1741601636852,"created":1741601636852,"remoteIdentityKey":"BfYNHw1yBqSkZLqJxFkGaAGR+xkWh42LJhYvAJBqp4FN"},"_chains":{"Bc3DBgUYwp2EGN2bLIZrriR+NExk48me6ara5pCerqNk":{"chainKey":{"counter":1,"key":"g+Z6nYRJOuiyFkyH4p3d8F5l3v1eH1qMCpfhrfnjPZ8="},"chainType":1,"messageKeys":{}}},"pendingPreKey":{"signedKeyId":0,"baseKey":"BeohnH0CU6UbBQqAr2VUqcdZAPywk0rcRkmtScOAGfIU"}}},"version":"v1"}