{"_sessions":{"BRaM3CyUQM/6GA9YWpdF3KndYj144kDK6P3WuNnu1W0G":{"registrationId":607496733,"currentRatchet":{"ephemeralKeyPair":{"pubKey":"BVWePa+DS3lpa8HdBavBEzzL2Kb6Pov6OmGdugduIoc5","privKey":"4MgponVo/A25+qAeoZOw8zosYlIT/kWOJkLcCd5K8WU="},"lastRemoteEphemeralKey":"BWUmYD5sgE4IYDfuo/nM7eTtgJibqUJ/hNC/6c8lbZU4","previousCounter":0,"rootKey":"rmPj6sOfWE4p846DpkBiCS1yd6tDgz+f3tfncw9fQjA="},"indexInfo":{"baseKey":"BRaM3CyUQM/6GA9YWpdF3KndYj144kDK6P3WuNnu1W0G","baseKeyType":1,"closed":-1,"used":1741601638897,"created":1741601638897,"remoteIdentityKey":"BU0MhW0qnfB+HvcoVyyVZ7zsADRhDHtmJBRENiywgcgj"},"_chains":{"BVWePa+DS3lpa8HdBavBEzzL2Kb6Pov6OmGdugduIoc5":{"chainKey":{"counter":0,"key":"7ezM6imzGjLoUIdGgm+KQXThputjWxUYf710JhhV1k4="},"chainType":1,"messageKeys":{}}},"pendingPreKey":{"signedKeyId":1,"baseKey":"BRaM3CyUQM/6GA9YWpdF3KndYj144kDK6P3WuNnu1W0G","preKeyId":852}}},"version":"v1"}