{"_sessions":{"BfnytIaRpx+tkWs8Lj8Ux1i06XIpooHfukqk9a5p5BdT":{"registrationId":9316,"currentRatchet":{"ephemeralKeyPair":{"pubKey":"BXGnajFoJNlK89tq/V+AJ4cligL+y6f71sai4ESLCT0Y","privKey":"cAOejrhwYhJVgLyDKONq4EfhIn8JR1ahRYWMH50JBWU="},"lastRemoteEphemeralKey":"BchDYBj4OhvHms7KB0BscYn6z7rMfVLnJ0Q9TWQtHakV","previousCounter":0,"rootKey":"8NlOdxulw6PuYGCYbxu2BCYfX4d15YDqOqq/ac6lcJo="},"indexInfo":{"baseKey":"BfnytIaRpx+tkWs8Lj8Ux1i06XIpooHfukqk9a5p5BdT","baseKeyType":1,"closed":-1,"used":1741601638865,"created":1741601638865,"remoteIdentityKey":"BT+I0YauIRXjvfT8mCDQ1kAXSgB22fc6X2DKJLUHtIpD"},"_chains":{"BXGnajFoJNlK89tq/V+AJ4cligL+y6f71sai4ESLCT0Y":{"chainKey":{"counter":0,"key":"mNM1rw3uVfZZjXXa3bWRuA3xfmyudzE9uQMebYlJMeQ="},"chainType":1,"messageKeys":{}}},"pendingPreKey":{"signedKeyId":2,"baseKey":"BfnytIaRpx+tkWs8Lj8Ux1i06XIpooHfukqk9a5p5BdT","preKeyId":752}}},"version":"v1"}