{"_sessions":{"BfpkK2vQ4KykIbCqwtj1GTVf7ldrYijwxvw/7c0SnHoC":{"registrationId":767120273,"currentRatchet":{"ephemeralKeyPair":{"pubKey":"BetDnWGWSm66nTVbiGzAJ1b92ZtI2ELW8+xkuUk/wZEY","privKey":"mJnwHQpHCmpExkXY5Q5+fo3fGWkc2WGN2PpjxtllFXY="},"lastRemoteEphemeralKey":"BbXHjJZENMmmXtpx6PTlQSCo5L/K4EwYTSFUNLPhq6Zp","previousCounter":0,"rootKey":"xyXHPgqkKYnYjpSxN5U1mbr1YM4+228OKxSsLH1ko9A="},"indexInfo":{"baseKey":"BfpkK2vQ4KykIbCqwtj1GTVf7ldrYijwxvw/7c0SnHoC","baseKeyType":1,"closed":-1,"used":1741601639158,"created":1741601639158,"remoteIdentityKey":"BdfBnht0sHRJkwniVOa0aDo6cQK0OYOUFBw2zgd1LgUB"},"_chains":{"BetDnWGWSm66nTVbiGzAJ1b92ZtI2ELW8+xkuUk/wZEY":{"chainKey":{"counter":0,"key":"vx38OilFxuZMTA7V5zFyb801DfpPqla2coEnBfyds1o="},"chainType":1,"messageKeys":{}}},"pendingPreKey":{"signedKeyId":12638470,"baseKey":"BfpkK2vQ4KykIbCqwtj1GTVf7ldrYijwxvw/7c0SnHoC","preKeyId":2144}}},"version":"v1"}