{"_sessions":{"BScMLwv2zGLKRtf7CxZOPz9mSIbMlsSI21B+orE2Qy9T":{"registrationId":1901663182,"currentRatchet":{"ephemeralKeyPair":{"pubKey":"BY1q9P81QpzwzSULcZO91pURTM2Lit3tVUzNwYEKAWwY","privKey":"UNayeNlhGFXZ5Bx9Rh1SvwbnTzoGbUuhOiGye8uCB3A="},"lastRemoteEphemeralKey":"BVyXBdp4e20MxDkTK1EyUqjihtdpyqg403oYrk72J2th","previousCounter":0,"rootKey":"oUQY2Aqn0urHX3wNyHm06HDNWZriORI5oIcj26DIrpQ="},"indexInfo":{"baseKey":"BScMLwv2zGLKRtf7CxZOPz9mSIbMlsSI21B+orE2Qy9T","baseKeyType":1,"closed":-1,"used":1741601641726,"created":1741601641726,"remoteIdentityKey":"BbSQOMxYBkIkXCO3AWBGg2ZS4Cuh1JGWS7r91zZ2fvhF"},"_chains":{"BY1q9P81QpzwzSULcZO91pURTM2Lit3tVUzNwYEKAWwY":{"chainKey":{"counter":0,"key":"pttWk90SpjK78gGDdgZ6On/ILFOI2nh+HzIg/XMooWY="},"chainType":1,"messageKeys":{}}},"pendingPreKey":{"signedKeyId":1,"baseKey":"BScMLwv2zGLKRtf7CxZOPz9mSIbMlsSI21B+orE2Qy9T"}}},"version":"v1"}