{"_sessions":{"BYg/jMjbHStTQsjVjE0Bw/4cE45LSloWYyaHP/iXwMgi":{"registrationId":222575864,"currentRatchet":{"ephemeralKeyPair":{"pubKey":"BWCtwczCnDEkPoqvQkTFir9+mSxpmgof+kwC5yzVmzFj","privKey":"AM1ybaJ09vVqM2JeJyDURiWIbG8Ars1tfGNoiYk9eG0="},"lastRemoteEphemeralKey":"BT2JLgBNYWRiGawBsZlw4EY2pBx3wI3JifoDA1LWh1dQ","previousCounter":0,"rootKey":"IlaPAYK6Ms8YALcsh7zRbCzlrUI1I7uX7ZWZfxNWCr0="},"indexInfo":{"baseKey":"BYg/jMjbHStTQsjVjE0Bw/4cE45LSloWYyaHP/iXwMgi","baseKeyType":1,"closed":-1,"used":1741601641889,"created":1741601641889,"remoteIdentityKey":"BSKif047w87amWuCx8fAW4lUDOhMlc1Dgnsk38Drpfo3"},"_chains":{"BWCtwczCnDEkPoqvQkTFir9+mSxpmgof+kwC5yzVmzFj":{"chainKey":{"counter":0,"key":"46XZrBzFwdqCX8vpOYA7U7PEwGpR3EpDI+biVV94IbA="},"chainType":1,"messageKeys":{}}},"pendingPreKey":{"signedKeyId":0,"baseKey":"BYg/jMjbHStTQsjVjE0Bw/4cE45LSloWYyaHP/iXwMgi"}}},"version":"v1"}