{"_sessions":{"BQmY0qvasNVbHOjdVZJ/xdIDGJ8fgFcmHZhN+4Pa0/RG":{"registrationId":102068881,"currentRatchet":{"ephemeralKeyPair":{"pubKey":"BR+S0PyBBT7W9sFJuaV90HlQNFuE4hyKm7/oYVT8ND4y","privKey":"iIdGbYWqbmtYCwHJ9C/F8XmxES1JyTMkUcggOu5WgF8="},"lastRemoteEphemeralKey":"BfNtiNAJXXugS8tTtxEjpOVk16hpPXuH32UoQ1riKFEq","previousCounter":0,"rootKey":"Xb0crxtsXfOfUZBfECjqAYAM0U+0S4+uuazn3gSatH8="},"indexInfo":{"baseKey":"BQmY0qvasNVbHOjdVZJ/xdIDGJ8fgFcmHZhN+4Pa0/RG","baseKeyType":1,"closed":-1,"used":1741601639516,"created":1741601639516,"remoteIdentityKey":"BVu9g1KR4ITT9V0yr+HJFgxUkyE1wIPo125io57M58JO"},"_chains":{"BR+S0PyBBT7W9sFJuaV90HlQNFuE4hyKm7/oYVT8ND4y":{"chainKey":{"counter":0,"key":"TJfBo5uLJQp5+wMs7MGAW2lEdwjU6UDUXnhuL6bi0qg="},"chainType":1,"messageKeys":{}}},"pendingPreKey":{"signedKeyId":9,"baseKey":"BQmY0qvasNVbHOjdVZJ/xdIDGJ8fgFcmHZhN+4Pa0/RG","preKeyId":12503822}}},"version":"v1"}