{"_sessions":{"BTt/GN1HnM5f4n21RikAS4UdAr7Z27SJHqSw2QyspkEM":{"registrationId":24067433,"currentRatchet":{"ephemeralKeyPair":{"pubKey":"BXloTRCqxhFu1l2bpnbUu9vocSUos00Cgy9+drg9eXN5","privKey":"EACvUTUoDh6gHck4ftfZoY0ipcNADqNrgTptU6ksR2g="},"lastRemoteEphemeralKey":"BY9zaTczVmVw6nwuxHL+umuXpT0/0b9qtHyznKG9RVlV","previousCounter":0,"rootKey":"O8v3S5j6h4zkfLm5hPcTtgK7IoZAFY8jn7sHQOPJoTU="},"indexInfo":{"baseKey":"BTt/GN1HnM5f4n21RikAS4UdAr7Z27SJHqSw2QyspkEM","baseKeyType":1,"closed":-1,"used":1741601641756,"created":1741601641756,"remoteIdentityKey":"BY37sjRBHB2Jlf5W3gtb7fHy/1nUVZPOKOOXK/qSlbdW"},"_chains":{"BXloTRCqxhFu1l2bpnbUu9vocSUos00Cgy9+drg9eXN5":{"chainKey":{"counter":0,"key":"e+JslJZGaUOVUtsZgyl1HLZHNxJqCyMVS0g4JI378As="},"chainType":1,"messageKeys":{}}},"pendingPreKey":{"signedKeyId":0,"baseKey":"BTt/GN1HnM5f4n21RikAS4UdAr7Z27SJHqSw2QyspkEM","preKeyId":10742649}}},"version":"v1"}