{"_sessions":{"BdHeIJl6wRepsFhhGm6b8tbj7fPDE97pWzDWa+V+0dEn":{"registrationId":1231471227,"currentRatchet":{"ephemeralKeyPair":{"pubKey":"BQKQSrGIRFubwzAwjivExuv9NcpmPAzozl2V0MQRrp1n","privKey":"2NXBX3XkumYKJC1xns3weFUFJibyekibxbnn9xKYuFc="},"lastRemoteEphemeralKey":"BevS2YpDF49xhvvufAxEDtoCukkmaRT64x9UpBCHOwku","previousCounter":0,"rootKey":"S02V5Dw6uGHX36T7kTXJvYLp5CcAm6Iy3g2PiEMSTMc="},"indexInfo":{"baseKey":"BdHeIJl6wRepsFhhGm6b8tbj7fPDE97pWzDWa+V+0dEn","baseKeyType":1,"closed":-1,"used":1741601639555,"created":1741601639555,"remoteIdentityKey":"BdrcEfJV/xMf7qwNvukmh2WqMo9CUDBSNDOnponA/HY8"},"_chains":{"BQKQSrGIRFubwzAwjivExuv9NcpmPAzozl2V0MQRrp1n":{"chainKey":{"counter":0,"key":"AXTz+kVw7DkisK+AuLPSmrPX9GN20w6IZ2KLzfBX7dA="},"chainType":1,"messageKeys":{}}},"pendingPreKey":{"signedKeyId":37,"baseKey":"BdHeIJl6wRepsFhhGm6b8tbj7fPDE97pWzDWa+V+0dEn","preKeyId":4770141}}},"version":"v1"}