{"_sessions":{"Ba3BecefBsFuy9+HewJzBTY6uKdlNL7M2l41IlVO494Q":{"registrationId":1280234774,"currentRatchet":{"ephemeralKeyPair":{"pubKey":"BeWchvFhPHF/hEAYrYmJtUpljbqZNkrBW4ZZ/yVznY8j","privKey":"kCyeE5GH9GzOMfjL/ZiAHjMgGIupBRBNGDlzM4wEKnI="},"lastRemoteEphemeralKey":"BT6PCAUe7rGm66lTM5kc2NsOFhxupX7Q1oE9EEOnzcge","previousCounter":0,"rootKey":"zZmBLkJsThC8RdoUHyfbaUXEBzL2ACtdYNmlQLqSixI="},"indexInfo":{"baseKey":"Ba3BecefBsFuy9+HewJzBTY6uKdlNL7M2l41IlVO494Q","baseKeyType":1,"closed":-1,"used":1741601641933,"created":1741601641933,"remoteIdentityKey":"BTAq22ZAf7C6zF3edxgE3O/SJGnEz2ZaCi6WuzihR259"},"_chains":{"BeWchvFhPHF/hEAYrYmJtUpljbqZNkrBW4ZZ/yVznY8j":{"chainKey":{"counter":0,"key":"xpr2gQjiH+75WbdbCS8rR6yLH2ZsuqWI/dibHgPESXA="},"chainType":1,"messageKeys":{}}},"pendingPreKey":{"signedKeyId":1,"baseKey":"Ba3BecefBsFuy9+HewJzBTY6uKdlNL7M2l41IlVO494Q","preKeyId":8716185}}},"version":"v1"}