{"_sessions":{"BeRNGcp/lRvHmhCKxe2a/bVs1tntyJEtc5eLwSNPIjlg":{"registrationId":1004411151,"currentRatchet":{"ephemeralKeyPair":{"pubKey":"BaqX2YObnb7l6ory5bcku5ErGuqoxGsKsXN7JQmyKagd","privKey":"eGX/UQ2SFao2xnjzY6zNN0sslV/QqSvMxkNylKR3804="},"lastRemoteEphemeralKey":"BRTmaULleuDnw3/Sw0OzqRZNFdPiXeMruZWTAm9r/tMW","previousCounter":0,"rootKey":"zjzuV680zF3FGgZtOhtVb+5WVvXBYm4gqHLGjjXsfyM="},"indexInfo":{"baseKey":"BeRNGcp/lRvHmhCKxe2a/bVs1tntyJEtc5eLwSNPIjlg","baseKeyType":1,"closed":-1,"used":1741601641820,"created":1741601641820,"remoteIdentityKey":"BZVbAlp2BNLLBNRJt/BEdAnheITAqGzcx559ROHWy2lY"},"_chains":{"BaqX2YObnb7l6ory5bcku5ErGuqoxGsKsXN7JQmyKagd":{"chainKey":{"counter":0,"key":"JS1IHvnqTBRmOO5XlcY+Hzqxkw3sa2VHOiBpHT3T23I="},"chainType":1,"messageKeys":{}}},"pendingPreKey":{"signedKeyId":0,"baseKey":"BeRNGcp/lRvHmhCKxe2a/bVs1tntyJEtc5eLwSNPIjlg"}}},"version":"v1"}