{"_sessions":{"Be+Uc7UoPhjBY3Ymn2wqSrLvzPTUGY7BZcneLd2ePzpP":{"registrationId":1472063198,"currentRatchet":{"ephemeralKeyPair":{"pubKey":"BUnpKMv1serijNIzAQJIa4VJpQIRIqbkA58Gku209RsG","privKey":"KENwURaZYoCNc+r/l/EVIlN/LLg2KFsvQA7maV7qfV0="},"lastRemoteEphemeralKey":"BbYsk3MTlEMsnxiFXgAXi9w2YScmfkvZusp45eZWtIV4","previousCounter":0,"rootKey":"jAWZjR5poOYOhJF4Ui9kNS6lVzbze3XTQDt8ckfni9E="},"indexInfo":{"baseKey":"Be+Uc7UoPhjBY3Ymn2wqSrLvzPTUGY7BZcneLd2ePzpP","baseKeyType":1,"closed":-1,"used":1741601641922,"created":1741601641922,"remoteIdentityKey":"BZm0pCrv6l5qWqEnOYmivUEJvWcpAsYEMtKFtzlJ6M1/"},"_chains":{"BUnpKMv1serijNIzAQJIa4VJpQIRIqbkA58Gku209RsG":{"chainKey":{"counter":0,"key":"p3smGHJv6J/rfWWxkk9bBn5d5f4TTEXWKMAX3Ky4gms="},"chainType":1,"messageKeys":{}}},"pendingPreKey":{"signedKeyId":0,"baseKey":"Be+Uc7UoPhjBY3Ymn2wqSrLvzPTUGY7BZcneLd2ePzpP"}}},"version":"v1"}