{"_sessions":{"BazJ5/R0duNN9utJbnaAdU9XU0A/i+yJRdXglaHwys8h":{"registrationId":189397680,"currentRatchet":{"ephemeralKeyPair":{"pubKey":"BWbpgkpu+Hc2en1YrH3EdoJAgGOdvv8nQU+HkQRQyF8o","privKey":"CKliAARiLARg0ckTOgojDyxKEThcsCqCGRxvOS3Xq0M="},"lastRemoteEphemeralKey":"Ba2CD4OVhPP7Q0GKP3/Gww1eU6JJWtq3IIrAgdRET3Fg","previousCounter":0,"rootKey":"MC8vGfIlBVnCJUUKrpTB9WdfC42lMZUIJQUdBri1+5c="},"indexInfo":{"baseKey":"BazJ5/R0duNN9utJbnaAdU9XU0A/i+yJRdXglaHwys8h","baseKeyType":1,"closed":-1,"used":1741601641941,"created":1741601641941,"remoteIdentityKey":"BeXGdi9jmqXstShJtVmWK9GZHD2rzMKOP2df1qHwJKlu"},"_chains":{"BWbpgkpu+Hc2en1YrH3EdoJAgGOdvv8nQU+HkQRQyF8o":{"chainKey":{"counter":0,"key":"vg/WHfrzOhEKK2W0t9rgbxCnMbBfXQ6BxI3CSKIT2aA="},"chainType":1,"messageKeys":{}}},"pendingPreKey":{"signedKeyId":5,"baseKey":"BazJ5/R0duNN9utJbnaAdU9XU0A/i+yJRdXglaHwys8h","preKeyId":2142477}}},"version":"v1"}