{"_sessions":{"BWi7F1rdanp2QlZF06gYgooZKym6XqAG/iM8vfTLksEi":{"registrationId":1032119308,"currentRatchet":{"ephemeralKeyPair":{"pubKey":"BdZLbFPjbsoUesIF+tXJjNwfQQPNTEJWN9Y3J829CJJg","privKey":"6OmyWXf7NaR06xgWD5J5CBb/EW8+fgiJw6Cu8ijcElY="},"lastRemoteEphemeralKey":"BbYOvK1PcBbXRSUEzp4BGp1a4M+NJxhApgF+kQ58QJdn","previousCounter":0,"rootKey":"m0h3eESnCPZYj8eYVbuAdyi4qzMIJxun8L3oPKiEqNg="},"indexInfo":{"baseKey":"BWi7F1rdanp2QlZF06gYgooZKym6XqAG/iM8vfTLksEi","baseKeyType":1,"closed":-1,"used":1741601642101,"created":1741601642101,"remoteIdentityKey":"BaUwF26crDDyeF75BNwNAT23V8znI/cN3gG8xyJqgjBI"},"_chains":{"BdZLbFPjbsoUesIF+tXJjNwfQQPNTEJWN9Y3J829CJJg":{"chainKey":{"counter":0,"key":"rNQ2IhPC44WXdNAKQeFzTCc/6oHmdQsM8VdGBtPXaYM="},"chainType":1,"messageKeys":{}}},"pendingPreKey":{"signedKeyId":24,"baseKey":"BWi7F1rdanp2QlZF06gYgooZKym6XqAG/iM8vfTLksEi","preKeyId":9206446}}},"version":"v1"}