{"_sessions":{"BavgggD3UUhcfA9B+ByuomX/Goms//mRTbSKH2LyEB5O":{"registrationId":1836034416,"currentRatchet":{"ephemeralKeyPair":{"pubKey":"BW494DiES8Q1lLJWMCH5clZfJPJ9bfoLhKBxjVecT6Zv","privKey":"aCdeNFKczQlR3hHTQ1kAIvJwBHH8iub0+oevr2eUVnU="},"lastRemoteEphemeralKey":"BVtH67WrBhFw/xp6QvCUA1M7w0B71PI51RNvq4CXUyEk","previousCounter":0,"rootKey":"3BXxAl7snoCEe3BEn1bUlgUiC12VV0ysXZhoxsKiWUU="},"indexInfo":{"baseKey":"BavgggD3UUhcfA9B+ByuomX/Goms//mRTbSKH2LyEB5O","baseKeyType":1,"closed":-1,"used":1741601639015,"created":1741601639015,"remoteIdentityKey":"BT22xdC3VG7kAcmpsm/KpAOPqlRwldT5gktCfvv3mpNi"},"_chains":{"BW494DiES8Q1lLJWMCH5clZfJPJ9bfoLhKBxjVecT6Zv":{"chainKey":{"counter":0,"key":"shisDiHYoTvA8EXzW4XWtf+YW3C9gKxTPWa12zqxLhE="},"chainType":1,"messageKeys":{}}},"pendingPreKey":{"signedKeyId":34,"baseKey":"BavgggD3UUhcfA9B+ByuomX/Goms//mRTbSKH2LyEB5O","preKeyId":2718034}}},"version":"v1"}