{"_sessions":{"BcB1jPnbIV9Pu4+/9fmMJipkwI7XeZPH8l/0F1lqJeJg":{"registrationId":785322928,"currentRatchet":{"ephemeralKeyPair":{"pubKey":"BWYP//QqHYu5BkWJcVK56P1hjUmvb1zUc7NM4HU1UXZk","privKey":"kLFIz0wYRQnI2rumZxz0rbGg49IVGVcA9Mryj12jTlM="},"lastRemoteEphemeralKey":"BZDKPfsZNqPQ5NXGjhDotnB7fscH+tyook6+ix5MGHdw","previousCounter":0,"rootKey":"Pi4wrwPvmIDioDhY48nXLyEnuVPHvjOdsuRNHk3Tm3c="},"indexInfo":{"baseKey":"BcB1jPnbIV9Pu4+/9fmMJipkwI7XeZPH8l/0F1lqJeJg","baseKeyType":1,"closed":-1,"used":1741601639546,"created":1741601639546,"remoteIdentityKey":"BdHkfbciGVIaLGF1cfasU3+Bv6JV0YzesaU5ZSafElFB"},"_chains":{"BWYP//QqHYu5BkWJcVK56P1hjUmvb1zUc7NM4HU1UXZk":{"chainKey":{"counter":0,"key":"8bLAP8lsMNPqEVoEV+Zw7hMZie3vT40Bm39d2NteoqA="},"chainType":1,"messageKeys":{}}},"pendingPreKey":{"signedKeyId":18,"baseKey":"BcB1jPnbIV9Pu4+/9fmMJipkwI7XeZPH8l/0F1lqJeJg"}}},"version":"v1"}