{"_sessions":{"BdwuaidN2p19YIegp6pn3gLspLtzyjnul+0veUm7kHkj":{"registrationId":11437,"currentRatchet":{"ephemeralKeyPair":{"pubKey":"BVOzuNf/hL9oFmxv2TwfQup8EFQ2R7cGHucY20AINJ93","privKey":"SF3xzfJcyXs8RlHA+htAHjZPVZjlHIZOqv8LuZv1enA="},"lastRemoteEphemeralKey":"BT+DOxr7llSUGwS3pQjfmvP3TQecI/yMcdcWbsZrKo1b","previousCounter":0,"rootKey":"TNaHl48AP3Dtmcj++8NscRXyvd+v6QJrXXF489vRPto="},"indexInfo":{"baseKey":"BdwuaidN2p19YIegp6pn3gLspLtzyjnul+0veUm7kHkj","baseKeyType":1,"closed":-1,"used":1741601638909,"created":1741601638909,"remoteIdentityKey":"BUvKCLu3qmaa6loWcIMY/8LRexuB+kOYpndVC4fUcAst"},"_chains":{"BVOzuNf/hL9oFmxv2TwfQup8EFQ2R7cGHucY20AINJ93":{"chainKey":{"counter":0,"key":"Bf4A3kv6gQjXuv0ZX76UsCYy9VW2FsG0FdvEcvC0UTs="},"chainType":1,"messageKeys":{}}},"pendingPreKey":{"signedKeyId":1,"baseKey":"BdwuaidN2p19YIegp6pn3gLspLtzyjnul+0veUm7kHkj","preKeyId":228}}},"version":"v1"}