{"_sessions":{"BbA+jbXXwHbpmC2MGXI6RvXwQWCnXr5G18oOMvWqBiYE":{"registrationId":2260,"currentRatchet":{"ephemeralKeyPair":{"pubKey":"BUAwtJtzljlXiOR4cDOEnlCW1JZgfNJFKcAQ5mZwHjQK","privKey":"iC+aHpvM3dALDLTbVYWqmw4if7UXqFZunAl7C8zMGGs="},"lastRemoteEphemeralKey":"BQIjo4YLWdm4JQfy6tUS30yqxt5C2vmRqcLfj9Jygk4P","previousCounter":0,"rootKey":"Q2y5y3WnWrjP1oH820oJhqBbzn6XybSyc5+bZMUwjZs="},"indexInfo":{"baseKey":"BbA+jbXXwHbpmC2MGXI6RvXwQWCnXr5G18oOMvWqBiYE","baseKeyType":1,"closed":-1,"used":1741599626942,"created":1741599626942,"remoteIdentityKey":"BTqOOtLM1p7d/dFON5ISQzHSSG8hNMcVr0IPbdNrgjgs"},"_chains":{"BUAwtJtzljlXiOR4cDOEnlCW1JZgfNJFKcAQ5mZwHjQK":{"chainKey":{"counter":0,"key":"jHuJwo+492n1Zaok6d3C8WPAzpYnGMwoQ2+MeCDFNq0="},"chainType":1,"messageKeys":{}}},"pendingPreKey":{"signedKeyId":1,"baseKey":"BbA+jbXXwHbpmC2MGXI6RvXwQWCnXr5G18oOMvWqBiYE","preKeyId":1369}}},"version":"v1"}