{"_sessions":{"BbK9Nmof7VqTIL1aLFaKiB3c17WSonlCTMXakkrJrrUs":{"registrationId":694571055,"currentRatchet":{"ephemeralKeyPair":{"pubKey":"BZTGxI+wkXt6e6EvNQ7P53lUGoYtNionvOZG9+pzT/cN","privKey":"wOQWmWAi492remZtKs47mYaaoicybk4JNVpwfW6EFls="},"lastRemoteEphemeralKey":"BcKpsDVBGiXsjpmXEgWQ/ikuvPoW41y/FVwffm3zNUJ9","previousCounter":0,"rootKey":"OhkP1iXEoOJJeYbCROpXcURDrCSrAc+OxyiWzCXgzYQ="},"indexInfo":{"baseKey":"BbK9Nmof7VqTIL1aLFaKiB3c17WSonlCTMXakkrJrrUs","baseKeyType":1,"closed":-1,"used":1741601639570,"created":1741601639570,"remoteIdentityKey":"BaVaO0LTVTEnECUvSE6h5PQWv29pJedlFxR0H4chiZAI"},"_chains":{"BZTGxI+wkXt6e6EvNQ7P53lUGoYtNionvOZG9+pzT/cN":{"chainKey":{"counter":0,"key":"td95f0sUg+RZsbkiiwadI9jyc9bzkuO40F3jjt+Zk+A="},"chainType":1,"messageKeys":{}}},"pendingPreKey":{"signedKeyId":4,"baseKey":"BbK9Nmof7VqTIL1aLFaKiB3c17WSonlCTMXakkrJrrUs","preKeyId":16034410}}},"version":"v1"}