{"_sessions":{"Bf0lT9cB8oECvaWE4T/NdlxBXicEssWRpfEv3dyeT0w9":{"registrationId":2044571462,"currentRatchet":{"ephemeralKeyPair":{"pubKey":"BXK7uIrc2rq8BgnWma7jUP0a+c2n6eTTHZ7A2TTqz8YK","privKey":"iDzMGvK7Gm3hxk52CgmnoHutTZ3LE+k8DW06+ehYEVI="},"lastRemoteEphemeralKey":"BRn+tqo977tfDkosk/Mww42wV2//E3hbLl6H7UmkmbNM","previousCounter":0,"rootKey":"HIc5kyVSAbtxJ0DxKR0l+U3LKwx9rZoU+F337yloFis="},"indexInfo":{"baseKey":"Bf0lT9cB8oECvaWE4T/NdlxBXicEssWRpfEv3dyeT0w9","baseKeyType":1,"closed":-1,"used":1741601636858,"created":1741601636858,"remoteIdentityKey":"BZ7eZwfrMZlR+KGE5EZ/0Cr2pIJyPRSHwQdkknjKrlIs"},"_chains":{"BXK7uIrc2rq8BgnWma7jUP0a+c2n6eTTHZ7A2TTqz8YK":{"chainKey":{"counter":1,"key":"TXPMwjkIZlQvEdh9U9+trPDOaDTDCiszdWk3JqFN02A="},"chainType":1,"messageKeys":{}}},"pendingPreKey":{"signedKeyId":1,"baseKey":"Bf0lT9cB8oECvaWE4T/NdlxBXicEssWRpfEv3dyeT0w9","preKeyId":12111925}}},"version":"v1"}