{"_sessions":{"BWJOZl/VZbOx4dfONWcwyjh/2JqGDGVcTE+3AMxJw9IV":{"registrationId":14386380,"currentRatchet":{"ephemeralKeyPair":{"pubKey":"BR9Mex1sNHWpq5KZmwbzzDALdCMhNBTj2zFlUxBOtPIy","privKey":"4EM3+RharGfwVRWjGgNEZFYiOrqEnQzYP0nNqLhqg2k="},"lastRemoteEphemeralKey":"Bb3yc2zVq/tk+RCyAgBafmdFHJs0Md8LHt2QnvpM13pg","previousCounter":0,"rootKey":"5utqBIb0jmgwVJFxm7zAO6yfQVBmkqJpPGDLL5gMa84="},"indexInfo":{"baseKey":"BWJOZl/VZbOx4dfONWcwyjh/2JqGDGVcTE+3AMxJw9IV","baseKeyType":1,"closed":-1,"used":1741601636678,"created":1741601636678,"remoteIdentityKey":"BRGRv5js7hXHhK58fAsZp50QMROcdD4N6hTqMwFrT/Bd"},"_chains":{"BR9Mex1sNHWpq5KZmwbzzDALdCMhNBTj2zFlUxBOtPIy":{"chainKey":{"counter":1,"key":"aSO2+4jwnAiegZmHbnQXPmc21aS2VPiyBRM2/t1lQ/U="},"chainType":1,"messageKeys":{}}},"pendingPreKey":{"signedKeyId":17,"baseKey":"BWJOZl/VZbOx4dfONWcwyjh/2JqGDGVcTE+3AMxJw9IV","preKeyId":13821636}}},"version":"v1"}