{"_sessions":{"BV0oDq3lvR9YHBwXEq5bVT093v7ntiC8hJNIJ6zKtGQ5":{"registrationId":95083255,"currentRatchet":{"ephemeralKeyPair":{"pubKey":"BUn1ZcMX6WPetD9XTDfJebbiQPZj9bEe79Ez9W9W4dhJ","privKey":"cDiQI/1sYkVCeQvep8ypRgySwa6apYyUhxKeePC8xUM="},"lastRemoteEphemeralKey":"BSZUpfxi7yvj85L/whJN7gjVCofvOmdXKLx9FuYQZdll","previousCounter":0,"rootKey":"eeNUbcJc7Kqm84IE3lRMM1hrJlhOFx50imP8HbJTES8="},"indexInfo":{"baseKey":"BV0oDq3lvR9YHBwXEq5bVT093v7ntiC8hJNIJ6zKtGQ5","baseKeyType":1,"closed":-1,"used":1741601636746,"created":1741601636746,"remoteIdentityKey":"BTppdNTZJLLK2dJseIsgSQ6HcLnsABlzyEUKis0+lrNI"},"_chains":{"BUn1ZcMX6WPetD9XTDfJebbiQPZj9bEe79Ez9W9W4dhJ":{"chainKey":{"counter":1,"key":"41T4jxGO+fJoc+ohuTy/VUWrNV9vrB6I/3jtQpF7JLs="},"chainType":1,"messageKeys":{}}},"pendingPreKey":{"signedKeyId":4,"baseKey":"BV0oDq3lvR9YHBwXEq5bVT093v7ntiC8hJNIJ6zKtGQ5","preKeyId":955491}}},"version":"v1"}