{"_sessions":{"BUtQFfUvfHF/CZOc69D63DSpQifd7rDrAD3D0v0gZ6Jz":{"registrationId":1829216931,"currentRatchet":{"ephemeralKeyPair":{"pubKey":"BcRI6q0ueFUqi2m+rBTcnzO82XoVEQ1QngvJ7JRCr04Y","privKey":"uDtHlVVN92Wq7ah3Lz/RPVlLykcOd2vhGAQS21sU93Y="},"lastRemoteEphemeralKey":"BckwQhWFeMDZF4HjrDNeWnkVwLHFgXSjD3W4o6M9yvBK","previousCounter":0,"rootKey":"g2jl/JJ1KDQiKatXcXy+0rj8bDxNUvCI7Gr7OlwQKSo="},"indexInfo":{"baseKey":"BUtQFfUvfHF/CZOc69D63DSpQifd7rDrAD3D0v0gZ6Jz","baseKeyType":1,"closed":-1,"used":1741601638940,"created":1741601638940,"remoteIdentityKey":"BVhY5KaZ8HO6aDcqaDJEH13+htm3ctoVXYAawrk4cI99"},"_chains":{"BcRI6q0ueFUqi2m+rBTcnzO82XoVEQ1QngvJ7JRCr04Y":{"chainKey":{"counter":0,"key":"cwslDbPK93ArLGkDd0e3BGnzf4lMyJegTJ2e3JmC/oc="},"chainType":1,"messageKeys":{}}},"pendingPreKey":{"signedKeyId":8,"baseKey":"BUtQFfUvfHF/CZOc69D63DSpQifd7rDrAD3D0v0gZ6Jz","preKeyId":14890883}}},"version":"v1"}