{"_sessions":{"BVfegACNM9ltV8o9NJgTr9wZ/6sFaMfb2Z6ZRxyDAWdG":{"registrationId":711771135,"currentRatchet":{"ephemeralKeyPair":{"pubKey":"BdwiCjC0Aep1icHJhS5LnhjLx2nIiBMwTqMLyPs5gpVI","privKey":"sGLdjcXGnhSR45XWtFeDT5/6l4eQgpL5HKIW1PwKy3s="},"lastRemoteEphemeralKey":"BR6U8myKDLVdZdLWnWGuInXBPWennN4b+NYW6/aEFg8Z","previousCounter":0,"rootKey":"5FNPZp8xO4QdzTc7nga2Nsbb19/X6MQB6sEiAfUJCDE="},"indexInfo":{"baseKey":"BVfegACNM9ltV8o9NJgTr9wZ/6sFaMfb2Z6ZRxyDAWdG","baseKeyType":1,"closed":-1,"used":1741601636702,"created":1741601636702,"remoteIdentityKey":"BdiLD3K9QDtn38Nhh4hwBtzI59omCtGXPGDI89oQBuIA"},"_chains":{"BdwiCjC0Aep1icHJhS5LnhjLx2nIiBMwTqMLyPs5gpVI":{"chainKey":{"counter":1,"key":"sMzJmxRrsVhrSn9QlxS9XCvszEbQJEKjAaSd53+vhhs="},"chainType":1,"messageKeys":{}}},"pendingPreKey":{"signedKeyId":1,"baseKey":"BVfegACNM9ltV8o9NJgTr9wZ/6sFaMfb2Z6ZRxyDAWdG","preKeyId":3781442}}},"version":"v1"}