{"_sessions":{"BdbIK754mqvg12CXs+cJ6+SbcIJPNpXOZrlvA1R5t6ME":{"registrationId":1735797654,"currentRatchet":{"ephemeralKeyPair":{"pubKey":"BUzmQNuwb6XS7PIGG5CBH5SjMd4nm09NPYXfIW2qJy1W","privKey":"AD7gcwnRjaFuGT7DWkSkVf3450kU7+SyDQU60xwjUVY="},"lastRemoteEphemeralKey":"BRkb+qh5oougsYxcNuf6GwJMcslXMPF0a5GP4MOHDRAJ","previousCounter":0,"rootKey":"oo/bz5eDWMKfg3yD7psBM6ytV33c4v4fSTYuv+Fu2k8="},"indexInfo":{"baseKey":"BdbIK754mqvg12CXs+cJ6+SbcIJPNpXOZrlvA1R5t6ME","baseKeyType":1,"closed":-1,"used":1741601987972,"created":1741601639583,"remoteIdentityKey":"BVi89GIV59XCTlJX/vgvy5sEDOGyZBKuFfoLQiHJIOBY"},"_chains":{"BRkb+qh5oougsYxcNuf6GwJMcslXMPF0a5GP4MOHDRAJ":{"chainKey":{"counter":0,"key":"Ek1uel3rB1i0zxceMBWjXN738xKJFEgrX1DVqcjR824="},"chainType":2,"messageKeys":{}},"BUzmQNuwb6XS7PIGG5CBH5SjMd4nm09NPYXfIW2qJy1W":{"chainKey":{"counter":-1,"key":"FWCO9tlRyS0oq+KSolp1poJPjU3V8bLCZLXBkXDlT8o="},"chainType":1,"messageKeys":{}}}}},"version":"v1"}