{"_sessions":{"BTXSTmEqmGr+B8CEsc3+1X7AhkCJv32Nlyzv145x8x4d":{"registrationId":760109861,"currentRatchet":{"ephemeralKeyPair":{"pubKey":"BWRWaie/aNxOdnSFGakzW7MUPF6U1LzAzhYsoxVsJ+QR","privKey":"KBwub2axf7LZKKA9so5ibEHY5vI3TULNMTcSPyGfrWE="},"lastRemoteEphemeralKey":"BTOPUNxiGJhGFeEfShANO+WvIlm1saEzvrNR678amecB","previousCounter":0,"rootKey":"niMlMnOg6VxzPrRhfllWEK/Qpm+TSpy4FAhULR/WJqE="},"indexInfo":{"baseKey":"BTXSTmEqmGr+B8CEsc3+1X7AhkCJv32Nlyzv145x8x4d","baseKeyType":1,"closed":-1,"used":1741601641865,"created":1741601641865,"remoteIdentityKey":"BePNGAZ1Rqz3tBrTm+IDrl4zVHzJwyiDPCvGayL4uxwx"},"_chains":{"BWRWaie/aNxOdnSFGakzW7MUPF6U1LzAzhYsoxVsJ+QR":{"chainKey":{"counter":0,"key":"9I49r2KN6mW29qN08DXq7om+fls2aFwm4BtZAEcFgvs="},"chainType":1,"messageKeys":{}}},"pendingPreKey":{"signedKeyId":10,"baseKey":"BTXSTmEqmGr+B8CEsc3+1X7AhkCJv32Nlyzv145x8x4d","preKeyId":10981627}}},"version":"v1"}