{"_sessions":{"BcP2B2NOZPc2gqmoT9ABlV3WLCB6PeMUTCu7hJtcSARE":{"registrationId":572397149,"currentRatchet":{"ephemeralKeyPair":{"pubKey":"BRm1nzHimZFDZ/lHEIsEBB6jbBN9F4y6VGtC8eaxhxAp","privKey":"MOAKVR2FsMpuaWulaQwl+85oKmchuuqy18rq+oOjoWU="},"lastRemoteEphemeralKey":"BShEl2VMvw9+P2Hsem1FJhQviOj5xNs70SoYd8/2t2M5","previousCounter":0,"rootKey":"K2pUTApzVbjA/nFuLnbHX6eg5zEAJ7U8n99KNRa0+iw="},"indexInfo":{"baseKey":"BcP2B2NOZPc2gqmoT9ABlV3WLCB6PeMUTCu7hJtcSARE","baseKeyType":1,"closed":-1,"used":1741601638955,"created":1741601638955,"remoteIdentityKey":"BVeIWlKN/xdCsGAGxFGQrXL46L+39ikw2J2/22dGkCli"},"_chains":{"BRm1nzHimZFDZ/lHEIsEBB6jbBN9F4y6VGtC8eaxhxAp":{"chainKey":{"counter":0,"key":"bf8t+dh/FC3I64p7+N9lK1ZmBYxSqFp8+SNRmzmqNwY="},"chainType":1,"messageKeys":{}}},"pendingPreKey":{"signedKeyId":2694900,"baseKey":"BcP2B2NOZPc2gqmoT9ABlV3WLCB6PeMUTCu7hJtcSARE","preKeyId":2842}}},"version":"v1"}