{"_sessions":{"BSHEimlJmiR8ERfjhFjKONxnU7dnd0DfrB40wqa4IRg1":{"registrationId":848653224,"currentRatchet":{"ephemeralKeyPair":{"pubKey":"Be7+WcwmbeE3y63FeuhdJs2k5hILtorenvLX1+q1jJkt","privKey":"oAZociIbee7OAnTY4neIXQXiMKyL2QJLm4gHWSUIlF4="},"lastRemoteEphemeralKey":"BcsqrKvyjLnowq3XVXNBb2LN+LadGXz5RWbqyH8+/QZ1","previousCounter":0,"rootKey":"Whx+xwEdL/vLM5ow1iASFsz799bYhGDTh9YbowgRjyQ="},"indexInfo":{"baseKey":"BSHEimlJmiR8ERfjhFjKONxnU7dnd0DfrB40wqa4IRg1","baseKeyType":1,"closed":-1,"used":1741601639481,"created":1741601639481,"remoteIdentityKey":"BW3oMLu1vqePsmyhmIVYc8By6/gp0jS+sH43D7xVwOR7"},"_chains":{"Be7+WcwmbeE3y63FeuhdJs2k5hILtorenvLX1+q1jJkt":{"chainKey":{"counter":0,"key":"TMd46vkAIvjJH5cjwvT/cZca02sLAfssWUP+YVMc/sY="},"chainType":1,"messageKeys":{}}},"pendingPreKey":{"signedKeyId":35,"baseKey":"BSHEimlJmiR8ERfjhFjKONxnU7dnd0DfrB40wqa4IRg1","preKeyId":4423199}}},"version":"v1"}