{"_sessions":{"BQJaWoRaZQcSh2m5uzDSDEoAk8sVwOK8aC/bX4apCx4p":{"registrationId":1655252672,"currentRatchet":{"ephemeralKeyPair":{"pubKey":"BbJ4UDvAQK8auUPf0EAwZ57ZtJYsnTHCeW1N2+JNR79T","privKey":"cMQvc3TSeEGBXGB4iWISWu8GAQfjqCvb+edV2/cWflM="},"lastRemoteEphemeralKey":"BREe12n0kNWKsYQxe4rQvJyRGyNvujPszAyI3WI0cp5G","previousCounter":0,"rootKey":"uVLOGOxSWjiL1TLSNJUznS16OAmrpYsAl+BUlhJSQIM="},"indexInfo":{"baseKey":"BQJaWoRaZQcSh2m5uzDSDEoAk8sVwOK8aC/bX4apCx4p","baseKeyType":1,"closed":-1,"used":1741601639146,"created":1741601639146,"remoteIdentityKey":"BT22fiEO6q7PJtax4oksdQPLXhJPJOGArJiyFURHjsU1"},"_chains":{"BbJ4UDvAQK8auUPf0EAwZ57ZtJYsnTHCeW1N2+JNR79T":{"chainKey":{"counter":0,"key":"qh4eWGmUPwndb3qZKnHxp2xEsAsE6Sywzcwahuo5qh0="},"chainType":1,"messageKeys":{}}},"pendingPreKey":{"signedKeyId":16,"baseKey":"BQJaWoRaZQcSh2m5uzDSDEoAk8sVwOK8aC/bX4apCx4p","preKeyId":16568578}}},"version":"v1"}