{"_sessions":{"Bb6JtKqQn0wu26Kmqza/ETrfJWr0pObjqySFGN5piWkZ":{"registrationId":98495878,"currentRatchet":{"ephemeralKeyPair":{"pubKey":"BexpGO4h8Mhz5vDjR5IAjfVYIp2LB2tIOaqL6aZSQpJQ","privKey":"+I0nlXrWFqf255k0oI4uCfFEqxZMRxsV/D6xJj64R04="},"lastRemoteEphemeralKey":"BT6BCC2V0ur8HIgkd46XBePNtZ+zfAfapI1l6ob7xQAk","previousCounter":0,"rootKey":"serX/xhd0XvdjOLV4xpBbDWVQua9rdsrmPKm+ppVR9w="},"indexInfo":{"baseKey":"Bb6JtKqQn0wu26Kmqza/ETrfJWr0pObjqySFGN5piWkZ","baseKeyType":1,"closed":-1,"used":1741601641779,"created":1741601641779,"remoteIdentityKey":"BY0t8oiGJ+2s682EDZGDF/l7puRRZEXNcWlh+Voy8YMR"},"_chains":{"BexpGO4h8Mhz5vDjR5IAjfVYIp2LB2tIOaqL6aZSQpJQ":{"chainKey":{"counter":0,"key":"3FunC01AIC707xomlqmI/QjTscnIZmp10629/TNK5LE="},"chainType":1,"messageKeys":{}}},"pendingPreKey":{"signedKeyId":1,"baseKey":"Bb6JtKqQn0wu26Kmqza/ETrfJWr0pObjqySFGN5piWkZ","preKeyId":4112}}},"version":"v1"}