{"_sessions":{"BR2EXo7BeOTnX+HS150rruZb/c7/QOlOZRrEtZIrmAcP":{"registrationId":1163500012,"currentRatchet":{"ephemeralKeyPair":{"pubKey":"Be8Rxb2XVl7MWq+iCFxrT0774PlfIcQG8D3IHcMXZeh9","privKey":"GDMmjNSU5Jgjk1dgOmiQsOK1e3B+YDtrL3pM0U2bd0Q="},"lastRemoteEphemeralKey":"BYpW3dDGcgOnADUYXP0Up2esjOQuSHaJmzXFVLUiH9wK","previousCounter":0,"rootKey":"JzegjdfR3GyMbAW5YpAP5JM+74rG40Pv6V26CJbr+BE="},"indexInfo":{"baseKey":"BR2EXo7BeOTnX+HS150rruZb/c7/QOlOZRrEtZIrmAcP","baseKeyType":1,"closed":-1,"used":1741601639503,"created":1741601639503,"remoteIdentityKey":"BZWVVJQiOW2Dil3Y94SlqnqavHo6BeHEMBa049NIshBd"},"_chains":{"Be8Rxb2XVl7MWq+iCFxrT0774PlfIcQG8D3IHcMXZeh9":{"chainKey":{"counter":0,"key":"Zup+yJzags97zPL8J6p94NtHABpiCPsgytxd4wz69lk="},"chainType":1,"messageKeys":{}}},"pendingPreKey":{"signedKeyId":0,"baseKey":"BR2EXo7BeOTnX+HS150rruZb/c7/QOlOZRrEtZIrmAcP","preKeyId":10032287}}},"version":"v1"}