{"_sessions":{"BUfQMBaWiXUR84wpf9ZvB4fahM9pwpkeT3zZuVEK+ogs":{"registrationId":790572988,"currentRatchet":{"ephemeralKeyPair":{"pubKey":"BVLnymnW7x2x5qGoOJcBSDwciQu3cQvcRWvXMexGr3lt","privKey":"KM4G+73UmlEucrgPUpJjnvA+TlzMbXvQ0/kP0ZP4vHA="},"lastRemoteEphemeralKey":"BUcmQfPDWIxWE5qjmnIzEjm5HJq4bDcEF3Ehy+M0POg6","previousCounter":0,"rootKey":"iZUBOM6BVLwxqHukRW8Bbc0bW/bN6VS6or2FqlrYbFY="},"indexInfo":{"baseKey":"BUfQMBaWiXUR84wpf9ZvB4fahM9pwpkeT3zZuVEK+ogs","baseKeyType":1,"closed":-1,"used":1741601638978,"created":1741601638978,"remoteIdentityKey":"BVp51P2QYes4pSZilQ82KYjlG2mJUtHFFzeESJIVsCsb"},"_chains":{"BVLnymnW7x2x5qGoOJcBSDwciQu3cQvcRWvXMexGr3lt":{"chainKey":{"counter":0,"key":"CjQb8fkHpFV5KeyyG7x/jXulrjUyLUqzFAxOldTVGOo="},"chainType":1,"messageKeys":{}}},"pendingPreKey":{"signedKeyId":88259,"baseKey":"BUfQMBaWiXUR84wpf9ZvB4fahM9pwpkeT3zZuVEK+ogs","preKeyId":4108}}},"version":"v1"}