{"_sessions":{"BSDi/AezYzNb0uDZgZbiTnuc8kvsR5/4a9mxEzV+ESoc":{"registrationId":1456421218,"currentRatchet":{"ephemeralKeyPair":{"pubKey":"BcgymOIMeZr6jaReZSHzVnxgyOls3cqSNjbEnAA0ti0K","privKey":"KBKmX6VoBZyk2VfOvl/TnJNPZEj8w4MxKbguR7rIV1I="},"lastRemoteEphemeralKey":"BaNxz95wNLQyFUKzwUj04hSOwUusnUhnPM3Gt67UdWpn","previousCounter":0,"rootKey":"bouXjVSZbPOv5YVyVUdrB6pTDunzMWKx57XMKDjkMus="},"indexInfo":{"baseKey":"BSDi/AezYzNb0uDZgZbiTnuc8kvsR5/4a9mxEzV+ESoc","baseKeyType":1,"closed":-1,"used":1741601641874,"created":1741601641874,"remoteIdentityKey":"Bf9Yet/x6FDhLU+t8cVeWw0C/Ihbz2r/89u4jFC/BcB4"},"_chains":{"BcgymOIMeZr6jaReZSHzVnxgyOls3cqSNjbEnAA0ti0K":{"chainKey":{"counter":0,"key":"1Gro+wFQ0KFMKiSvMIx2Y8oHkhXqoaNlO2rH7xXgqTk="},"chainType":1,"messageKeys":{}}},"pendingPreKey":{"signedKeyId":19,"baseKey":"BSDi/AezYzNb0uDZgZbiTnuc8kvsR5/4a9mxEzV+ESoc","preKeyId":16739723}}},"version":"v1"}