{"_sessions":{"BfNTmRI9t+w2pkUkzID9e2/ty98pqsI17eKiYlnmALx6":{"registrationId":1478964900,"currentRatchet":{"ephemeralKeyPair":{"pubKey":"BUrzD9u3zWQvGtS0vMBg91E3tu3S395kLsrDlx6GrQVw","privKey":"+DLNn1pp6cOxl1Km459gos6xiZm2Aeto4vnQ2/JWklk="},"lastRemoteEphemeralKey":"BYpBbQB1OHfNCSHpD15MHDWMsCN0yTTjuWh01GWdEn1O","previousCounter":0,"rootKey":"zuXICCIWGMQucatpfMb9y/Cj1qyie+7WsIH6agjWa4E="},"indexInfo":{"baseKey":"BfNTmRI9t+w2pkUkzID9e2/ty98pqsI17eKiYlnmALx6","baseKeyType":1,"closed":-1,"used":1741601639580,"created":1741601639580,"remoteIdentityKey":"BYd6rEG14HBSV7AwtRsBVH1wumHJUg78NyMGNQuUKzBw"},"_chains":{"BUrzD9u3zWQvGtS0vMBg91E3tu3S395kLsrDlx6GrQVw":{"chainKey":{"counter":0,"key":"e4MVKb+3XFIdLS915vZA7w5C+KII/2b2qqmaJ1tRoRM="},"chainType":1,"messageKeys":{}}},"pendingPreKey":{"signedKeyId":19,"baseKey":"BfNTmRI9t+w2pkUkzID9e2/ty98pqsI17eKiYlnmALx6","preKeyId":4760243}}},"version":"v1"}