{"_sessions":{"BS1B17EpLylg2YOXCutfnSDKCy+4iomkz3ownqhM7HYh":{"registrationId":1362172199,"currentRatchet":{"ephemeralKeyPair":{"pubKey":"BUXkfkPvYfjiN7hN2NNviHc1eJWDmi1S023uflhtgYwg","privKey":"MJ+3mEzc72v5p54CVQE1tMEWL8/LC7drNu/0/9GClmA="},"lastRemoteEphemeralKey":"BQM90qo9hKF99J3NxgXd4JQ6faqRVxYYRO2K5gb6SUE/","previousCounter":0,"rootKey":"B9mfkiFSecW8Y1rhk7iZxrIjtK9tWdN06NJNdKSmt5c="},"indexInfo":{"baseKey":"BS1B17EpLylg2YOXCutfnSDKCy+4iomkz3ownqhM7HYh","baseKeyType":1,"closed":-1,"used":1741601639478,"created":1741601639478,"remoteIdentityKey":"BV95zlTeiCnfIx234m8kCeiNRYtp99TH0YIhd4PTrdBR"},"_chains":{"BUXkfkPvYfjiN7hN2NNviHc1eJWDmi1S023uflhtgYwg":{"chainKey":{"counter":0,"key":"c30i0Lc0BUjPIGdyTs2zw2dns4+P77WrXlyFNKFgwRA="},"chainType":1,"messageKeys":{}}},"pendingPreKey":{"signedKeyId":7,"baseKey":"BS1B17EpLylg2YOXCutfnSDKCy+4iomkz3ownqhM7HYh","preKeyId":11544738}}},"version":"v1"}