{"_sessions":{"BeMyGgxMMxmhhwHvuefI66nqNF0rKuCf/aKrbOPhjfwX":{"registrationId":744532151,"currentRatchet":{"ephemeralKeyPair":{"pubKey":"BcmiX3TmagWT+czkjeLxRjCy8NOCCyRcGvArtKIb6ndD","privKey":"eA/nlqMz6PSvTGKIbu7Gd/DQq5kCdzjEW43iCJDK8UQ="},"lastRemoteEphemeralKey":"BVm1IttbIGRLnhjzNZEEyHgYRdfY+eAXOhPIQl9VBSss","previousCounter":0,"rootKey":"nxvEftfg64Eo3lZqN8N7jHjn3Eyk8zfPeRaaFVuv6wA="},"indexInfo":{"baseKey":"BeMyGgxMMxmhhwHvuefI66nqNF0rKuCf/aKrbOPhjfwX","baseKeyType":1,"closed":-1,"used":1741601636814,"created":1741601636814,"remoteIdentityKey":"BTRbUWBpq/PKp6BC0VQv+Bc7u5ptaTGRoKClPTHWZ+As"},"_chains":{"BcmiX3TmagWT+czkjeLxRjCy8NOCCyRcGvArtKIb6ndD":{"chainKey":{"counter":0,"key":"d/suSTxgd7ygJMnszFwEb/VsYypQIR0syBUE/I7NFyg="},"chainType":1,"messageKeys":{}}},"pendingPreKey":{"signedKeyId":9,"baseKey":"BeMyGgxMMxmhhwHvuefI66nqNF0rKuCf/aKrbOPhjfwX","preKeyId":11697275}}},"version":"v1"}