{"_sessions":{"Bf3SCOlwU3EbE+Thc2Zfmg9az9dOoCt64n9vy4pCclk2":{"registrationId":814009642,"currentRatchet":{"ephemeralKeyPair":{"pubKey":"BQt24ijnhW1HE0vhPTX2G2UodfcuzaA1X8oifs4Pq2tx","privKey":"IMhJ/CsMBLp4b9RGwfx/5D8+Kz+IUpL5QbVCUNKbXFU="},"lastRemoteEphemeralKey":"BdpQVQzGTYOYW3hSAmSqe5bOUXh6eBWmY3XhNaIp/pgR","previousCounter":0,"rootKey":"sZ6j0hQW8HkbEv3iPxe2+swLR8IVwKXr8jxUNsmNYwE="},"indexInfo":{"baseKey":"Bf3SCOlwU3EbE+Thc2Zfmg9az9dOoCt64n9vy4pCclk2","baseKeyType":1,"closed":-1,"used":1741601642112,"created":1741601642112,"remoteIdentityKey":"BWnL0qJD2a6rfTdU1mhE84GxFA8bUVOfTDpvgXz6SgJi"},"_chains":{"BQt24ijnhW1HE0vhPTX2G2UodfcuzaA1X8oifs4Pq2tx":{"chainKey":{"counter":0,"key":"/l9WvRzFB9CAwxeqMMznUVkp4g8NnYVg8bKrh9EM2Zg="},"chainType":1,"messageKeys":{}}},"pendingPreKey":{"signedKeyId":0,"baseKey":"Bf3SCOlwU3EbE+Thc2Zfmg9az9dOoCt64n9vy4pCclk2"}}},"version":"v1"}