{"_sessions":{"BVSJ4f8YaWwXcCgueBRFxxVypE0X6z/4XLd3vL/p1d8N":{"registrationId":1269660006,"currentRatchet":{"ephemeralKeyPair":{"pubKey":"BTrvt1poeNPDGNOI1k+FUwnhbBQxn6MlROgL35aLKV1L","privKey":"OAfHmu0sinj+KEWHRkGfGFj00Kg9uGnSjq6GW9nKukQ="},"lastRemoteEphemeralKey":"BZ9cBORWIufNgcNh/6r6aq+5wQPJV/g9JcoPQ6E/SdEE","previousCounter":0,"rootKey":"oE8F5iWbmPwZoUr1Hnk1LsXFaTiSqM4QiAnorhM3X9Q="},"indexInfo":{"baseKey":"BVSJ4f8YaWwXcCgueBRFxxVypE0X6z/4XLd3vL/p1d8N","baseKeyType":1,"closed":-1,"used":1741601634396,"created":1741601634396,"remoteIdentityKey":"Bdu8tIOjfoAxdHEMo0RzJ+CSgeuxFTVr/UL/dCUt0c8g"},"_chains":{"BTrvt1poeNPDGNOI1k+FUwnhbBQxn6MlROgL35aLKV1L":{"chainKey":{"counter":1,"key":"rccPJBBG8f1gIo5cXIMEALjeeewsvhT5y2z9MWwSRo4="},"chainType":1,"messageKeys":{}}},"pendingPreKey":{"signedKeyId":11,"baseKey":"BVSJ4f8YaWwXcCgueBRFxxVypE0X6z/4XLd3vL/p1d8N","preKeyId":3943101}}},"version":"v1"}