{"_sessions":{"BX5Kt90Xe8xlD+C9jyYWpZRakj6DU6z7gvfICZiMsHdm":{"registrationId":485952216,"currentRatchet":{"ephemeralKeyPair":{"pubKey":"BQetgta6+Tq/lLFtcKc4TcB0eeU7hCM1CdF3/eyhOHY6","privKey":"kNgrHITy8hlGasSODCMp2Qf9yEBKjoZ6mu/iRuLKZFQ="},"lastRemoteEphemeralKey":"BRPK0kBtkC4xGup+3+qZb7Pr+DxB2QQ1TSpxjwCkGcVS","previousCounter":0,"rootKey":"qudjRTsm1tbDb84RL9bNu9x5+A+dAbSmj3KNI4hu6jw="},"indexInfo":{"baseKey":"BX5Kt90Xe8xlD+C9jyYWpZRakj6DU6z7gvfICZiMsHdm","baseKeyType":1,"closed":-1,"used":1741601641765,"created":1741601641765,"remoteIdentityKey":"BUeJyGAoDPc+Npq0pYNhe8QXrNALit7Q88Al39s2AQU7"},"_chains":{"BQetgta6+Tq/lLFtcKc4TcB0eeU7hCM1CdF3/eyhOHY6":{"chainKey":{"counter":0,"key":"K3s+LL7U5q7TmALwopqTn1L7NgbQBu198x4FhAayooo="},"chainType":1,"messageKeys":{}}},"pendingPreKey":{"signedKeyId":1,"baseKey":"BX5Kt90Xe8xlD+C9jyYWpZRakj6DU6z7gvfICZiMsHdm"}}},"version":"v1"}