{"_sessions":{"BckQ2fXZ54+LkW5yLLVznYOkIBxyHBxHkAhtbED6fnkt":{"registrationId":1225530523,"currentRatchet":{"ephemeralKeyPair":{"pubKey":"BY61XRiAnEKPzxuy4Kvqti+uGlALn2YlNZO99EFGbWsi","privKey":"eG3N2E9PDzghTXJIkjjlGLbOSbNnyPd7hcz6VScpoXo="},"lastRemoteEphemeralKey":"BVH+miBj9NrY+511C8mXQYkFHesf7GCAWmDZhs3dMUgw","previousCounter":0,"rootKey":"r2XS6zuwp6PYHnZ1r6B7nRj0dT0tCF6thHUZsXqF40k="},"indexInfo":{"baseKey":"BckQ2fXZ54+LkW5yLLVznYOkIBxyHBxHkAhtbED6fnkt","baseKeyType":1,"closed":-1,"used":1741601636670,"created":1741601636670,"remoteIdentityKey":"BdL77VRsFgIk/vLPVBIKq/FCXbWqxxYmvfdNnJs65tcP"},"_chains":{"BY61XRiAnEKPzxuy4Kvqti+uGlALn2YlNZO99EFGbWsi":{"chainKey":{"counter":1,"key":"WeAcj4TWSipZK3sORxa7But4XUjkLclRorw7EUq4uFg="},"chainType":1,"messageKeys":{}}},"pendingPreKey":{"signedKeyId":4,"baseKey":"BckQ2fXZ54+LkW5yLLVznYOkIBxyHBxHkAhtbED6fnkt"}}},"version":"v1"}