{"_sessions":{"BcLEiPTZN1KQEbwZ1tXgxBozCqBoVipSv6GiJyeCJXAn":{"registrationId":1907428710,"currentRatchet":{"ephemeralKeyPair":{"pubKey":"BW6Aa0i+q4ysdI8jJY66MQ6Dm4lvBof02ZdNhiuUo5we","privKey":"eJqoTZ5AJAnULoHiu7yGVsys+vaT865gKe2C8q++jkU="},"lastRemoteEphemeralKey":"BQTquEJAqPihfhjxjMPIJxHk5fNFDqo4pcvcJCgEYE4p","previousCounter":0,"rootKey":"CgQglzk1i2kQYAnJ3OEl0DXRYbYwFKP4UOSWQyVV5Xo="},"indexInfo":{"baseKey":"BcLEiPTZN1KQEbwZ1tXgxBozCqBoVipSv6GiJyeCJXAn","baseKeyType":1,"closed":-1,"used":1741601642120,"created":1741601642120,"remoteIdentityKey":"BSBDlPxkTktH3XJzSwg/9RuNkT1qJjWqhRlni4Zsh5AA"},"_chains":{"BW6Aa0i+q4ysdI8jJY66MQ6Dm4lvBof02ZdNhiuUo5we":{"chainKey":{"counter":0,"key":"QgzvoJ/epOcz82ylqG5hlXzdQOYOiNu7XKdg1jj55Ng="},"chainType":1,"messageKeys":{}}},"pendingPreKey":{"signedKeyId":8,"baseKey":"BcLEiPTZN1KQEbwZ1tXgxBozCqBoVipSv6GiJyeCJXAn","preKeyId":5763254}}},"version":"v1"}