{"_sessions":{"BWiNluRnZ3xnZaFO9/g5C0VnGEKsRT56/AdLnhBD6yFH":{"registrationId":151103685,"currentRatchet":{"ephemeralKeyPair":{"pubKey":"BbjQmHfLdzMV1fSxYaOYC0Jv3G/NAAxb8PZDfrKqoCNI","privKey":"6LuA2qubAR3wubvJp5kR0fr0piiGa1uj1Fls+MQ/WWE="},"lastRemoteEphemeralKey":"BYhXwb15ryJ9xBLTAP2CAoyV7g+6kkbHInMB2VWwp8IU","previousCounter":0,"rootKey":"LCwC+32T3jBcKNNGpqEdcPrPCaGCBXMdfBZRll3APGc="},"indexInfo":{"baseKey":"BWiNluRnZ3xnZaFO9/g5C0VnGEKsRT56/AdLnhBD6yFH","baseKeyType":1,"closed":-1,"used":1741601636855,"created":1741601636855,"remoteIdentityKey":"BV0DotX3hi3OvCLIdb8fFKPT9tyWvN6fczqubkQSIQsc"},"_chains":{"BbjQmHfLdzMV1fSxYaOYC0Jv3G/NAAxb8PZDfrKqoCNI":{"chainKey":{"counter":1,"key":"ImhxprQF23gAS9kcXe+GfoHE/EKcRQs018itZPF0iAI="},"chainType":1,"messageKeys":{}}},"pendingPreKey":{"signedKeyId":0,"baseKey":"BWiNluRnZ3xnZaFO9/g5C0VnGEKsRT56/AdLnhBD6yFH","preKeyId":5777349}}},"version":"v1"}