{"_sessions":{"BcHGqozgGzbyev/cCXOb4/M/bqRQbjOkpr7lygfVuXQd":{"registrationId":1216774239,"currentRatchet":{"ephemeralKeyPair":{"pubKey":"BfkiY79J8/MMZxP4yQqyahn/YTFfd7f2dGMz2kGcoP9Z","privKey":"uP2AuS3B0TDVNa5LDxut/gPA6YYUOQxwFAd4m8zPcX8="},"lastRemoteEphemeralKey":"BZuIBctCoDmnikFOJqHRuoaV+k5tzfKUvBewyyLusrZ0","previousCounter":0,"rootKey":"OyyBuzzbLzMMkKPcItTCzYFeF2XDBbEvhVnlTi5SuRE="},"indexInfo":{"baseKey":"BcHGqozgGzbyev/cCXOb4/M/bqRQbjOkpr7lygfVuXQd","baseKeyType":1,"closed":-1,"used":1741601638958,"created":1741601638958,"remoteIdentityKey":"BfGkktE5GtOzZsMWqvMwsWveRxE08smgxAMrsJM/uPIj"},"_chains":{"BfkiY79J8/MMZxP4yQqyahn/YTFfd7f2dGMz2kGcoP9Z":{"chainKey":{"counter":0,"key":"aoOVZY/X3DTUMlVrZtUqOB1JQQhc89XerZMV8Q6D6WE="},"chainType":1,"messageKeys":{}}},"pendingPreKey":{"signedKeyId":22,"baseKey":"BcHGqozgGzbyev/cCXOb4/M/bqRQbjOkpr7lygfVuXQd","preKeyId":8701064}}},"version":"v1"}