{"_sessions":{"BXoyh94LanLwWXlE5K31aLozcbfgfeOfxLx1uScxA91Q":{"registrationId":1773285539,"currentRatchet":{"ephemeralKeyPair":{"pubKey":"BR/GX39jdRRWZ7Hq4oN80q5qKOqJlSd642s8hUfq1P0A","privKey":"qDH7EGwTugOwu7xEAIzOcdEW/oriTvShzYO9sq83W20="},"lastRemoteEphemeralKey":"BYmi6TQ9TnXSg49t5v7OJMjZ8SToXoTwAPUk9MplWsAS","previousCounter":0,"rootKey":"lrUVufjPQmWexNf9ADbSYAaoE/wNYsDQ1h7WJYavVgs="},"indexInfo":{"baseKey":"BXoyh94LanLwWXlE5K31aLozcbfgfeOfxLx1uScxA91Q","baseKeyType":1,"closed":-1,"used":1741601639120,"created":1741601639120,"remoteIdentityKey":"Bc+3qQKwXikdXFVoWbs4fd10ZZ6RvR8luSslM/vJJQNS"},"_chains":{"BR/GX39jdRRWZ7Hq4oN80q5qKOqJlSd642s8hUfq1P0A":{"chainKey":{"counter":0,"key":"Q8fw0G+dztnfWzUgOFLnjIXXQi/22jaB+Nm6RUNo8mc="},"chainType":1,"messageKeys":{}}},"pendingPreKey":{"signedKeyId":3,"baseKey":"BXoyh94LanLwWXlE5K31aLozcbfgfeOfxLx1uScxA91Q","preKeyId":13279680}}},"version":"v1"}