{"_sessions":{"BdB+tV3F/HMkyEZimkEEseJUGdL6XSQj3rsfJvAxT1sn":{"registrationId":355898669,"currentRatchet":{"ephemeralKeyPair":{"pubKey":"BYXj6OWiqUyUkvVegOJDc8VnlWVVc0Im7UbhjW45Vm85","privKey":"eNKyNJ1n/ZmTA2ubgRvxm9Dz1vDqTJgaJ1Yrtkyg+lk="},"lastRemoteEphemeralKey":"Bcy0lj0oUomvSy+d7ygDjBgnJ9++Ei0l+KR7NkFp4hkp","previousCounter":0,"rootKey":"ON9a26OVmcoll+eHR4+2vvT/CCkW/QOHwuSp9uqJr8g="},"indexInfo":{"baseKey":"BdB+tV3F/HMkyEZimkEEseJUGdL6XSQj3rsfJvAxT1sn","baseKeyType":1,"closed":-1,"used":1741601636791,"created":1741601636791,"remoteIdentityKey":"BWifYCONCogWkRy58P9tqTJFY1ZIlRk/4mifzagqz+Ui"},"_chains":{"BYXj6OWiqUyUkvVegOJDc8VnlWVVc0Im7UbhjW45Vm85":{"chainKey":{"counter":1,"key":"XsQpuf1dGxiHzQEmcF9lV8n723TocLf8x3A8s7B7i94="},"chainType":1,"messageKeys":{}}},"pendingPreKey":{"signedKeyId":4,"baseKey":"BdB+tV3F/HMkyEZimkEEseJUGdL6XSQj3rsfJvAxT1sn","preKeyId":3827879}}},"version":"v1"}