{"_sessions":{"BSgHz0+vmoNg2NAQ1QmOQyEgPktj+0BnwPO/4Rtx5jA2":{"registrationId":87,"currentRatchet":{"ephemeralKeyPair":{"pubKey":"BRR3UhvhFyYRaMCwQ+DluBgG29IANoEVIta/Zf4jkI9F","privKey":"qHOTW0T6BA6lBmEKEcFZI3efBtUS0jnOIKobPyASSWU="},"lastRemoteEphemeralKey":"BRqFocP7IloUaeyf5Sm/ESe1TTbsAQ+MyC62r7kC65dD","previousCounter":0,"rootKey":"NGdFD90nv1IV5+WYFzQQSZzUvVeTzcIBgEkr6SWfIBg="},"indexInfo":{"baseKey":"BSgHz0+vmoNg2NAQ1QmOQyEgPktj+0BnwPO/4Rtx5jA2","baseKeyType":1,"closed":-1,"used":1741601638868,"created":1741601638868,"remoteIdentityKey":"BQgnljLCwT9hTpr2Lyc/bI2kXqsWUzr2b/YEV0e79T1p"},"_chains":{"BRR3UhvhFyYRaMCwQ+DluBgG29IANoEVIta/Zf4jkI9F":{"chainKey":{"counter":0,"key":"Ve75YhNe4K00IT3K9f72ZB6FXzn7hKwy59U35gZ4fqk="},"chainType":1,"messageKeys":{}}},"pendingPreKey":{"signedKeyId":2,"baseKey":"BSgHz0+vmoNg2NAQ1QmOQyEgPktj+0BnwPO/4Rtx5jA2","preKeyId":532}}},"version":"v1"}