{"_sessions":{"BaaEXe66XHSNuDHp9P7R4kQeZKKzZJIfZt8tiApkGaEh":{"registrationId":1118713560,"currentRatchet":{"ephemeralKeyPair":{"pubKey":"Bb1Utx+V6ksq8H3bdm9s6d6ekTcaGg3fxYS5v/07DJkS","privKey":"MJbDvmxfYz7YmwKDVKJWdwNzlqkxHrvO4K0ZQxOJRUE="},"lastRemoteEphemeralKey":"BRNUS5EywYdhdoVmvXSEpnWZjm2KJiyzY4zwbVs3VNA+","previousCounter":0,"rootKey":"2bOGAktPtzYnthobavWv32P5U/9KZrkSQkDLLwtpyIk="},"indexInfo":{"baseKey":"BaaEXe66XHSNuDHp9P7R4kQeZKKzZJIfZt8tiApkGaEh","baseKeyType":1,"closed":-1,"used":1741601639110,"created":1741601639110,"remoteIdentityKey":"BXaFyefDCW9CLvbKucGybXZhPv8J4ZNPQi2jWdY5ERQl"},"_chains":{"Bb1Utx+V6ksq8H3bdm9s6d6ekTcaGg3fxYS5v/07DJkS":{"chainKey":{"counter":0,"key":"JemQL3YwQ7KV+ZoI9QvtLD0rk2WYpKcUQ6BkxlnGkNg="},"chainType":1,"messageKeys":{}}},"pendingPreKey":{"signedKeyId":34,"baseKey":"BaaEXe66XHSNuDHp9P7R4kQeZKKzZJIfZt8tiApkGaEh","preKeyId":7139965}}},"version":"v1"}