{"_sessions":{"BZ5N0qootoez4qTuk/oJTJQ3EyNeIFQ3XpvXtT36q2kA":{"registrationId":472954554,"currentRatchet":{"ephemeralKeyPair":{"pubKey":"BdoGpFRMyDr1ukhls1uZv6TrknvQl4023KyCUpl3+zp9","privKey":"YGCNOW5g7LA/JezcLFaSXIvS3abheYpC8ma3XVy+/Vw="},"lastRemoteEphemeralKey":"BZF0jwmbqvamIvIJmInAss1txLD6jhcHuldM/8b8whpp","previousCounter":0,"rootKey":"pQ8b0GXFnWJPvQ28+I+mFLrpaDdCduew0+wMG/TWVdk="},"indexInfo":{"baseKey":"BZ5N0qootoez4qTuk/oJTJQ3EyNeIFQ3XpvXtT36q2kA","baseKeyType":1,"closed":-1,"used":1741601642129,"created":1741601642129,"remoteIdentityKey":"BdJZi2+WjsXHlZ+DFXNaGXpVRzcyYZY2TI7JcTN5nelq"},"_chains":{"BdoGpFRMyDr1ukhls1uZv6TrknvQl4023KyCUpl3+zp9":{"chainKey":{"counter":0,"key":"YVNnSdDTbOQIYhMUqDOUg2pegPcgIbU2YgMSmYX3h2I="},"chainType":1,"messageKeys":{}}},"pendingPreKey":{"signedKeyId":1,"baseKey":"BZ5N0qootoez4qTuk/oJTJQ3EyNeIFQ3XpvXtT36q2kA","preKeyId":10696235}}},"version":"v1"}