{"_sessions":{"BYchK++zpTf1r9HPcwGFL/78sin2pCbZWY/Gy39mOXNe":{"registrationId":1804829103,"currentRatchet":{"ephemeralKeyPair":{"pubKey":"BcfYd12vilemBd8nhidX2iMg2WorVqwokzStTV8BA+lx","privKey":"gGL5zH8Th9to2bYRulZQZRRjYN4bCkFe+nUILHF1YVI="},"lastRemoteEphemeralKey":"BTZSP2Vt2by3Ymrie9PbLvHrULJhFIdpB7FL4IdLZIsR","previousCounter":0,"rootKey":"Xxp2nEKFWebMKP2NqeVH2xUHdaB4iRSoVGPxuw3N1yc="},"indexInfo":{"baseKey":"BYchK++zpTf1r9HPcwGFL/78sin2pCbZWY/Gy39mOXNe","baseKeyType":1,"closed":-1,"used":1741601638952,"created":1741601638952,"remoteIdentityKey":"BSZcDqY2qpRnC6Uk/XNOhlqmebvsjqBYQhgbL2wqptZE"},"_chains":{"BcfYd12vilemBd8nhidX2iMg2WorVqwokzStTV8BA+lx":{"chainKey":{"counter":0,"key":"Zhc395fzhODpOZAE7rTkkGu2y6OLqyobHXP7hc/xTdU="},"chainType":1,"messageKeys":{}}},"pendingPreKey":{"signedKeyId":29,"baseKey":"BYchK++zpTf1r9HPcwGFL/78sin2pCbZWY/Gy39mOXNe","preKeyId":4422100}}},"version":"v1"}