{"_sessions":{"BafvLWm/lpr7+PBl6V0HOu2rQLLkagJUT1wgHnhOWmM8":{"registrationId":1995949706,"currentRatchet":{"ephemeralKeyPair":{"pubKey":"Ba7Wh4VrZisZ/80zAELza81zS9ZwnQFzWz+xjKjuQ0lL","privKey":"iC45hVVasFoUw7vnXskpFFuem5Ee5G3rhnDJFoxSSl4="},"lastRemoteEphemeralKey":"BTH36PhH97Sl7daN3mWQR8iUnxv94rJieLtRu3JDWY5i","previousCounter":0,"rootKey":"u34D1eGvk90Fem9QuZOBkjp46u/Pgz4ntlKKVaxyTNI="},"indexInfo":{"baseKey":"BafvLWm/lpr7+PBl6V0HOu2rQLLkagJUT1wgHnhOWmM8","baseKeyType":1,"closed":-1,"used":1741602211708,"created":1741601639012,"remoteIdentityKey":"BawObm2frGUxAYqPh6689+GCMgmnvUSapL1mRw8dpKw3"},"_chains":{"BTH36PhH97Sl7daN3mWQR8iUnxv94rJieLtRu3JDWY5i":{"chainKey":{"counter":0,"key":"W7YuKPpDJ+poXoxQdYREepKoAXvWjBAlkmW+CP+1230="},"chainType":2,"messageKeys":{}},"Ba7Wh4VrZisZ/80zAELza81zS9ZwnQFzWz+xjKjuQ0lL":{"chainKey":{"counter":-1,"key":"Nk+91JXpV03fTkAR+SNxWgAzk08nzTIfgPql//pzIqc="},"chainType":1,"messageKeys":{}}}}},"version":"v1"}