{"_sessions":{"BdiON/w+gzHBU3RlVwdOmQ7WH934tbRr2BJ2OA7FK0hE":{"registrationId":920338844,"currentRatchet":{"ephemeralKeyPair":{"pubKey":"BTWUJ2wIxDRMqPGtgPyiElTNQijnlYE0Xz8wTbGhXmNk","privKey":"UM+2Xjx61aYITypqEQXvc57Av//mNTt4UexUKTSSJUM="},"lastRemoteEphemeralKey":"BcnKvWKEkZBXD29wNa0tviqiljK7Y5mCq9ZzAo14E5Ve","previousCounter":0,"rootKey":"YV8NswbX5exg43W2mHueUtgzVLeu7L0QKeoxhWbho/Q="},"indexInfo":{"baseKey":"BdiON/w+gzHBU3RlVwdOmQ7WH934tbRr2BJ2OA7FK0hE","baseKeyType":1,"closed":-1,"used":1741601641871,"created":1741601641871,"remoteIdentityKey":"BdOup3p+PVqwBXPn8B1qj98vrI1u+wLZ3pkaJgdieHlq"},"_chains":{"BTWUJ2wIxDRMqPGtgPyiElTNQijnlYE0Xz8wTbGhXmNk":{"chainKey":{"counter":0,"key":"S4az40kYMUuzxkl5V70e7SBEaFSTr9mCb4qPNU9yo7c="},"chainType":1,"messageKeys":{}}},"pendingPreKey":{"signedKeyId":1,"baseKey":"BdiON/w+gzHBU3RlVwdOmQ7WH934tbRr2BJ2OA7FK0hE"}}},"version":"v1"}