{"_sessions":{"BdrUB/1tjO/Uq/Q5eh5369hslrkszbjFNXddn4l24swz":{"registrationId":1062757254,"currentRatchet":{"ephemeralKeyPair":{"pubKey":"BcPZa+/x4fyTn21VAMJTiY+leJVQbyCIQkcoJElBii4g","privKey":"0AbwgiqpFXUToQceogmLntHMYVE3AYTCV3osceUUbUE="},"lastRemoteEphemeralKey":"Bf1AxfPITL9qTEoe29WkxgbM2awOuvRxjpRPyBTzWqw6","previousCounter":0,"rootKey":"TFaAXRu24zqC76dav+HGwAzYfiAMzF2KZ5jHycX6tt4="},"indexInfo":{"baseKey":"BdrUB/1tjO/Uq/Q5eh5369hslrkszbjFNXddn4l24swz","baseKeyType":1,"closed":-1,"used":1741601642098,"created":1741601642098,"remoteIdentityKey":"Be2EIuczH6jzN9yJCzhuepM/If9taI6RLb9+5OdsU10A"},"_chains":{"BcPZa+/x4fyTn21VAMJTiY+leJVQbyCIQkcoJElBii4g":{"chainKey":{"counter":0,"key":"RWT+DcCGIwl+ZioBCin65YEXiQ/NXx0hpRVMjNWg8aE="},"chainType":1,"messageKeys":{}}},"pendingPreKey":{"signedKeyId":2,"baseKey":"BdrUB/1tjO/Uq/Q5eh5369hslrkszbjFNXddn4l24swz","preKeyId":4127274}}},"version":"v1"}