{"_sessions":{"BdzZ7v2tKC4RY5Ma21cAcTSpshxqdztryQRV7eqkJCxD":{"registrationId":739338423,"currentRatchet":{"ephemeralKeyPair":{"pubKey":"BZMc23VrgSwcPNe/SYQGfE1e0ND9TOQMyf29LLCwZBIt","privKey":"CMOFlhi5xNUCqzC4Xi8Q/4ZXHwyN0KlWQKbZPDUxoWk="},"lastRemoteEphemeralKey":"BQxz4NWoEA+CGXoXsrDI2Q9VR8QGc6EDgtvH2/ehXgQw","previousCounter":0,"rootKey":"j+sDK6vNdWFsvmUj/NeqEgZluoFG4/TkHFHRIByFj54="},"indexInfo":{"baseKey":"BdzZ7v2tKC4RY5Ma21cAcTSpshxqdztryQRV7eqkJCxD","baseKeyType":1,"closed":-1,"used":1741601642104,"created":1741601642104,"remoteIdentityKey":"BRVdNARD1xDuQI5tI7PQ/aEdFjUOrvb/k166+y5eNTga"},"_chains":{"BZMc23VrgSwcPNe/SYQGfE1e0ND9TOQMyf29LLCwZBIt":{"chainKey":{"counter":0,"key":"BnaWJd9yQRBHiOViAqKH/cleyqZCh0LNEBgoMgK3mxY="},"chainType":1,"messageKeys":{}}},"pendingPreKey":{"signedKeyId":1,"baseKey":"BdzZ7v2tKC4RY5Ma21cAcTSpshxqdztryQRV7eqkJCxD","preKeyId":5040260}}},"version":"v1"}