{"_sessions":{"Ba+DIaWNrC3LFbjjWCmumBcTGxMg/4olOEhWOFJSBllS":{"registrationId":1935150246,"currentRatchet":{"ephemeralKeyPair":{"pubKey":"BYjfiU83PP+4deDF9dCfJkYTEh23GnhdWd9A8gEbDupI","privKey":"eFr9gY4f/EPqAPC4+jTU8Rd+y5kDqGsu3wOT/JeBcm0="},"lastRemoteEphemeralKey":"BScHLhz6U9EfYyTKSw9JC/iNGApjVHK8TWbV5UdMm890","previousCounter":0,"rootKey":"6qxrPIYv6XxkBFqUEnRdwAI0+2vW/IawnMgbHDKwkpY="},"indexInfo":{"baseKey":"Ba+DIaWNrC3LFbjjWCmumBcTGxMg/4olOEhWOFJSBllS","baseKeyType":1,"closed":-1,"used":1741601636803,"created":1741601636803,"remoteIdentityKey":"BSqcyHWlBYvW4qbOtKHpLl7ObNm2sP4aHbXK/UOEqqNf"},"_chains":{"BYjfiU83PP+4deDF9dCfJkYTEh23GnhdWd9A8gEbDupI":{"chainKey":{"counter":1,"key":"J5Hg9IEQNSN6kn0GSpy4s0K+OUXYd6tCGr+dWjSYHZQ="},"chainType":1,"messageKeys":{}}},"pendingPreKey":{"signedKeyId":0,"baseKey":"Ba+DIaWNrC3LFbjjWCmumBcTGxMg/4olOEhWOFJSBllS"}}},"version":"v1"}