{"_sessions":{"BZEBIkaJwRs+0hB424eLt5PyJ/dmb8ftQAiZbfGvekt8":{"registrationId":1570859092,"currentRatchet":{"ephemeralKeyPair":{"pubKey":"BXevK2HI3tYAz9DIAVMYObsu7fdKN1EUi5ycuoQpFK9a","privKey":"4KXSeUg/HLbDiOz9R1X54lLlxAL6sYOsRZCEsSV+Jls="},"lastRemoteEphemeralKey":"BaerkDzaI6saetNkck2D7fxvAqFcJOTPSuPgXuONy1RQ","previousCounter":0,"rootKey":"xtkmSSKO3yIfy79nN2Of1h8LME8sPXk1KKdmmKSEmJI="},"indexInfo":{"baseKey":"BZEBIkaJwRs+0hB424eLt5PyJ/dmb8ftQAiZbfGvekt8","baseKeyType":1,"closed":-1,"used":1741601641801,"created":1741601641801,"remoteIdentityKey":"BXApDDN4S2k3Z/v2/ujaUYi6IznWMA5VPZXzWhrqAV1w"},"_chains":{"BXevK2HI3tYAz9DIAVMYObsu7fdKN1EUi5ycuoQpFK9a":{"chainKey":{"counter":0,"key":"hz3At2PAfzbJmMqk7DQ/vNfRbTsdT0VIuZMtIX1E9oY="},"chainType":1,"messageKeys":{}}},"pendingPreKey":{"signedKeyId":30,"baseKey":"BZEBIkaJwRs+0hB424eLt5PyJ/dmb8ftQAiZbfGvekt8","preKeyId":11271394}}},"version":"v1"}