{"_sessions":{"Be/fPivUsbKyvOXjwlbA5AzO+3k7Qt+daRNnfB8XeiEH":{"registrationId":1192110474,"currentRatchet":{"ephemeralKeyPair":{"pubKey":"BbD0G+B1GpY8v+f5ZC8DcGBhbT8s/Sfz137Nxk8joigf","privKey":"QFnBk2MvyBR4yyMN3lF6N3DIAKZmvuQe3FRNtTHcan4="},"lastRemoteEphemeralKey":"BdLtFt8DA3i+bNj4N2TQC+A9fib00RIpK5ar45LZIkcb","previousCounter":0,"rootKey":"C0CBCL4iKO5alDObLnwyjpGrpCWd0tq3AWg8y5g0NmQ="},"indexInfo":{"baseKey":"Be/fPivUsbKyvOXjwlbA5AzO+3k7Qt+daRNnfB8XeiEH","baseKeyType":1,"closed":-1,"used":1741601641950,"created":1741601641950,"remoteIdentityKey":"BYoO/d8JZVFVhfO78qsoOjJPrbuz7oDqbt0eC6mv68Nx"},"_chains":{"BbD0G+B1GpY8v+f5ZC8DcGBhbT8s/Sfz137Nxk8joigf":{"chainKey":{"counter":0,"key":"gIegJ64gqxFxDBMfTf4ccdxqseQ9Qk6+tMe90niKM5M="},"chainType":1,"messageKeys":{}}},"pendingPreKey":{"signedKeyId":1,"baseKey":"Be/fPivUsbKyvOXjwlbA5AzO+3k7Qt+daRNnfB8XeiEH","preKeyId":4409119}}},"version":"v1"}