{"_sessions":{"BRd53dz7XqX61yTggV+RMPPQexTsOe/itr+eW0v/zKos":{"registrationId":10411,"currentRatchet":{"ephemeralKeyPair":{"pubKey":"BdOEtOReYBr0w8sqoG3T8xM5tzyksB9BlVDFH1cYxoY2","privKey":"GPWI1WRn5Y8fQAsB6fftIwLvYoDCj9lGE5bh50GOjGM="},"lastRemoteEphemeralKey":"BenarwtJxY95fgddF8e+YhC5SpBKh0qzdlSjFfuSwbYz","previousCounter":0,"rootKey":"GbE2JN4TZfrCcXwswyBBJRu4Nxf4VyunJ3bgFEl3m68="},"indexInfo":{"baseKey":"BRd53dz7XqX61yTggV+RMPPQexTsOe/itr+eW0v/zKos","baseKeyType":1,"closed":-1,"used":1741601641748,"created":1741601641748,"remoteIdentityKey":"BT0axZ9/+wii2pHLVC68uoRTdCPQyNXpReAT5LVXdeNB"},"_chains":{"BdOEtOReYBr0w8sqoG3T8xM5tzyksB9BlVDFH1cYxoY2":{"chainKey":{"counter":0,"key":"Z0e/q2YMxC9V9u24R9//4b2F2Y8J7YV+5v+OehVlkaA="},"chainType":1,"messageKeys":{}}},"pendingPreKey":{"signedKeyId":1,"baseKey":"BRd53dz7XqX61yTggV+RMPPQexTsOe/itr+eW0v/zKos"}}},"version":"v1"}