{"_sessions":{"BfL4HQCWG6T8GFbDFoSqa/RirJHShGB2RAY+PxrNIpA2":{"registrationId":579655933,"currentRatchet":{"ephemeralKeyPair":{"pubKey":"BQJ3mbZ+VgETHdKsajnh/NJ/hwOLeD8dLF1iMzZ5U6Q0","privKey":"iPTrv/Q0fnBPNsa4gqV0i3OkzCK28VdPgAQ4JZ+vQkA="},"lastRemoteEphemeralKey":"BRz8nGv7SoU5mTi7u5ai0D+5kPqEqd9yyO8LQZERbZUY","previousCounter":0,"rootKey":"wuA/TGPBjT3V/o3JXjyk42IPTMXVfURtQKQQtdptJmQ="},"indexInfo":{"baseKey":"BfL4HQCWG6T8GFbDFoSqa/RirJHShGB2RAY+PxrNIpA2","baseKeyType":1,"closed":-1,"used":1741601636819,"created":1741601636819,"remoteIdentityKey":"BfQ4NuVaBrenlFsYXgFnW5j7vltxK3fMJKqfv2vaIEMl"},"_chains":{"BQJ3mbZ+VgETHdKsajnh/NJ/hwOLeD8dLF1iMzZ5U6Q0":{"chainKey":{"counter":1,"key":"2e8sDzL7dS7RVx//Kb3+8Be2f/azA//29xfTHj8Xo1Q="},"chainType":1,"messageKeys":{}}},"pendingPreKey":{"signedKeyId":3,"baseKey":"BfL4HQCWG6T8GFbDFoSqa/RirJHShGB2RAY+PxrNIpA2","preKeyId":8898966}}},"version":"v1"}