{"_sessions":{"BerIwJ8ZF5PyydMg08W3vU58xah3QJy1eC6cHtNFZcs3":{"registrationId":1883482533,"currentRatchet":{"ephemeralKeyPair":{"pubKey":"BZnwxj6ZnHyHGnPo3lRUShs2pjd7gUF6pAIgC765K9pt","privKey":"WKmsGapZJc2UoUJVZy2yqGy3Ywx0qLCiT1yxuEdggEo="},"lastRemoteEphemeralKey":"BTK8o8P+mYtE/Tl3HmELmvvCcA+mGm8wi779R8t4ryNR","previousCounter":0,"rootKey":"zRtjFFq/DtINNQSR+5s21zhat92bKoKB6W7tasaecGM="},"indexInfo":{"baseKey":"BerIwJ8ZF5PyydMg08W3vU58xah3QJy1eC6cHtNFZcs3","baseKeyType":1,"closed":-1,"used":1741601641848,"created":1741601641848,"remoteIdentityKey":"BTvLtf8F/YOsUwTA2fJtg9ARvwKSJWEMREkTZaeoTLlZ"},"_chains":{"BZnwxj6ZnHyHGnPo3lRUShs2pjd7gUF6pAIgC765K9pt":{"chainKey":{"counter":0,"key":"RdMIbhhmqUR8HVI1iDcWqi/CRLJbqDF6ms64W2n8ar4="},"chainType":1,"messageKeys":{}}},"pendingPreKey":{"signedKeyId":29,"baseKey":"BerIwJ8ZF5PyydMg08W3vU58xah3QJy1eC6cHtNFZcs3","preKeyId":9084900}}},"version":"v1"}