{"_sessions":{"Ba9DwPimP5iSLCr2Gs4HNLwRxunqk+2MK/npsh0hVQl1":{"registrationId":4256,"currentRatchet":{"ephemeralKeyPair":{"pubKey":"BYIy7OSD0e5Li+zyPGjJ+u4FrTemTj+ts9FbTCblHxc5","privKey":"GGguL4G6Vj/jQQleIY2Xj5iIWAkIZtfr8zmB4UKCtnI="},"lastRemoteEphemeralKey":"BXDpqiA2Nzjhwe4hCD6HBQizbU7FuNv5wW2wGmJxvWkk","previousCounter":0,"rootKey":"pjiNtGc0XPrjW73uFlAneEEVacGTSrMqqYLKYMLDT4U="},"indexInfo":{"baseKey":"Ba9DwPimP5iSLCr2Gs4HNLwRxunqk+2MK/npsh0hVQl1","baseKeyType":1,"closed":-1,"used":1741601641770,"created":1741601641770,"remoteIdentityKey":"BfOJ8fVdhGSfftNwvv2vYmQg2A1vbGpvVde4QyvMMxxY"},"_chains":{"BYIy7OSD0e5Li+zyPGjJ+u4FrTemTj+ts9FbTCblHxc5":{"chainKey":{"counter":0,"key":"XY843/6Sz3nQtQinlMHJUOE3lcn43KmBseyCSXnd/PM="},"chainType":1,"messageKeys":{}}},"pendingPreKey":{"signedKeyId":1,"baseKey":"Ba9DwPimP5iSLCr2Gs4HNLwRxunqk+2MK/npsh0hVQl1","preKeyId":1748}}},"version":"v1"}