{"_sessions":{"Bco0fbb2tRAGAjg0FqLbJ4xvzg6SNqFcNuW8wOOkxZQW":{"registrationId":1834642962,"currentRatchet":{"ephemeralKeyPair":{"pubKey":"BYJT+sMUsmb2zAjnCv2xgcvH/9vHGFS9+LA2RLRd+oNR","privKey":"2KtKrJjXC+WTv6Lb7QhzNWBMdMDll+uUJNrWnwzsjmI="},"lastRemoteEphemeralKey":"BalTZfxmRYnAAoGxihClR2F0Z4zyvew6pmdpgRyZmSU2","previousCounter":0,"rootKey":"Wk6/fMBX9CtvrvMbZtCJBZp/hVJApQwT9WKWI1oOoHw="},"indexInfo":{"baseKey":"Bco0fbb2tRAGAjg0FqLbJ4xvzg6SNqFcNuW8wOOkxZQW","baseKeyType":1,"closed":-1,"used":1741601642095,"created":1741601642095,"remoteIdentityKey":"BbcTVj5yBoa05RjaSyQuUyo4IFeJtzP2aeUiuGgbMiBa"},"_chains":{"BYJT+sMUsmb2zAjnCv2xgcvH/9vHGFS9+LA2RLRd+oNR":{"chainKey":{"counter":0,"key":"iI6k5wZP7mBb/JEWm0dwJelYhTe+p6+RH+OmZS1STQc="},"chainType":1,"messageKeys":{}}},"pendingPreKey":{"signedKeyId":5,"baseKey":"Bco0fbb2tRAGAjg0FqLbJ4xvzg6SNqFcNuW8wOOkxZQW","preKeyId":10022948}}},"version":"v1"}