{"_sessions":{"Bdpi+VEn8pWJlH07rkhgfvP3GJZ6DOo9GXB/jYZdyH5Q":{"registrationId":1560030870,"currentRatchet":{"ephemeralKeyPair":{"pubKey":"BUaXq+2b2hjinnj2vNfRSGk3l4GlWPtC39B5vbhladY6","privKey":"kCP9BgAFbJ7M/I3ohfmmmhZfyZjoIhEL5UbUeysBQXs="},"lastRemoteEphemeralKey":"BXEBuWFmLFrFFk8EIKnv12bCceF2L2ECrQhVAYK1Wi5C","previousCounter":0,"rootKey":"RNqbgWBrl3j5Z5MPaW1Id6qsIpF3GjqOOvlWGRWQcYI="},"indexInfo":{"baseKey":"Bdpi+VEn8pWJlH07rkhgfvP3GJZ6DOo9GXB/jYZdyH5Q","baseKeyType":1,"closed":-1,"used":1741601638918,"created":1741601638918,"remoteIdentityKey":"BUzWcY6iZgi2l5IFoppb2Je2dbwSt6d6K9Y/2/uLvBYH"},"_chains":{"BUaXq+2b2hjinnj2vNfRSGk3l4GlWPtC39B5vbhladY6":{"chainKey":{"counter":0,"key":"pkP+Ujp8Blm3TuxIXipH57qaiWtPHTQgyPxgzYjyFKQ="},"chainType":1,"messageKeys":{}}},"pendingPreKey":{"signedKeyId":2,"baseKey":"Bdpi+VEn8pWJlH07rkhgfvP3GJZ6DOo9GXB/jYZdyH5Q","preKeyId":725218}}},"version":"v1"}