{"_sessions":{"BfoICcoO6Nvr1Zi0OjhoSgJrxXqecLVPWKsB4DC5rEEO":{"registrationId":415764461,"currentRatchet":{"ephemeralKeyPair":{"pubKey":"Be7m43XtRtWwmE3K2UBli3aR1QvSd5v41Y9IVWOloTR3","privKey":"yAFnpIzHhnIlHbBe0EvVduv9xswylQNYds9WET8W3Hg="},"lastRemoteEphemeralKey":"BSRNprvp3gOSvMyuV1tyMt+E0vecFG/6mVVn24K+IIIa","previousCounter":0,"rootKey":"zM0rlQAgWKcyZjDR1JUF2e61E1gJcuXo0aJbgFziyIw="},"indexInfo":{"baseKey":"BfoICcoO6Nvr1Zi0OjhoSgJrxXqecLVPWKsB4DC5rEEO","baseKeyType":1,"closed":-1,"used":1741601636811,"created":1741601636811,"remoteIdentityKey":"BZw/JeInN9G5+Hwm7jJuXtkw6IocFQtDSulvRpcO5rdk"},"_chains":{"Be7m43XtRtWwmE3K2UBli3aR1QvSd5v41Y9IVWOloTR3":{"chainKey":{"counter":1,"key":"K9ifbnJYB2Ocyu6zk02AaimYTBSdNmOcRM4GlT3RoSc="},"chainType":1,"messageKeys":{}}},"pendingPreKey":{"signedKeyId":9,"baseKey":"BfoICcoO6Nvr1Zi0OjhoSgJrxXqecLVPWKsB4DC5rEEO","preKeyId":9486070}}},"version":"v1"}