{"_sessions":{"BR4wFwF1C+AWVf3HB2hp8OApPjPFS/Wv4HHEbvU9ujAR":{"registrationId":474968298,"currentRatchet":{"ephemeralKeyPair":{"pubKey":"Bb9J/HQuTxINOMcdcpSARxA6Ypc0Bd8+qYTYan+iJhok","privKey":"+NEGp05kgZrWJfr6VQp+TotvowECcMS6rmCxNVNPD1w="},"lastRemoteEphemeralKey":"BWFjJWhcJ22LJQsC0ZHFeSjw6jcEc0W+MY7CEJgUUudw","previousCounter":0,"rootKey":"B9Iqq4ZU1vbMTW53RnB+2EGkxO/i8yUKds0VNdStH/o="},"indexInfo":{"baseKey":"BR4wFwF1C+AWVf3HB2hp8OApPjPFS/Wv4HHEbvU9ujAR","baseKeyType":1,"closed":-1,"used":1741601636772,"created":1741601636772,"remoteIdentityKey":"BSz3/vZD0brfF76q7RVRT6DpEKAVl/Hc65/pitUJX5Br"},"_chains":{"Bb9J/HQuTxINOMcdcpSARxA6Ypc0Bd8+qYTYan+iJhok":{"chainKey":{"counter":1,"key":"fbVITgT/c5VuiX/By9pT2VJ3XgVvRrygAkJA3aUEpUg="},"chainType":1,"messageKeys":{}}},"pendingPreKey":{"signedKeyId":8,"baseKey":"BR4wFwF1C+AWVf3HB2hp8OApPjPFS/Wv4HHEbvU9ujAR","preKeyId":3842784}}},"version":"v1"}