{"_sessions":{"BQMeOXPaYkuPDTssIjl8G6ChZqQwv2L4DZndF3VrSPRL":{"registrationId":1637395386,"currentRatchet":{"ephemeralKeyPair":{"pubKey":"BX8TgmASOOWvq5pGXDhP+mDxRlOuPsSR7KvVUkQx4ulJ","privKey":"sDwfb4N3AD/I99387cuKBhiGZbyaEV5n9vwbc4GN9l8="},"lastRemoteEphemeralKey":"BYfg12icLZFTowYdhtz6pRp2IdKMAvXXZqeMX6bRwA9K","previousCounter":0,"rootKey":"vtZ85NE16p+YqH9z1uVnosws7Z2t8P/QOyNbhAqBK9M="},"indexInfo":{"baseKey":"BQMeOXPaYkuPDTssIjl8G6ChZqQwv2L4DZndF3VrSPRL","baseKeyType":1,"closed":-1,"used":1741601639033,"created":1741601639033,"remoteIdentityKey":"BW2KXqKFxEd3lsFywWL5iIgl4rwvsoWwLKtSHtQFH4hr"},"_chains":{"BX8TgmASOOWvq5pGXDhP+mDxRlOuPsSR7KvVUkQx4ulJ":{"chainKey":{"counter":0,"key":"Ir2SCFglIjdrtwb4JQpqtrTlWjVC0NPVC4xPkJDCqJI="},"chainType":1,"messageKeys":{}}},"pendingPreKey":{"signedKeyId":3872895,"baseKey":"BQMeOXPaYkuPDTssIjl8G6ChZqQwv2L4DZndF3VrSPRL","preKeyId":50}}},"version":"v1"}