{"_sessions":{"BU1/e8jg30TH8eQcUobQ+F/f/vl+O0yK9RjoiaeZhmUf":{"registrationId":148566147,"currentRatchet":{"ephemeralKeyPair":{"pubKey":"BeVPVcvox6cHhRulT1ker2BpHngesQZI9mv3B3676acy","privKey":"KIQQlR8/grnogmFao98URqw1A6b8DzsNDpvJvUXKqVg="},"lastRemoteEphemeralKey":"BYnnY0qDTS/wtPz4J6babr8wyUTKDMpRSbN1whG1F7Fn","previousCounter":0,"rootKey":"Geq/ftlSC+N3owvUBySOXJtv9rjfQPOT+DW/m/T540w="},"indexInfo":{"baseKey":"BU1/e8jg30TH8eQcUobQ+F/f/vl+O0yK9RjoiaeZhmUf","baseKeyType":1,"closed":-1,"used":1741601641897,"created":1741601641897,"remoteIdentityKey":"BTHGazYFHzL9DfARhqMQgWyMChDFFGoo1llGu1lsAZBf"},"_chains":{"BeVPVcvox6cHhRulT1ker2BpHngesQZI9mv3B3676acy":{"chainKey":{"counter":0,"key":"mnipYAmi4DDARmk9vWBI+RJpiMRR6qwVeIoEjz3Wy9s="},"chainType":1,"messageKeys":{}}},"pendingPreKey":{"signedKeyId":4,"baseKey":"BU1/e8jg30TH8eQcUobQ+F/f/vl+O0yK9RjoiaeZhmUf"}}},"version":"v1"}