{"_sessions":{"BQdYyrsTenqDafW4szpI64/ih46lsHyeeywS/21/GoZc":{"registrationId":8333,"currentRatchet":{"ephemeralKeyPair":{"pubKey":"BVdE72g35R5nRkts5PRvYzJjEiZzKB4iXEDeIwCil9wE","privKey":"uBIcFEK6aG80wcjCKuXnVSDCait18MlAJ/t78EULkVs="},"lastRemoteEphemeralKey":"BdHSHP49uIKDo1V/23UjjiHMtHfNCkCg6DYyF4QaBbda","previousCounter":0,"rootKey":"mmPTiffl+MUWWmU4BOoMx0A6ZAfGrz8NWHywoxpRZg4="},"indexInfo":{"baseKey":"BQdYyrsTenqDafW4szpI64/ih46lsHyeeywS/21/GoZc","baseKeyType":1,"closed":-1,"used":1741601638921,"created":1741601638921,"remoteIdentityKey":"BYk9T+Uf7LP96PzmZieKd1jmXwx+KcaTr9VxMkEQlHgP"},"_chains":{"BVdE72g35R5nRkts5PRvYzJjEiZzKB4iXEDeIwCil9wE":{"chainKey":{"counter":0,"key":"/x5X4qnoUWEcVN83cm3+4tVhMKjJY+AwdlTDDYZdxDw="},"chainType":1,"messageKeys":{}}},"pendingPreKey":{"signedKeyId":3,"baseKey":"BQdYyrsTenqDafW4szpI64/ih46lsHyeeywS/21/GoZc","preKeyId":976}}},"version":"v1"}