{"_sessions":{"BUFhKo/yE3Nn9IhV3T0jwYzDJww5YP1/1gUIWuwxYQcg":{"registrationId":188734797,"currentRatchet":{"ephemeralKeyPair":{"pubKey":"BdXrM7rDPOe14efPbMeH/GIqfC5CMzwIwLdjwBaXdfBW","privKey":"aNZ3g/MHbm6AKQPqf3z89Rj6/26+ZwZdpT0rqakzq3M="},"lastRemoteEphemeralKey":"BZUAGXsBlnFu1bMqYAPgt1TnrAjnbz7VnRtSj2cHcpxu","previousCounter":0,"rootKey":"kKfpCtB1nvkSgPaoFmFY07WwYBrclJPl2ZuU1eu4i4Q="},"indexInfo":{"baseKey":"BUFhKo/yE3Nn9IhV3T0jwYzDJww5YP1/1gUIWuwxYQcg","baseKeyType":1,"closed":-1,"used":1741601639544,"created":1741601639544,"remoteIdentityKey":"BSJT7pSeE8kMuvPJDV7eWJthp5wS65/Zup5YI2NXCwAY"},"_chains":{"BdXrM7rDPOe14efPbMeH/GIqfC5CMzwIwLdjwBaXdfBW":{"chainKey":{"counter":0,"key":"DFTVU2XwGy1F9zCT9STw/7zTr/WgLMmEbD8wpZ3iwts="},"chainType":1,"messageKeys":{}}},"pendingPreKey":{"signedKeyId":1,"baseKey":"BUFhKo/yE3Nn9IhV3T0jwYzDJww5YP1/1gUIWuwxYQcg","preKeyId":7537314}}},"version":"v1"}