{"_sessions":{"BSqEwIMSKfL1v6vdeU5GxSK0nJMavAB+4niln1QBLWo7":{"registrationId":1213936568,"currentRatchet":{"ephemeralKeyPair":{"pubKey":"BfRfa+8zgy1Zmtxg7IMReAnyoTeO9BdZwcsiOczU6QA9","privKey":"uDITIUgYa6ZPfeOvwroPhPAs2Tkkw5Bin284FNnLkmo="},"lastRemoteEphemeralKey":"BSrfocT4hrNDsD02lZRExZ0Oo6g07PHSV8AYFYWt59Rg","previousCounter":0,"rootKey":"XhE43uuiFFgLMMHGRYn2apAZ8SpsGhG0kK0Jljft61w="},"indexInfo":{"baseKey":"BSqEwIMSKfL1v6vdeU5GxSK0nJMavAB+4niln1QBLWo7","baseKeyType":1,"closed":-1,"used":1741601639046,"created":1741601639046,"remoteIdentityKey":"Bd4oB8vU8HqdgVKfPQOEBJkz6zUZGs+Gfc9nKu5Ngw8B"},"_chains":{"BfRfa+8zgy1Zmtxg7IMReAnyoTeO9BdZwcsiOczU6QA9":{"chainKey":{"counter":0,"key":"IpfW3vPXaN+ObmGlMSXdkEsBnX9JWoeMkeP9f0+xcwg="},"chainType":1,"messageKeys":{}}},"pendingPreKey":{"signedKeyId":12704035,"baseKey":"BSqEwIMSKfL1v6vdeU5GxSK0nJMavAB+4niln1QBLWo7","preKeyId":1750}}},"version":"v1"}