{"_sessions":{"BSJZOxS5KJonO4VkXd5ItvdkALIzhOlWQACN3yaPEZ5H":{"registrationId":1816917179,"currentRatchet":{"ephemeralKeyPair":{"pubKey":"BcvXHCe2hkAX/hK7fttfWxX6eYXIpGy3vOjYC4nMLBUh","privKey":"EJIG/P8uOUaWHnOpF8B6jL/U3M3AYrnsztapznkOk1Q="},"lastRemoteEphemeralKey":"BVBAYNz5o2TMNkQKHw/wXB4GxuQEzQPyNtwgU4rdcgg5","previousCounter":0,"rootKey":"x3v2HIWtUcHkxz6CphwghJzVEyDegBUwFBOMEaFxWrc="},"indexInfo":{"baseKey":"BSJZOxS5KJonO4VkXd5ItvdkALIzhOlWQACN3yaPEZ5H","baseKeyType":1,"closed":-1,"used":1741601639133,"created":1741601639133,"remoteIdentityKey":"BYutQBplbjhucVrZ3sLqrSF8MBPUPmpKq8ezZImJMmE8"},"_chains":{"BcvXHCe2hkAX/hK7fttfWxX6eYXIpGy3vOjYC4nMLBUh":{"chainKey":{"counter":0,"key":"KpziyOPERSZuPj+SzmkrYM6kb25aCkX1PvljKSTn1Lc="},"chainType":1,"messageKeys":{}}},"pendingPreKey":{"signedKeyId":8,"baseKey":"BSJZOxS5KJonO4VkXd5ItvdkALIzhOlWQACN3yaPEZ5H","preKeyId":6137701}}},"version":"v1"}