{"_sessions":{"BULOtfLJk1OnavA35YdVGY8mkpyIFcj52m2g7R22nqAi":{"registrationId":916040099,"currentRatchet":{"ephemeralKeyPair":{"pubKey":"BTZT2sPDFvpTFtjvqtCDqKfzli3lyG5pEyYOZPmBKTld","privKey":"iDR4PdkBLZzteL72x5ZqDitXUHEd4DpBh6Fuo12Euls="},"lastRemoteEphemeralKey":"Bdv2ZXP1xOXGLGGZKERxaPjEDAI0P42m/+xvXlNB6uMk","previousCounter":0,"rootKey":"Ka7/dMnW1ElWE/RS2egZFJmwrcVOOHg75wwbB+klOBs="},"indexInfo":{"baseKey":"BULOtfLJk1OnavA35YdVGY8mkpyIFcj52m2g7R22nqAi","baseKeyType":1,"closed":-1,"used":1741601642123,"created":1741601642123,"remoteIdentityKey":"Bdxm8Tl1SW4oowNKxoNCj04kYjGWHwwR4YAzuPvpOSN4"},"_chains":{"BTZT2sPDFvpTFtjvqtCDqKfzli3lyG5pEyYOZPmBKTld":{"chainKey":{"counter":0,"key":"Iob593ig8dwIap4eRRFodyZ7D16YxwcsIpV9Fwfuvxc="},"chainType":1,"messageKeys":{}}},"pendingPreKey":{"signedKeyId":12,"baseKey":"BULOtfLJk1OnavA35YdVGY8mkpyIFcj52m2g7R22nqAi","preKeyId":1980727}}},"version":"v1"}