{"_sessions":{"BQAv0abRLTGSOkOSfZrruSeqlSrrtp1jyiuyF5AFvp5S":{"registrationId":1593028290,"currentRatchet":{"ephemeralKeyPair":{"pubKey":"BUpXXLgW5pNJ7t++oANXOXEuQ3vAnjB6uVv67jeBCT0B","privKey":"6DzpJC4vWRygrzm4gkVzLLAczENR8SIa09JtS8FlaUc="},"lastRemoteEphemeralKey":"BRUoctD0g9ACwwu0h7wHsugZNaI2+srhQOoSLh5X0cs3","previousCounter":0,"rootKey":"aNQ06ohmrDgHdjgFkyFAA9ZF+aaDeM0JbCgVqvY9CYE="},"indexInfo":{"baseKey":"BQAv0abRLTGSOkOSfZrruSeqlSrrtp1jyiuyF5AFvp5S","baseKeyType":1,"closed":-1,"used":1741601636753,"created":1741601636753,"remoteIdentityKey":"BSg9gmDbaR2AnI9/fcIYRJRi+CxzfBdZU0PMNh1weNN+"},"_chains":{"BUpXXLgW5pNJ7t++oANXOXEuQ3vAnjB6uVv67jeBCT0B":{"chainKey":{"counter":1,"key":"e9EMUisS+/vjquG8kwWnsoHx38+bd14TU2oDYvh+UX4="},"chainType":1,"messageKeys":{}}},"pendingPreKey":{"signedKeyId":6,"baseKey":"BQAv0abRLTGSOkOSfZrruSeqlSrrtp1jyiuyF5AFvp5S","preKeyId":7609456}}},"version":"v1"}