{"_sessions":{"Bdyfa0UwXdjfTZrH0396LkNO/r6Wz7gc3DLPoDJF0I0Q":{"registrationId":6982,"currentRatchet":{"ephemeralKeyPair":{"pubKey":"BcikNereoxHt8inNqC4/GPhIoIUpo/I+ADTr5FSw5yM4","privKey":"4IIaC5DT5MOxfvywrOfYqnBiEtg9joQNXLTEO6UpgG8="},"lastRemoteEphemeralKey":"BTZNJ0Erm09/4hkZyqlJqO48QJjAEkEVC+MiSn6/YMAR","previousCounter":0,"rootKey":"6jBK14rt5ON+F2fFzfyK0z0rMl3NXiVh48iP1cQm9KE="},"indexInfo":{"baseKey":"Bdyfa0UwXdjfTZrH0396LkNO/r6Wz7gc3DLPoDJF0I0Q","baseKeyType":1,"closed":-1,"used":1741601641750,"created":1741601641750,"remoteIdentityKey":"BcCPkajM1dJGqQNQuguAd8Z2SQCfaoORVp9fgLLGdX1N"},"_chains":{"BcikNereoxHt8inNqC4/GPhIoIUpo/I+ADTr5FSw5yM4":{"chainKey":{"counter":0,"key":"b48lpEV1pCDRBpH2riBd/rJv2SmLyllZsVayu5SyQR0="},"chainType":1,"messageKeys":{}}},"pendingPreKey":{"signedKeyId":1,"baseKey":"Bdyfa0UwXdjfTZrH0396LkNO/r6Wz7gc3DLPoDJF0I0Q"}}},"version":"v1"}