{"_sessions":{"BeFrf7WDWHU3C7e4kxITPTjiFpImDEHp/+QSe7kT07El":{"registrationId":871730373,"currentRatchet":{"ephemeralKeyPair":{"pubKey":"BbirLmdM9nqOyJV185kTbbsAl+Oc6+OK94CjTPA4rT4p","privKey":"kNJ+zc8AzEXsCShzjaSCZWPcST7Explyeh/+6+Ra8mc="},"lastRemoteEphemeralKey":"BYONhvJ1ICZmlvF6EbQMhfopoacpE0jaDppTxM78ZAt/","previousCounter":0,"rootKey":"nxKRuBpvDcEXvFQzpHOJsAzrrMhEYIWiivIjU5ciRwQ="},"indexInfo":{"baseKey":"BeFrf7WDWHU3C7e4kxITPTjiFpImDEHp/+QSe7kT07El","baseKeyType":1,"closed":-1,"used":1741601638937,"created":1741601638937,"remoteIdentityKey":"BVqhVG2crv3BJX818DYyx4yW8IhMb7kZD/k4B8mqAhoe"},"_chains":{"BbirLmdM9nqOyJV185kTbbsAl+Oc6+OK94CjTPA4rT4p":{"chainKey":{"counter":0,"key":"0BoR1+XdsZBj6NUPW1fQsxmlLyCPJnZomg3W5JevNwI="},"chainType":1,"messageKeys":{}}},"pendingPreKey":{"signedKeyId":8,"baseKey":"BeFrf7WDWHU3C7e4kxITPTjiFpImDEHp/+QSe7kT07El","preKeyId":14619782}}},"version":"v1"}