{"_sessions":{"Bc1vq1Qsk4K7ds/aYM5AoPj6Il3L1mzFB+sHaCLgtX4d":{"registrationId":2009574808,"currentRatchet":{"ephemeralKeyPair":{"pubKey":"BVbsYfLvqOnbk8vP3exNQ3iUPJSLaRQoZDDfm+hY5G1I","privKey":"ICl21bu7qBRb4ujh22amcDNtnZWCcx7hz3+OYKMgP2E="},"lastRemoteEphemeralKey":"BT8Z4D+ZEGSPwPxYvYlROlgImKwR3BSMWdNNkcjCSX0F","previousCounter":0,"rootKey":"XeufhK1cdSYQx1p05UUYyPjT6OiGaxAFcDMhdeHw+uo="},"indexInfo":{"baseKey":"Bc1vq1Qsk4K7ds/aYM5AoPj6Il3L1mzFB+sHaCLgtX4d","baseKeyType":1,"closed":-1,"used":1741601641834,"created":1741601641834,"remoteIdentityKey":"BRj7RtOMePaY42OsHNapMpimpi7KH3P7lihgZM2YcHIg"},"_chains":{"BVbsYfLvqOnbk8vP3exNQ3iUPJSLaRQoZDDfm+hY5G1I":{"chainKey":{"counter":0,"key":"5HqQVanlcOdruyWfT9bXduZXcidITUiOLB9eJbG07sQ="},"chainType":1,"messageKeys":{}}},"pendingPreKey":{"signedKeyId":28,"baseKey":"Bc1vq1Qsk4K7ds/aYM5AoPj6Il3L1mzFB+sHaCLgtX4d","preKeyId":15224437}}},"version":"v1"}