{"_sessions":{"BX7JHZM7+6qU5P2w7eCxw2K/cC+2BWy+HdyKhqrXJGkY":{"registrationId":382333206,"currentRatchet":{"ephemeralKeyPair":{"pubKey":"Bf5DbbosgJSEchHsh9EjnkGexMniX1t7eJLrPanqwTxb","privKey":"0KSI4DRDp4GhO/27DWJ3nMh3LHM2/4jnyssapPWB4VM="},"lastRemoteEphemeralKey":"BY/noJlwFJ5BbKBuE1+njbUlr+7P4idPgcO0Yt0nSoo/","previousCounter":0,"rootKey":"TDiH8+nDKdnb5Ss/q+zqLs72WT7BpdpQSx+03z+tlEk="},"indexInfo":{"baseKey":"BX7JHZM7+6qU5P2w7eCxw2K/cC+2BWy+HdyKhqrXJGkY","baseKeyType":1,"closed":-1,"used":1741601636652,"created":1741601636652,"remoteIdentityKey":"BS4u++ZaFZWjbY4UlGe/kZnyVz0+iC7FFehyF5qOqTYg"},"_chains":{"Bf5DbbosgJSEchHsh9EjnkGexMniX1t7eJLrPanqwTxb":{"chainKey":{"counter":1,"key":"fhxdaezVY1SSjJz6FsRsFrVNetF26jWfFJQiLFOoGGY="},"chainType":1,"messageKeys":{}}},"pendingPreKey":{"signedKeyId":0,"baseKey":"BX7JHZM7+6qU5P2w7eCxw2K/cC+2BWy+HdyKhqrXJGkY"}}},"version":"v1"}