{"_sessions":{"Bb7by840L9fw+byZrOLClrGIXNyiIGs3L21OyDeR7hgF":{"registrationId":93139260,"currentRatchet":{"ephemeralKeyPair":{"pubKey":"BU1r/vmMMkLBDGsTHvLztqlg2N+n6TLMoMmEDMG/z+wQ","privKey":"wMofK0jJo3pRti7+wBJY6T2LQ3/pwo58Nv9qTpGfS2U="},"lastRemoteEphemeralKey":"BdOqBM7Vac+djd2TFPnfjbFaHenlw+02fZMBJw6jyJwh","previousCounter":3,"rootKey":"12LEInTTwF3AWT3PN4VkVWIcYPYgTQQKjHsJVbO7WSU="},"indexInfo":{"baseKey":"Bb7by840L9fw+byZrOLClrGIXNyiIGs3L21OyDeR7hgF","baseKeyType":2,"closed":-1,"used":1741601775416,"created":1741599445414,"remoteIdentityKey":"BYFmkuCS65ZqlWWd0r8mVRHBrv+ClihUaGZaLPNhOa1z"},"_chains":{"BQm19LaaX7nMTN5BFIGw/R/SfBuln3h2iLZ2/c+9L7xj":{"chainKey":{"counter":9},"chainType":2,"messageKeys":{}},"BdOqBM7Vac+djd2TFPnfjbFaHenlw+02fZMBJw6jyJwh":{"chainKey":{"counter":0,"key":"A0Jn5H5s4KbyZ/AOun0hAtd+gL07e5MOdQfjaLMf4o8="},"chainType":2,"messageKeys":{}},"BU1r/vmMMkLBDGsTHvLztqlg2N+n6TLMoMmEDMG/z+wQ":{"chainKey":{"counter":41,"key":"S5pQB57WWarSodc1CtKaq6cPGYjh9zBB7rhGg36A0I8="},"chainType":1,"messageKeys":{}}}}},"version":"v1"}