{"_sessions":{"BUVlnCmeeai0bmXxqXZai29tz44zTdsUbRmswHhf+mBv":{"registrationId":2113442394,"currentRatchet":{"ephemeralKeyPair":{"pubKey":"BV7cN7kSJZlSPVqynJHuKPGi8P6/K7ixLWBXh2OIrZsu","privKey":"iPWcEBtlwe6qZ5KWgvccRfE14RdFmSuLBC9xBo9yi1g="},"lastRemoteEphemeralKey":"BUdQFFhFEL6p9G0HbK4NwaimSLzsI1EKUpx/LHvsRAxh","previousCounter":0,"rootKey":"nPi0dX7TR2jczA96IWRqhQLV5mEoSFGjHZk+IEt9YmE="},"indexInfo":{"baseKey":"BUVlnCmeeai0bmXxqXZai29tz44zTdsUbRmswHhf+mBv","baseKeyType":1,"closed":-1,"used":1741601636686,"created":1741601636686,"remoteIdentityKey":"BY8xwj/c1Pxap6qmWxLwMOMscX+S7ue4oMXm2ZWfZI1W"},"_chains":{"BV7cN7kSJZlSPVqynJHuKPGi8P6/K7ixLWBXh2OIrZsu":{"chainKey":{"counter":1,"key":"GEhr/5nlm/V+7DYLvAW3ET4w2sTNRgtvPM7gdbg8TaE="},"chainType":1,"messageKeys":{}}},"pendingPreKey":{"signedKeyId":1,"baseKey":"BUVlnCmeeai0bmXxqXZai29tz44zTdsUbRmswHhf+mBv","preKeyId":14588103}}},"version":"v1"}