{"_sessions":{"BXHPC32Fwnv0NQqzc/YDyM7XK57CRM1tHJFCidXUNCRn":{"registrationId":335406503,"currentRatchet":{"ephemeralKeyPair":{"pubKey":"BbGFrWVFB9v5nE8yWS0qXRvp1J1LF4zhjXhIR1tRiyMw","privKey":"SKvp4xBblOmebRZiRwITV4lcgq5H6S7fbJ6P3AMCZFw="},"lastRemoteEphemeralKey":"BfCTs45kdjjRBABCUbJ1ZsYDy8M9kpnelAojrGCRym0Y","previousCounter":0,"rootKey":"T5DR31CjjW45s03TuifFTewhSWMPdSuzQbhfWjUAS3k="},"indexInfo":{"baseKey":"BXHPC32Fwnv0NQqzc/YDyM7XK57CRM1tHJFCidXUNCRn","baseKeyType":1,"closed":-1,"used":1741601636809,"created":1741601636809,"remoteIdentityKey":"Ba5C2zYaTp4jQegb9PO64/vJj+3dYIPwGa/bQy5nyb5X"},"_chains":{"BbGFrWVFB9v5nE8yWS0qXRvp1J1LF4zhjXhIR1tRiyMw":{"chainKey":{"counter":1,"key":"5nGTOAHkdMi+h0G8fYajkAOA8sxUVWm7KDjkHd6UnTw="},"chainType":1,"messageKeys":{}}},"pendingPreKey":{"signedKeyId":0,"baseKey":"BXHPC32Fwnv0NQqzc/YDyM7XK57CRM1tHJFCidXUNCRn"}}},"version":"v1"}