{"_sessions":{"Bbg/8gGaq4JtwtjQrODATtNMlOnVri5GWz7ecah4Enp6":{"registrationId":974176789,"currentRatchet":{"ephemeralKeyPair":{"pubKey":"BSMBM0zuBLidgHoLkBCWy4FOcl2EWjUhlfvpq+Oe6V8e","privKey":"CJ6/5/9szhjQID5bXLGPbWQUUC0Fo2wlygqOnDfVL04="},"lastRemoteEphemeralKey":"BWidRqiiiF4TmXlsJtA9p+5UatXUa1acewaCDt15xrBr","previousCounter":0,"rootKey":"eQoRi5D60D0wJmsyUPoVRMttutyQUXApj2GWQeAVBDg="},"indexInfo":{"baseKey":"Bbg/8gGaq4JtwtjQrODATtNMlOnVri5GWz7ecah4Enp6","baseKeyType":1,"closed":-1,"used":1741601642107,"created":1741601642107,"remoteIdentityKey":"BVYT7NqkL3MOyHt9FnDCgDuc4x658EMT3JbyKifPoDtl"},"_chains":{"BSMBM0zuBLidgHoLkBCWy4FOcl2EWjUhlfvpq+Oe6V8e":{"chainKey":{"counter":0,"key":"cw9q7vlWhKTqJeLQLasNyyRfQDccAYP6lfp5ngHtXZ4="},"chainType":1,"messageKeys":{}}},"pendingPreKey":{"signedKeyId":73,"baseKey":"Bbg/8gGaq4JtwtjQrODATtNMlOnVri5GWz7ecah4Enp6","preKeyId":13047596}}},"version":"v1"}