{"_sessions":{"BXUfMxX81ypkc04b6BTPq0O46TEpnLfbU94sbF/RxUs1":{"registrationId":861112217,"currentRatchet":{"ephemeralKeyPair":{"pubKey":"BT0LLKOhlqam7GL+hKYPMcH7s4Hh2YVmp9aM6JbKb3p2","privKey":"0Odv/8/X3Ml9J2JwD3kVPrN6yrGxFvs3AJ5/n7rmLng="},"lastRemoteEphemeralKey":"BSZMzMM5egS784P+N22j3Lt/asS8DOb5FXmtEh4jEKJQ","previousCounter":0,"rootKey":"/k1IFYREtHEqAlKiRNOfbcdFsGrSrf35aR+jSDC2oL4="},"indexInfo":{"baseKey":"BXUfMxX81ypkc04b6BTPq0O46TEpnLfbU94sbF/RxUs1","baseKeyType":1,"closed":-1,"used":1741601641958,"created":1741601641958,"remoteIdentityKey":"BTzB46IIfugpX504I+jgpbOLWw6V7XAo2xmASH57gg0I"},"_chains":{"BT0LLKOhlqam7GL+hKYPMcH7s4Hh2YVmp9aM6JbKb3p2":{"chainKey":{"counter":0,"key":"1viOdU5hQ/CCQWAneop07kILE/ZkRuygUwEs6a93cbE="},"chainType":1,"messageKeys":{}}},"pendingPreKey":{"signedKeyId":5,"baseKey":"BXUfMxX81ypkc04b6BTPq0O46TEpnLfbU94sbF/RxUs1","preKeyId":15575813}}},"version":"v1"}