{"_sessions":{"BY9M+kiNx3RXpWMCtzZCQbvLqOlzf8Q2buLVZzb6QBt1":{"registrationId":1289130857,"currentRatchet":{"ephemeralKeyPair":{"pubKey":"BU3v2Bk7Ny07lbh/pLbngr9trKMohbsigMas3sA602M/","privKey":"MBEmOhuh8mckjTpg5yzfljsDr6S3W0UgoTtxN7tk8nQ="},"lastRemoteEphemeralKey":"BfBZrNSRIIufkpCqMOPxjEUN8FFqpqebnu0A7WUoZJwF","previousCounter":0,"rootKey":"/IuwgCS5r2oC1AicItvsin18CC13z1K2dErcFLPVsIo="},"indexInfo":{"baseKey":"BY9M+kiNx3RXpWMCtzZCQbvLqOlzf8Q2buLVZzb6QBt1","baseKeyType":1,"closed":-1,"used":1741601639036,"created":1741601639036,"remoteIdentityKey":"BWGYlLpjVaea4GcN2mig9PmoyEbrMpguWz5wmUe+oWMT"},"_chains":{"BU3v2Bk7Ny07lbh/pLbngr9trKMohbsigMas3sA602M/":{"chainKey":{"counter":0,"key":"R9bfYFZsHTDC2RwCzU2gw2sGvjVLVwt36fqzy5n5364="},"chainType":1,"messageKeys":{}}},"pendingPreKey":{"signedKeyId":35,"baseKey":"BY9M+kiNx3RXpWMCtzZCQbvLqOlzf8Q2buLVZzb6QBt1","preKeyId":11293680}}},"version":"v1"}