{"_sessions":{"BWjvG7kS6wdAljXBSqGgwZqayj9cPpf9QF3xHpIu09tf":{"registrationId":697437324,"currentRatchet":{"ephemeralKeyPair":{"pubKey":"BcOoC1K0ErIAnlOAJgAfC+xAF3HsTaNMQlOJyqdQHyYq","privKey":"oHS9/ZAUnZ7AER3CssRrJepf4UGAeolK5WBrOnCxB10="},"lastRemoteEphemeralKey":"BZvIL+pBraqO4SOhL/ELhZcvMpGjnZj3TlgTYX2Ho0MX","previousCounter":0,"rootKey":"eaPUMVYw7ZpfeTytPvN1bSDt/xGMetMcNQoM5KEGrdg="},"indexInfo":{"baseKey":"BWjvG7kS6wdAljXBSqGgwZqayj9cPpf9QF3xHpIu09tf","baseKeyType":1,"closed":-1,"used":1741601639522,"created":1741601639522,"remoteIdentityKey":"BcrESGIUGJP9OhBNCn0N+7/6A3s0+sFwwnuvN6U9mdVs"},"_chains":{"BcOoC1K0ErIAnlOAJgAfC+xAF3HsTaNMQlOJyqdQHyYq":{"chainKey":{"counter":0,"key":"LKhrltOSaAW2ggdBBK2AiMoWKP3qIjiLx80fFAaz5WQ="},"chainType":1,"messageKeys":{}}},"pendingPreKey":{"signedKeyId":8,"baseKey":"BWjvG7kS6wdAljXBSqGgwZqayj9cPpf9QF3xHpIu09tf","preKeyId":1025330}}},"version":"v1"}