{"_sessions":{"BYm/mWSjWOLpQ9EXmXMwdC3Fgiipi45w/HvcL7WnYElI":{"registrationId":1047407598,"currentRatchet":{"ephemeralKeyPair":{"pubKey":"BTjrRrBOQPSCHSHAbaMRmrzBOL5VUcm5xZKSXOrWRsFl","privKey":"UOCfptlbqrYOn1x32aPBit4s8Go+VdiixwyB0AU3K3A="},"lastRemoteEphemeralKey":"BbZM3WvJtCWpHz9p7eQfhuEp0WZkY/0c1cjB5KNnrO9W","previousCounter":0,"rootKey":"MfTpMucbcWoyznh+W+0fwGTQdfE/eNnhM/eCYZBuffc="},"indexInfo":{"baseKey":"BYm/mWSjWOLpQ9EXmXMwdC3Fgiipi45w/HvcL7WnYElI","baseKeyType":1,"closed":-1,"used":1741601639535,"created":1741601639535,"remoteIdentityKey":"BXqTUBeGxQQNEBTeZAJ3SYHbWQ7XbmwK5d77YWURzzIN"},"_chains":{"BTjrRrBOQPSCHSHAbaMRmrzBOL5VUcm5xZKSXOrWRsFl":{"chainKey":{"counter":0,"key":"n1viHG2O0GYSWczVj4Ki8AQXUp2/bbtbb22ZdkS5wRI="},"chainType":1,"messageKeys":{}}},"pendingPreKey":{"signedKeyId":10,"baseKey":"BYm/mWSjWOLpQ9EXmXMwdC3Fgiipi45w/HvcL7WnYElI","preKeyId":7751619}}},"version":"v1"}