{"_sessions":{"BdmrVOI7TwqWQHrRi2nLtdwGDEBN/QqBhDJE3OqVz8Qk":{"registrationId":1093872960,"currentRatchet":{"ephemeralKeyPair":{"pubKey":"BYBWBqx/XLbwChSj93d2OxDWtsZdcBrNpL+HRrugPBZl","privKey":"mIHvDmQboyioKv4lM1sc5hXAZWFPCw0tBUy8hiX3Wmc="},"lastRemoteEphemeralKey":"BQKnOtyjsUKcBkH3dCnHr6Hi0SmblRWzS0RK5NRSb9tY","previousCounter":0,"rootKey":"P0X9iXmZiYmOFYlQol2dW7yxh1JdHs8kdMw+qx2tLnw="},"indexInfo":{"baseKey":"BdmrVOI7TwqWQHrRi2nLtdwGDEBN/QqBhDJE3OqVz8Qk","baseKeyType":1,"closed":-1,"used":1741601639009,"created":1741601639009,"remoteIdentityKey":"BXlNWCkMXfmcpIQV9y40LAnZwxauidLwzN3LxB8GyyFP"},"_chains":{"BYBWBqx/XLbwChSj93d2OxDWtsZdcBrNpL+HRrugPBZl":{"chainKey":{"counter":0,"key":"0CdkNz8LRMmWzF+9TQlgLNlmwnSs70elP0wDWYsTOCA="},"chainType":1,"messageKeys":{}}},"pendingPreKey":{"signedKeyId":30,"baseKey":"BdmrVOI7TwqWQHrRi2nLtdwGDEBN/QqBhDJE3OqVz8Qk","preKeyId":9791803}}},"version":"v1"}