{"_sessions":{"Be5r3QPwpqZMTolSgboEr1KHealRtJ9tD0BpYqImZXFq":{"registrationId":109120636,"currentRatchet":{"ephemeralKeyPair":{"pubKey":"BVKVm+lMthLK8NUF6EVxQpJGr9r9MJ2mi7uqdNiDvDRW","privKey":"aMgIX+d7LpA92XABUi+yhVlSW39LalEYV+HGx6dPa0A="},"lastRemoteEphemeralKey":"BWdtQ5CGqaNPqG/9IPcbc281BoPyhL5TsJs3ZYSauRwy","previousCounter":0,"rootKey":"684uFRBe/PkTQr1fPdI4GpTrwU32x93SfafJydAnESo="},"indexInfo":{"baseKey":"Be5r3QPwpqZMTolSgboEr1KHealRtJ9tD0BpYqImZXFq","baseKeyType":1,"closed":-1,"used":1741601641968,"created":1741601641968,"remoteIdentityKey":"BZJyCV9Gnh03U0aQFgpA8JgsZe8wOWvMtGltYZ1IV9Ah"},"_chains":{"BVKVm+lMthLK8NUF6EVxQpJGr9r9MJ2mi7uqdNiDvDRW":{"chainKey":{"counter":0,"key":"WRUuwLud5Pp6U7NPqaYmJM7KKIIswtkxbDjpQ9LjGKA="},"chainType":1,"messageKeys":{}}},"pendingPreKey":{"signedKeyId":13,"baseKey":"Be5r3QPwpqZMTolSgboEr1KHealRtJ9tD0BpYqImZXFq","preKeyId":5072085}}},"version":"v1"}