{"_sessions":{"BQmB9spCpVPdvCRB7LScC/bNB/cxCqg7UCrksgAIvWVi":{"registrationId":3647176998,"currentRatchet":{"ephemeralKeyPair":{"pubKey":"BfNVSu2q5Nl1D7n7qNX8xxw+6qDnkc6xtyFQb7cFc59S","privKey":"iHZiMSPeMe5koEcX2+5qICpvqATSFKZRBEio2VhkqUQ="},"lastRemoteEphemeralKey":"Bany+QtyqP+iqmD0b8pp4IRUbzCGpu06aESQMd+xGiBz","previousCounter":0,"rootKey":"w2NemNr429KdMelo/dl5z4qhVYPaoegp/X4vWNWoDnQ="},"indexInfo":{"baseKey":"BQmB9spCpVPdvCRB7LScC/bNB/cxCqg7UCrksgAIvWVi","baseKeyType":1,"closed":-1,"used":1741601636650,"created":1741601636650,"remoteIdentityKey":"BdGTkiXMM9AahU7zxo0WTCKe5v6FQx9GvG3M98AsEDYW"},"_chains":{"BfNVSu2q5Nl1D7n7qNX8xxw+6qDnkc6xtyFQb7cFc59S":{"chainKey":{"counter":1,"key":"VyeJ2b/uSuFEu51rO3Xd0X8gzpvg9V4l2fS8ir1nB5A="},"chainType":1,"messageKeys":{}}},"pendingPreKey":{"signedKeyId":1,"baseKey":"BQmB9spCpVPdvCRB7LScC/bNB/cxCqg7UCrksgAIvWVi"}}},"version":"v1"}