{"_sessions":{"BZbSG114u8SqCdGKdtBa5rivrcjGbTtkGB6c2c3xR/Um":{"registrationId":2033657960,"currentRatchet":{"ephemeralKeyPair":{"pubKey":"BdnpO2J4ufPyu6r4UdRZGWktbtzVavIn7b3nyrBscA0x","privKey":"MNY4X9l2mZrXVR2MC2xovhTCfSKg20dAIqlATCHyVmg="},"lastRemoteEphemeralKey":"BVfAbrzlu88tOo0qda/ZTeyJz3/hAXmRY8M9cctDfOcx","previousCounter":0,"rootKey":"Fu7F6xgh0g5Ysic4iet1zaBRCdUvGXdB3MkTjjvDCuY="},"indexInfo":{"baseKey":"BZbSG114u8SqCdGKdtBa5rivrcjGbTtkGB6c2c3xR/Um","baseKeyType":1,"closed":-1,"used":1741601638981,"created":1741601638981,"remoteIdentityKey":"BbYBibJH7sy/a1KQbwVNg4XL9gAQ4ToT1nKoQJGRwTlA"},"_chains":{"BdnpO2J4ufPyu6r4UdRZGWktbtzVavIn7b3nyrBscA0x":{"chainKey":{"counter":0,"key":"PTzfwAsRBEP9cmsf5QR0xtuSZImz+WOAzD+i0NXzApo="},"chainType":1,"messageKeys":{}}},"pendingPreKey":{"signedKeyId":30,"baseKey":"BZbSG114u8SqCdGKdtBa5rivrcjGbTtkGB6c2c3xR/Um","preKeyId":712771}}},"version":"v1"}