{"_sessions":{"BUhfGnGFqOenZBK+3ORDYd0JIEG6iUiUz5gPJkMvKIUs":{"registrationId":1318035707,"currentRatchet":{"ephemeralKeyPair":{"pubKey":"BfLfT2fDjVGTwtb5r0Mou1ssu3fCyDyfyNu/EPtwU0sa","privKey":"0K3P09EZaFwVtbYMu9+xb5yIrcaJ/NsFXobj+HIK7ks="},"lastRemoteEphemeralKey":"BTbLh5Op3JnRcLBpxUIMSlY+oBzXT25sYA310vJ5f5Zo","previousCounter":0,"rootKey":"l3MO6wLFR8Ldj2+KqT+d4JWUxheDyXBefxxf4yXkekY="},"indexInfo":{"baseKey":"BUhfGnGFqOenZBK+3ORDYd0JIEG6iUiUz5gPJkMvKIUs","baseKeyType":1,"closed":-1,"used":1741601636822,"created":1741601636822,"remoteIdentityKey":"Bb4WAnoOxl50rfmoM3VHuYiXucTzpRvgRcvoJ4vq3IJK"},"_chains":{"BfLfT2fDjVGTwtb5r0Mou1ssu3fCyDyfyNu/EPtwU0sa":{"chainKey":{"counter":1,"key":"Utd93M77MTZ9Sdx5pp6PVVBLbb7Z4it+QBd61p0AkQs="},"chainType":1,"messageKeys":{}}},"pendingPreKey":{"signedKeyId":1,"baseKey":"BUhfGnGFqOenZBK+3ORDYd0JIEG6iUiUz5gPJkMvKIUs"}}},"version":"v1"}