{"_sessions":{"BchNCcJQAiuPOQAttIFo+mZVvNQjqdTGlC3M4rKyw9c1":{"registrationId":193618511,"currentRatchet":{"ephemeralKeyPair":{"pubKey":"BUJdrCnPlvJUBZfgylHnnlqEu3Q8wIGESZMGPS6Xa5ZD","privKey":"CHd9hu6x3dSUsOswNeHVDGlNDab2cYYUqsWHLI618UI="},"lastRemoteEphemeralKey":"BekYxd9EZQMEAEATFz/l3LrwgwKV7EcWieDRsQ/KlXwt","previousCounter":0,"rootKey":"TJsAZiC3gb3AfblpqmsVkoUZQdeV/JREj+5orJLkwTs="},"indexInfo":{"baseKey":"BchNCcJQAiuPOQAttIFo+mZVvNQjqdTGlC3M4rKyw9c1","baseKeyType":1,"closed":-1,"used":1741601775474,"created":1741601639460,"remoteIdentityKey":"BXTbcOmXjF+rziXrfJFObuvrrnyBwYNPi+p1Dl4qHUZK"},"_chains":{"BekYxd9EZQMEAEATFz/l3LrwgwKV7EcWieDRsQ/KlXwt":{"chainKey":{"counter":0,"key":"TVGlgdAKEBkEWlN/+IGQD1gZWMEqqWpa/BLpJ0hwjHM="},"chainType":2,"messageKeys":{}},"BUJdrCnPlvJUBZfgylHnnlqEu3Q8wIGESZMGPS6Xa5ZD":{"chainKey":{"counter":-1,"key":"LVF2nIVolquXXSq6On0fX+kkqvXP/mVA2jV0gva4IUo="},"chainType":1,"messageKeys":{}}}}},"version":"v1"}