{"_sessions":{"Bd/TSZyudDJSdgU+7qvW4Ubpg2a8xkzfBqRk4dS/RYle":{"registrationId":161725578,"currentRatchet":{"ephemeralKeyPair":{"pubKey":"BdLwjw/6TRLnCAp3wQi6+JbUy3PyerpAtoFhXxKfHXkV","privKey":"+IavAcV2Yx710cR1wx0zg4oSz/6IxONiNtlxTe6Hqk8="},"lastRemoteEphemeralKey":"BXwQtR4hxTNW2v+oVhdwezBHlZPRBhjLlDee9wBvmhli","previousCounter":0,"rootKey":"707EUv59SVjIqfQSq9fpIBEL+rdK4e0uFvA/8Zr5xTw="},"indexInfo":{"baseKey":"Bd/TSZyudDJSdgU+7qvW4Ubpg2a8xkzfBqRk4dS/RYle","baseKeyType":1,"closed":-1,"used":1741603946636,"created":1741599626950,"remoteIdentityKey":"Be8CjvqoTQs6G+cjdOOcUdYLsEtJE0wccYh8jxJz6QAQ"},"_chains":{"BXwQtR4hxTNW2v+oVhdwezBHlZPRBhjLlDee9wBvmhli":{"chainKey":{"counter":1,"key":"yS2+PSKBCUx0bamQB9hT4adgsibeRXaVIWnxFvih/34="},"chainType":2,"messageKeys":{}},"BdLwjw/6TRLnCAp3wQi6+JbUy3PyerpAtoFhXxKfHXkV":{"chainKey":{"counter":-1,"key":"hvYPbnbXcO5hcbjDCXOFIGpA1Iqyaz2ZLfp3jpc7cY4="},"chainType":1,"messageKeys":{}}}}},"version":"v1"}