{"_sessions":{"BX8twKXTTRnXkI/VCHrVWQAbGes/TSQ2+EnltehK96cS":{"registrationId":907990382,"currentRatchet":{"ephemeralKeyPair":{"pubKey":"BYaaLoCP28rO0kR81vMNHfFKdYMeKul4va5MX0aCQckP","privKey":"KJklJYeSJ7aOKwFFbYV1bqFZ1PLvrGuojlzDSHv8dl8="},"lastRemoteEphemeralKey":"BT8/WorIaIBR2MQcOLf4Lx8+1YarSwjnxjboiL+u1oAL","previousCounter":0,"rootKey":"mnSlzAza9llWEj/w9eR0qXejH7Ujm1ZKs4N5G0obOb0="},"indexInfo":{"baseKey":"BX8twKXTTRnXkI/VCHrVWQAbGes/TSQ2+EnltehK96cS","baseKeyType":1,"closed":-1,"used":1741603033195,"created":1741599626947,"remoteIdentityKey":"BdyV85BYNcDXSk7ZeKLX58Fedc8PMKydUErp8lPVz8pI"},"_chains":{"BTjf1nqiyxAL5qGiryPk2YITb1IbtIMiMvYAZARpDTVT":{"chainKey":{"counter":2},"chainType":2,"messageKeys":{}},"BXQqc637/KBZ6RvI+FLvR69NQf/IZJG/uEQCQMGskEJH":{"chainKey":{"counter":0},"chainType":2,"messageKeys":{}},"BdlMKe0rsnQ1bLnYRfBFfykMqULEVdBKwAUkssaDBZoO":{"chainKey":{"counter":0},"chainType":2,"messageKeys":{}},"Bbjd7xw3Qym73X8aOr/MiBXU6CYuhrH5mABlCvgUWgJV":{"chainKey":{"counter":0},"chainType":2,"messageKeys":{}},"BT0Ryit2GucKRAY/yEqF7tCTHx9msQiRqYlMKzfge5tY":{"chainKey":{"counter":0},"chainType":2,"messageKeys":{}},"Bam2TBlEHg5B5u7psy3sjGJXQsCsmck+LF7keCZnq2EN":{"chainKey":{"counter":0},"chainType":2,"messageKeys":{}},"BakcgVSTR5cXwkMWsMmBasbPnh3qdY7wNi7lrJZfI0hK":{"chainKey":{"counter":0},"chainType":2,"messageKeys":{}},"BduKH42Hg2RmJwr+K5/qJZ2dM/cPhE+IBy0nxTxwj9YM":{"chainKey":{"counter":0},"chainType":2,"messageKeys":{}},"BYUA6rD+SZ/aL4rD0qVxTgmQmWQuGhdYBDABGP+z30dE":{"chainKey":{"counter":0},"chainType":2,"messageKeys":{}},"BdAiL44fgMazGrIxnqzV0hupwKG1xp5gLwA0mizZSxZZ":{"chainKey":{"counter":0},"chainType":2,"messageKeys":{}},"BaKBLTbMZKIny9qRrH79xmY+zim47b/D/N4vPyCwP8NB":{"chainKey":{"counter":0},"chainType":2,"messageKeys":{}},"BWgnkybEYY/4px/MNdEu78GoIy7G9ELq9R8c1s3pN4w+":{"chainKey":{"counter":0},"chainType":2,"messageKeys":{}},"BZUbL6ysgtA4OA84Xf2J8KhVdGNfDz2qm7U1fPvBlw4U":{"chainKey":{"counter":0},"chainType":2,"messageKeys":{}},"BbKTF+SCqnIcLcf3fB/UrUjIiJjWDF13phVNBNI7SnUR":{"chainKey":{"counter":0},"chainType":2,"messageKeys":{}},"BQc0IyIYIREMPQIOaxzFSs2tCxXl4QG7trSmNQMJSnci":{"chainKey":{"counter":0},"chainType":2,"messageKeys":{}},"BU3EV4FbAaMwFMhW3KvJFZQ1CfR/B6CY4G06NzAkKDE/":{"chainKey":{"counter":0},"chainType":2,"messageKeys":{}},"BT8/WorIaIBR2MQcOLf4Lx8+1YarSwjnxjboiL+u1oAL":{"chainKey":{"counter":0,"key":"kAbdUdoJ6wvIaZvog7n0i5uRCe0E29O+Nqm2WpCih9c="},"chainType":2,"messageKeys":{}},"BYaaLoCP28rO0kR81vMNHfFKdYMeKul4va5MX0aCQckP":{"chainKey":{"counter":24,"key":"USmImMIxI6FhFRW5VcQcKvZ9bMHrw1e8F+fUvJIj42c="},"chainType":1,"messageKeys":{}}}}},"version":"v1"}