{"_sessions":{"BRyAR+bzWqnm6NtSEwyPgF0k4kkLtW7xHS5ODbPHoFxE":{"registrationId":708618791,"currentRatchet":{"ephemeralKeyPair":{"pubKey":"Bd3QArUljogbPP3o7sLnE8ucKEf3z8Ce3IdIyWjqjW9K","privKey":"6B8mbXgaR4xzhgv1SHz3Vvr8E7de9iA6rOnGm0c4rWA="},"lastRemoteEphemeralKey":"Bc5mUFKbVD8KZ+9R6TnDzbSJFknL0VIMDgMZfGeHI+w1","previousCounter":0,"rootKey":"QA2J7ICVvJItuOQAfi8C9Vx79QQVF1zfvOCfD5BOcZo="},"indexInfo":{"baseKey":"BRyAR+bzWqnm6NtSEwyPgF0k4kkLtW7xHS5ODbPHoFxE","baseKeyType":1,"closed":-1,"used":1741601636688,"created":1741601636688,"remoteIdentityKey":"BdNa1l0CFjctIB6O6FGdoCtHUd72UIPNRjbkb8//fvtZ"},"_chains":{"Bd3QArUljogbPP3o7sLnE8ucKEf3z8Ce3IdIyWjqjW9K":{"chainKey":{"counter":0,"key":"vEU2w3OMByX7/KTNMFtHp0fjLjiWSw9MzTy1VBKGFTI="},"chainType":1,"messageKeys":{}}},"pendingPreKey":{"signedKeyId":0,"baseKey":"BRyAR+bzWqnm6NtSEwyPgF0k4kkLtW7xHS5ODbPHoFxE"}}},"version":"v1"}