{"_sessions":{"BV7+YgZRBaSOzAbO3kUSalDjY8aRfukwekw+5cbNcO8+":{"registrationId":1728965915,"currentRatchet":{"ephemeralKeyPair":{"pubKey":"Bd3W8h2TqLi98kc3oUjexRZHcyAVSb4sXH2YgRnCx/4v","privKey":"eAtexCmQXJlITwZC/8mcJSuHUkEVD2K656KOgAycMFY="},"lastRemoteEphemeralKey":"BeFLHleE6marjZpwySfF348sdnE5hBQC80B8t/ILkC88","previousCounter":0,"rootKey":"pZcgBvLHsi2BLyfaVcWjeekvEtXjU1TJiav1petg8jo="},"indexInfo":{"baseKey":"BV7+YgZRBaSOzAbO3kUSalDjY8aRfukwekw+5cbNcO8+","baseKeyType":1,"closed":-1,"used":1741601636637,"created":1741601636637,"remoteIdentityKey":"BWrkzvK8NU9GwEvu+yTU1URk49GERdqzJAEMg6jfHqsR"},"_chains":{"Bd3W8h2TqLi98kc3oUjexRZHcyAVSb4sXH2YgRnCx/4v":{"chainKey":{"counter":1,"key":"2nZnFovSqWioc2wvle/PnGyXq8JZYXeV3+6XSh5Bi+I="},"chainType":1,"messageKeys":{}}},"pendingPreKey":{"signedKeyId":1,"baseKey":"BV7+YgZRBaSOzAbO3kUSalDjY8aRfukwekw+5cbNcO8+"}}},"version":"v1"}