{"_sessions":{"BYBo5N+37/oCSQshxueJDRAYdCmcjbrGLt93RP44jzUY":{"registrationId":1019214145,"currentRatchet":{"ephemeralKeyPair":{"pubKey":"BSXTFR2mtyLvgX371Tmp1YgehbQrHVu7lc1JTiEkPJtr","privKey":"sHkLVROGw3ByMSiX4XO9H1weQ6KadTZP9DxAXS+aNmY="},"lastRemoteEphemeralKey":"BQ/7p+pUp/9H3af/qmaJt5YQvYME+8AGf0YxKp49KmUk","previousCounter":0,"rootKey":"Q4Ph3OlobHm7LKWW+UOtMuH5wcPWWSjkBXKzi4WSoTY="},"indexInfo":{"baseKey":"BYBo5N+37/oCSQshxueJDRAYdCmcjbrGLt93RP44jzUY","baseKeyType":1,"closed":-1,"used":1741601639149,"created":1741601639149,"remoteIdentityKey":"BZo1g5zA/PNuBYuNWhqjnLpcHnUeUfE8CrLpICGy5n0h"},"_chains":{"BSXTFR2mtyLvgX371Tmp1YgehbQrHVu7lc1JTiEkPJtr":{"chainKey":{"counter":0,"key":"qh08usym3aW0fd86HznTLXjGuBC3RqGYlbYo1TkS5Jc="},"chainType":1,"messageKeys":{}}},"pendingPreKey":{"signedKeyId":33,"baseKey":"BYBo5N+37/oCSQshxueJDRAYdCmcjbrGLt93RP44jzUY","preKeyId":6195220}}},"version":"v1"}