{"_sessions":{"BRtLk2Uh3JGdp5X/B/Vg/8NUxXZx+4rH4sFEeQKpvYYo":{"registrationId":1405426124,"currentRatchet":{"ephemeralKeyPair":{"pubKey":"BRhOKOnHrN29mlqohp3jpKny7vUHASsGWp+xR3Lx8BBq","privKey":"GLmxqr4yt2/10VpiTYz8rDgLqo12jTrQGsWmak7RCE4="},"lastRemoteEphemeralKey":"BW2PE+pXUym7Hr0FzEqzlm48KIEvcP/kWuRCrsMH+rF6","previousCounter":0,"rootKey":"WPtnhrDGWBsU4AI5JbaIeXRmPaPkqWQnL2A/9uFpyDc="},"indexInfo":{"baseKey":"BRtLk2Uh3JGdp5X/B/Vg/8NUxXZx+4rH4sFEeQKpvYYo","baseKeyType":1,"closed":-1,"used":1741601639475,"created":1741601639475,"remoteIdentityKey":"BSm/5zbmFN2K6X1ht8I/3/i63dSekyxTxRwMY8I1u38G"},"_chains":{"BRhOKOnHrN29mlqohp3jpKny7vUHASsGWp+xR3Lx8BBq":{"chainKey":{"counter":0,"key":"zApyEwiYdkWMZaE6ekkMcgGYj/NPy4nYH67hP+eYkbs="},"chainType":1,"messageKeys":{}}},"pendingPreKey":{"signedKeyId":7,"baseKey":"BRtLk2Uh3JGdp5X/B/Vg/8NUxXZx+4rH4sFEeQKpvYYo","preKeyId":14736373}}},"version":"v1"}