{"_sessions":{"BTD3y9sVANbcm5jsObMJe/2R2iAjW6ddQsU22OEX4l8O":{"registrationId":706589465,"currentRatchet":{"ephemeralKeyPair":{"pubKey":"Be02+nIoAoIxV/16AH3bwicmCFHw93Zrljemo7qWrgw/","privKey":"yEOI8ItVqNzV6JEyxlArQFoWvodwyWFeug3OlqJBOXM="},"lastRemoteEphemeralKey":"BYTxNMwImDrIoTXTirc9BDy7pcNV7HZSc/lo+l5omv0z","previousCounter":0,"rootKey":"3Yowv03wo5uuzy3KZ1T6iubUewoaXjZVI15B65ppk4s="},"indexInfo":{"baseKey":"BTD3y9sVANbcm5jsObMJe/2R2iAjW6ddQsU22OEX4l8O","baseKeyType":1,"closed":-1,"used":1741601639043,"created":1741601639043,"remoteIdentityKey":"BYpz+8Gi2u8gEl1irfTOi0DXTZ+IrdpsjZIK20ZxqCFx"},"_chains":{"Be02+nIoAoIxV/16AH3bwicmCFHw93Zrljemo7qWrgw/":{"chainKey":{"counter":0,"key":"rVKJLm+5u+gfJh25eU4hZUZbPuypD3r7RbKjTKe3odk="},"chainType":1,"messageKeys":{}}},"pendingPreKey":{"signedKeyId":12,"baseKey":"BTD3y9sVANbcm5jsObMJe/2R2iAjW6ddQsU22OEX4l8O","preKeyId":14913942}}},"version":"v1"}