{"_sessions":{"BeRFFHGjf0AWtw5Ug6XB+dQkV5SVG2oUehVN9/WnqcUz":{"registrationId":1345268912,"currentRatchet":{"ephemeralKeyPair":{"pubKey":"BQc88u64SGSAsWufXCjYHpnHOKQ8iFuFZp5s1OsbU8Zj","privKey":"yOXiLJIMoViKGqXjTT+9rpvIXzBV2giCNbQItBf3mXo="},"lastRemoteEphemeralKey":"BaBzfIAYZaWzsngmSbLlPnruzIrptuT1MwmV3a3QuFxG","previousCounter":0,"rootKey":"7Rf6GQUOcZDm0jspIuYky/+1360Ha9D+Huwth5cuyHs="},"indexInfo":{"baseKey":"BeRFFHGjf0AWtw5Ug6XB+dQkV5SVG2oUehVN9/WnqcUz","baseKeyType":1,"closed":-1,"used":1741601639098,"created":1741601639098,"remoteIdentityKey":"BbjFc0gf+zm7STY6w8Aq9KkgHeOGTe+69kTYDTGgkpAT"},"_chains":{"BQc88u64SGSAsWufXCjYHpnHOKQ8iFuFZp5s1OsbU8Zj":{"chainKey":{"counter":0,"key":"QIGFvdtKBJ40FqR929nkOLZNI2ta2Ov1YDo9qRKhgxY="},"chainType":1,"messageKeys":{}}},"pendingPreKey":{"signedKeyId":41,"baseKey":"BeRFFHGjf0AWtw5Ug6XB+dQkV5SVG2oUehVN9/WnqcUz","preKeyId":10438369}}},"version":"v1"}