{"_sessions":{"BZ5xNcdhdb393uNow/xLhtcrISkRZLlIfcHxR6+5Hj44":{"registrationId":7654,"currentRatchet":{"ephemeralKeyPair":{"pubKey":"BVFH3gnqfqbQFGb0MSsyv4N32kUIeacJyMV8lyd7XBFE","privKey":"gPse1PIcoZgP8RNUXrhiJAg/fBLHOjl2SqtYyRqQWGo="},"lastRemoteEphemeralKey":"BaChEM/9aUY0tQDyHkui9VZVcNIujLEYfB48KyfRiSth","previousCounter":0,"rootKey":"5EpDNEXFKh1+hDcEX8rvJCs7GD8M/dtRyNL+3JnecZs="},"indexInfo":{"baseKey":"BZ5xNcdhdb393uNow/xLhtcrISkRZLlIfcHxR6+5Hj44","baseKeyType":1,"closed":-1,"used":1741601641731,"created":1741601641731,"remoteIdentityKey":"BQSb6Ilb54GtaOdyxxOPV7073UYaQLlVoJk9LY0MyBZN"},"_chains":{"BVFH3gnqfqbQFGb0MSsyv4N32kUIeacJyMV8lyd7XBFE":{"chainKey":{"counter":0,"key":"d4gXdewQvAVcT6prxkuGhZD1ZrgQ/SheGWIvGJP4jxs="},"chainType":1,"messageKeys":{}}},"pendingPreKey":{"signedKeyId":1,"baseKey":"BZ5xNcdhdb393uNow/xLhtcrISkRZLlIfcHxR6+5Hj44"}}},"version":"v1"}