{"_sessions":{"BQTZcCoZtnTRZtwniNfXdni1D3Czsfl5Cfd8wq1xrfQh":{"registrationId":100449381,"currentRatchet":{"ephemeralKeyPair":{"pubKey":"BWFfzRpEbnT3TDU9kSm0NnYQU4pNUiR3nDhS+ZveyZEu","privKey":"0E/zPMCytK+ExPPevam3urCKeErA/sN40iId5lE301A="},"lastRemoteEphemeralKey":"BYUgjUZXlRQOEUA+OXYvifNzN5sG9qo6hSjagwQMISlR","previousCounter":0,"rootKey":"nrgkw1HN5arrOOFadUfdA41wzbGT3Zose9xFCzVeyas="},"indexInfo":{"baseKey":"BQTZcCoZtnTRZtwniNfXdni1D3Czsfl5Cfd8wq1xrfQh","baseKeyType":1,"closed":-1,"used":1741601636694,"created":1741601636694,"remoteIdentityKey":"BRrg1RWxlqSCSUVUTmxnzenS4kaslmFcSSbuJUNDfzhu"},"_chains":{"BWFfzRpEbnT3TDU9kSm0NnYQU4pNUiR3nDhS+ZveyZEu":{"chainKey":{"counter":1,"key":"1cqS8nUmeYlklYC8neVu5Phu8Lw/wURnLg8w6KKAz8s="},"chainType":1,"messageKeys":{}}},"pendingPreKey":{"signedKeyId":1,"baseKey":"BQTZcCoZtnTRZtwniNfXdni1D3Czsfl5Cfd8wq1xrfQh","preKeyId":15355509}}},"version":"v1"}