{"_sessions":{"Bdyt4NtfZPQ/6iD8P4T0Fd7rdtDe0S0YvgUNP1wB4sxj":{"registrationId":520604510,"currentRatchet":{"ephemeralKeyPair":{"pubKey":"BdJoJ3WP1a/Dz6YrkQ9L+EfXfAeRjwTMClSSntVvCpdT","privKey":"yM3cwTr2ZeNXx1hieiwooXmuSUHeAACd99Tp9QxHHGE="},"lastRemoteEphemeralKey":"BWjCKbcEpmXCED4MnEtaz67NmFDXXDFUGx4/lwj74CpU","previousCounter":0,"rootKey":"odp38ejRekKg+h1dMLeD4gyhSV23hSxP7k+/LAMEjjQ="},"indexInfo":{"baseKey":"Bdyt4NtfZPQ/6iD8P4T0Fd7rdtDe0S0YvgUNP1wB4sxj","baseKeyType":1,"closed":-1,"used":1741602326134,"created":1741601639161,"remoteIdentityKey":"BdODgbTGQ259yXq6kWX8rzYAlJ3pWhU6LwIpfdIp/35j"},"_chains":{"BWjCKbcEpmXCED4MnEtaz67NmFDXXDFUGx4/lwj74CpU":{"chainKey":{"counter":0,"key":"Wymj7R8RQzMHIArDjePhSu6a1emWefi+Ak1OMsm2Btg="},"chainType":2,"messageKeys":{}},"BdJoJ3WP1a/Dz6YrkQ9L+EfXfAeRjwTMClSSntVvCpdT":{"chainKey":{"counter":-1,"key":"zb4RbvtQUBw77mqhNNdSOqeCCe4ZshxAXEQo4imc2L4="},"chainType":1,"messageKeys":{}}}}},"version":"v1"}