{"_sessions":{"BTb9U4wekgeyEFYmKWcGQWkJnz2nZXuCZ6OMyFgwC7xw":{"registrationId":1949234907,"currentRatchet":{"ephemeralKeyPair":{"pubKey":"BUZ8OU+Dsji5dLNwBFk3vzhu4zpdyTcSIOWHFziHN9lC","privKey":"0MzauEW85M1nQqFoSBDmljWsUuJkdgooK79ApuhCyFU="},"lastRemoteEphemeralKey":"BRNba+4SeEy6MR92GPGZDAJwSOAigjAzX6B0c2bNKpJI","previousCounter":0,"rootKey":"t50jQoapdO6NehEee6HCRvanOzu28nGx8P92C+4cZOw="},"indexInfo":{"baseKey":"BTb9U4wekgeyEFYmKWcGQWkJnz2nZXuCZ6OMyFgwC7xw","baseKeyType":1,"closed":-1,"used":1741601641857,"created":1741601641857,"remoteIdentityKey":"BYRRgb+QoDH2en8S8y57AKk5l/t1tRUW9kyJdS2eL2Uw"},"_chains":{"BUZ8OU+Dsji5dLNwBFk3vzhu4zpdyTcSIOWHFziHN9lC":{"chainKey":{"counter":0,"key":"Gedhw0MVpDt61URdjabj0A+MGGj/CZdc0tPop4aCees="},"chainType":1,"messageKeys":{}}},"pendingPreKey":{"signedKeyId":7,"baseKey":"BTb9U4wekgeyEFYmKWcGQWkJnz2nZXuCZ6OMyFgwC7xw","preKeyId":12570232}}},"version":"v1"}