{"_sessions":{"Bb2FcCQk0C1Bqzjm1QQd6/YvHdQS89BbnR6klTI3CtBM":{"registrationId":1332599203,"currentRatchet":{"ephemeralKeyPair":{"pubKey":"BTj8YkYQ+uCR0lkfkjN5r0fIn1/8qAucBBYx3EBTrIQi","privKey":"SOH6mqAJ4S5wcrs6wknrTmQH0Gd+fvDVUNSXQn4M+0E="},"lastRemoteEphemeralKey":"BZ5tQ4CNqTFN5BV/N40R55GKYTtNij9KHWWhJ5gc1zAJ","previousCounter":0,"rootKey":"5KHxu9lmA6i/Lubs6r/XipgnHCeALK924BZv1K53O/8="},"indexInfo":{"baseKey":"Bb2FcCQk0C1Bqzjm1QQd6/YvHdQS89BbnR6klTI3CtBM","baseKeyType":1,"closed":-1,"used":1741601638990,"created":1741601638990,"remoteIdentityKey":"BZi2XaVPl2/nwGb68YvS5NZhlaWuJSfZopQUq/ijQJ5j"},"_chains":{"BTj8YkYQ+uCR0lkfkjN5r0fIn1/8qAucBBYx3EBTrIQi":{"chainKey":{"counter":0,"key":"bfTqEw1IMAFzPczWG5bdTLxJTadMPoMfHes7uQ1+uSs="},"chainType":1,"messageKeys":{}}},"pendingPreKey":{"signedKeyId":11,"baseKey":"Bb2FcCQk0C1Bqzjm1QQd6/YvHdQS89BbnR6klTI3CtBM","preKeyId":10849279}}},"version":"v1"}