{"_sessions":{"BU6xvGl2pPbkqelYVRj+BWlPN7xGBWAY6Ze1qdgkFUdN":{"registrationId":3943,"currentRatchet":{"ephemeralKeyPair":{"pubKey":"BfxXcPot2ABRnPIfLUOj+L6cEgov3bmd1wbAhp1gfboZ","privKey":"uO62JVdtwWnJTZ8mufVAq3PsBb27klXvtz4wVlYMb3E="},"lastRemoteEphemeralKey":"Be8eqIiBRCMvhwBvr74GvYP3lkUSOf7FDDfouWaST5tL","previousCounter":0,"rootKey":"L5MNLHCY4cpjp8uvOgZon89TV3oN4yphDAqKcsPBe50="},"indexInfo":{"baseKey":"BU6xvGl2pPbkqelYVRj+BWlPN7xGBWAY6Ze1qdgkFUdN","baseKeyType":1,"closed":-1,"used":1741601641763,"created":1741601641763,"remoteIdentityKey":"BUvt336aycdiObU7DvevF7obf8Py8IMu6SjDxrP5JQMP"},"_chains":{"BfxXcPot2ABRnPIfLUOj+L6cEgov3bmd1wbAhp1gfboZ":{"chainKey":{"counter":0,"key":"29g7sSD2X6ZphlzWexP37aoMIqzgz7+N02QumQErPH0="},"chainType":1,"messageKeys":{}}},"pendingPreKey":{"signedKeyId":1,"baseKey":"BU6xvGl2pPbkqelYVRj+BWlPN7xGBWAY6Ze1qdgkFUdN"}}},"version":"v1"}