{"_sessions":{"BT6ZIthaaMK13QNd1U2wNzOo89P+8YMwly0/omyBaUhY":{"registrationId":1356947922,"currentRatchet":{"ephemeralKeyPair":{"pubKey":"BY/Mq8MgOZntTHU6QL34LPmZ2RKBevJi0cVT4kze2xUO","privKey":"0B+ENUA4IVr7+wy4v3ugfISDVxqOrar1cUP0oRLTCVQ="},"lastRemoteEphemeralKey":"BdRXJyC2pNCUwkeq1suEckyIOiL7scLhcymwWHGhNXpT","previousCounter":0,"rootKey":"jf4nNyNsfYNkanw5IfeaM/dWHmmVtXaNawGPrpwwmEY="},"indexInfo":{"baseKey":"BT6ZIthaaMK13QNd1U2wNzOo89P+8YMwly0/omyBaUhY","baseKeyType":1,"closed":-1,"used":1741601639079,"created":1741601639079,"remoteIdentityKey":"BQHRLVyJDwO2bVIePnPTYwUcpOy1Y3JwY4PHYCYRfcZ3"},"_chains":{"BY/Mq8MgOZntTHU6QL34LPmZ2RKBevJi0cVT4kze2xUO":{"chainKey":{"counter":0,"key":"ZSCk1JoeoFLuR2tIwpB/klGDMbxuP4aroocMCY5717k="},"chainType":1,"messageKeys":{}}},"pendingPreKey":{"signedKeyId":2429638,"baseKey":"BT6ZIthaaMK13QNd1U2wNzOo89P+8YMwly0/omyBaUhY","preKeyId":2882}}},"version":"v1"}