{"_sessions":{"BVqBxwF0Pc2a1KCv7A1zpuk/bqKWQkGUZCu8a4S3I1wh":{"registrationId":1890782125,"currentRatchet":{"ephemeralKeyPair":{"pubKey":"BXCl1R7mhgJ0X4eMlpp/Xa/ZV6B2rvo6jBIQdlm5mMhz","privKey":"QKoN07Db0IS0fmcg2wKxa9IvqCusVkW5KVrkxmQWL24="},"lastRemoteEphemeralKey":"BaPLVDOIWx0pIKy0bWehJ9RKbk2U9pbEvZx2wXmREPJa","previousCounter":0,"rootKey":"+FmwJtfbmnvokt89uSrigpLpDSygfyRbeLJYCtCkm9c="},"indexInfo":{"baseKey":"BVqBxwF0Pc2a1KCv7A1zpuk/bqKWQkGUZCu8a4S3I1wh","baseKeyType":1,"closed":-1,"used":1741601642132,"created":1741601642132,"remoteIdentityKey":"BdZRB4hMIWQAySHe2DIy3USsuIXS5+GL3lpGzboXIQxP"},"_chains":{"BXCl1R7mhgJ0X4eMlpp/Xa/ZV6B2rvo6jBIQdlm5mMhz":{"chainKey":{"counter":0,"key":"+Pn5r11c0Vu9o3wso4oZ0Juk/eaxeXIo22Z3pqdCRPA="},"chainType":1,"messageKeys":{}}},"pendingPreKey":{"signedKeyId":1,"baseKey":"BVqBxwF0Pc2a1KCv7A1zpuk/bqKWQkGUZCu8a4S3I1wh","preKeyId":15640281}}},"version":"v1"}