{"_sessions":{"BQevvpuV+tKhcTw7ER8sizrsh7t958THRyVVjetQa6UG":{"registrationId":849190454,"currentRatchet":{"ephemeralKeyPair":{"pubKey":"BU1CWHprKgHr+MX9vnBnRfw+KiaG9Yq0s5A8SLZHhsFJ","privKey":"2LMANEH9K0/wtRoTUXx5yw5CugDyvm5oIFQNTz7kkEA="},"lastRemoteEphemeralKey":"BWXPu0alQUEjpCCTOCW6m9FlLM4WNUec1XMeQq7giXIJ","previousCounter":0,"rootKey":"eSzbsVB3/b0CAEB9X6dxpJsbT1VJIE8vt70RgK/eIDE="},"indexInfo":{"baseKey":"BQevvpuV+tKhcTw7ER8sizrsh7t958THRyVVjetQa6UG","baseKeyType":1,"closed":-1,"used":1741601638975,"created":1741601638975,"remoteIdentityKey":"BeJiq8CbxsB4L08oc/EhchecOMlDJzCcxYYpXhoAKqQB"},"_chains":{"BU1CWHprKgHr+MX9vnBnRfw+KiaG9Yq0s5A8SLZHhsFJ":{"chainKey":{"counter":0,"key":"HW+YQVA+TfswvaQZN9Ssy50gr1REGYxvaqaO+LpDAYg="},"chainType":1,"messageKeys":{}}},"pendingPreKey":{"signedKeyId":15,"baseKey":"BQevvpuV+tKhcTw7ER8sizrsh7t958THRyVVjetQa6UG","preKeyId":11252474}}},"version":"v1"}