{"_sessions":{"BVVCD0QCrnidbpumvP4i4mMDeohILnKU/zicNRcmkBxh":{"registrationId":12548,"currentRatchet":{"ephemeralKeyPair":{"pubKey":"Bc0kxLY5yThyw51eWYLBshFZ89+3QNGaBSafw+8PGX0a","privKey":"wOyr+P32as18ZkKeV43fw58wUYchQQ1Rb7fv6vLoAGE="},"lastRemoteEphemeralKey":"BRAFmo/PecByoWqskcXZQZ3RH8jqfE4kRG3LNqWuJflR","previousCounter":0,"rootKey":"m4xBRDQ5p4vwHlaqn9/Yh5QvIqzvE9a/89bSkfb9XB0="},"indexInfo":{"baseKey":"BVVCD0QCrnidbpumvP4i4mMDeohILnKU/zicNRcmkBxh","baseKeyType":1,"closed":-1,"used":1741601641768,"created":1741601641768,"remoteIdentityKey":"BS8vVQv0+dUZqv2ey9yZ0RESwPabkxp0wmlPtVJqY4VE"},"_chains":{"Bc0kxLY5yThyw51eWYLBshFZ89+3QNGaBSafw+8PGX0a":{"chainKey":{"counter":0,"key":"T3cp7iuQp40vJagxJolJGuzYbzVMo2Uny6JdGiwHDx8="},"chainType":1,"messageKeys":{}}},"pendingPreKey":{"signedKeyId":1,"baseKey":"BVVCD0QCrnidbpumvP4i4mMDeohILnKU/zicNRcmkBxh"}}},"version":"v1"}