{"_sessions":{"Ba4v+Gd4Rtpi2oZW2YHzExMcpQZhPgGTCk8KeBbnzjFP":{"registrationId":1046709889,"currentRatchet":{"ephemeralKeyPair":{"pubKey":"BacM/0qbLFOvKE95hc1j/esCVVDXYQ7cgYQH+vBBXnAT","privKey":"eAXQ0acYxksm8tBPWrRvxeYPyQsNzY+MK+XJI8jbkXw="},"lastRemoteEphemeralKey":"Bc2ha4reQgk7cgmKn8qM+gvpeI4b+vpIx7dXpEZCX/BX","previousCounter":0,"rootKey":"p01sSS894B7mGWev/iuCtG1dUixYxAdv0weeEX3qpmA="},"indexInfo":{"baseKey":"Ba4v+Gd4Rtpi2oZW2YHzExMcpQZhPgGTCk8KeBbnzjFP","baseKeyType":1,"closed":-1,"used":1741601636806,"created":1741601636806,"remoteIdentityKey":"BW3Ul91TnOGH4xBpQDGqsvq4P4//pBFCH3SzqfVpvLVZ"},"_chains":{"BacM/0qbLFOvKE95hc1j/esCVVDXYQ7cgYQH+vBBXnAT":{"chainKey":{"counter":1,"key":"epTpWV///5cR+gGIiSzLuW3hONEJje6akEL/G1KmCoM="},"chainType":1,"messageKeys":{}}},"pendingPreKey":{"signedKeyId":7,"baseKey":"Ba4v+Gd4Rtpi2oZW2YHzExMcpQZhPgGTCk8KeBbnzjFP","preKeyId":16761460}}},"version":"v1"}