{"_sessions":{"BbZ4cQIfYj9k3U/HEHP/tZd/M70QAtCtaKyEH6Buo1ku":{"registrationId":537817362,"currentRatchet":{"ephemeralKeyPair":{"pubKey":"BahpxYaafvMHpJQ2Uoz598CZaOhVlnKHg8JWEAOVwfpr","privKey":"SGNVyC2yKsCU7j++JFXIVPwp4iKtVEenAAxNxRMNsnY="},"lastRemoteEphemeralKey":"BdrAo4ztLfQEqH390jMwwrnADs6Hfyx0Nzol/9bvl8kZ","previousCounter":0,"rootKey":"Y4IMtP0aDhhnp9nujeXqT2Um4VhJGh2lKsdk9yg1Bso="},"indexInfo":{"baseKey":"BbZ4cQIfYj9k3U/HEHP/tZd/M70QAtCtaKyEH6Buo1ku","baseKeyType":1,"closed":-1,"used":1741601639018,"created":1741601639018,"remoteIdentityKey":"BbZ6f5J5pvjK6gsJEu+FYeY6cUxrlg0cKhW4d7xO9a4b"},"_chains":{"BahpxYaafvMHpJQ2Uoz598CZaOhVlnKHg8JWEAOVwfpr":{"chainKey":{"counter":0,"key":"IDtEGhQkoRxqEUEUU6Y/Ntw1YFY/5/inTDV9KHJwMvs="},"chainType":1,"messageKeys":{}}},"pendingPreKey":{"signedKeyId":6,"baseKey":"BbZ4cQIfYj9k3U/HEHP/tZd/M70QAtCtaKyEH6Buo1ku","preKeyId":4853680}}},"version":"v1"}