{"_sessions":{"BZI7IuZMGZ6V9OgZBxuMrXLfO1j8SGnxlZHi7oqp+yIx":{"registrationId":1992331879,"currentRatchet":{"ephemeralKeyPair":{"pubKey":"BSL4kS5fSYbV0zh+j64R5VOlCtwQpcZliVkJFn6Kvp9k","privKey":"AOYXi4K9ehe53Cd+gJ2k64qKpPGc3CQ/Yh7gyNW0pFE="},"lastRemoteEphemeralKey":"BdffLD6+deUqdHyNJW++Z6TAV/yhNhgpzekNVkY9+GcS","previousCounter":0,"rootKey":"AvKj2qfMFtkAFMbAJVVsD6VqJB1VKwcATn7OD8FWNwU="},"indexInfo":{"baseKey":"BZI7IuZMGZ6V9OgZBxuMrXLfO1j8SGnxlZHi7oqp+yIx","baseKeyType":1,"closed":-1,"used":1741603152178,"created":1741601639558,"remoteIdentityKey":"BZbDqgbT9kn1rUf2rxIYYZ4liDagl3CIptakaR2gFY1q"},"_chains":{"BdffLD6+deUqdHyNJW++Z6TAV/yhNhgpzekNVkY9+GcS":{"chainKey":{"counter":0,"key":"hygT1SXoBqiHILJ2EfVflLD7UuSuMGm1WksF3m/zTbs="},"chainType":2,"messageKeys":{}},"BSL4kS5fSYbV0zh+j64R5VOlCtwQpcZliVkJFn6Kvp9k":{"chainKey":{"counter":-1,"key":"GEHwxLRsYNGoB7NGX5aWygaz1cUWIyvCcMEiTRqRF0c="},"chainType":1,"messageKeys":{}}}}},"version":"v1"}