{"_sessions":{"BQMR/7PIEB65cACfrTAB37uyaL6lgvHqTvxV/ITM7f1Y":{"registrationId":1267440396,"currentRatchet":{"ephemeralKeyPair":{"pubKey":"BRrO8ioY+AFTKs9FeFe3wRmBs/noFr1UMIyIab46ac0B","privKey":"sET9KwGyg/EassfJn+0+MrZwTgmY39vzZUNdvWz6dlY="},"lastRemoteEphemeralKey":"Bc/UnAYWF4SIT4XYfVSDLuE9JYq5QxSVxyJNsnaLFMF9","previousCounter":0,"rootKey":"H5FthnoMP5UKMsN1QFF/G1JEVXx8Z/9Fw0Sd1+loAZg="},"indexInfo":{"baseKey":"BQMR/7PIEB65cACfrTAB37uyaL6lgvHqTvxV/ITM7f1Y","baseKeyType":1,"closed":-1,"used":1741601641722,"created":1741601641722,"remoteIdentityKey":"BeQWjTGcwVdfFNSBI2ByvalJXfbUjxUmmoA2MIWaU7lY"},"_chains":{"BRrO8ioY+AFTKs9FeFe3wRmBs/noFr1UMIyIab46ac0B":{"chainKey":{"counter":0,"key":"pnXMxGU7t5NFTilfjGkDlOOEE57s8VAEML1FMFsSiiQ="},"chainType":1,"messageKeys":{}}},"pendingPreKey":{"signedKeyId":1,"baseKey":"BQMR/7PIEB65cACfrTAB37uyaL6lgvHqTvxV/ITM7f1Y","preKeyId":412}}},"version":"v1"}