{"_sessions":{"Bdv6W8PNtMk9MGhsQzEpiB33sPpVy9AwPPnp7TnOY+sb":{"registrationId":671779092,"currentRatchet":{"ephemeralKeyPair":{"pubKey":"BWkAcjOYolWaglobF3hjzPcnOwe2BUn6fYqGI2BiiK56","privKey":"WJkJ2ziHHI8rctnNa9jliTvC6aTgbWK4bQCeyfaVUX0="},"lastRemoteEphemeralKey":"BVaPML69tksOL+zQdlTXIG5RuxsTx+8pf/2oMox6QS0c","previousCounter":0,"rootKey":"EeUVlaCLNb55wn5lQc0txqk4PfhhXum7iIM/iYN9Hmg="},"indexInfo":{"baseKey":"Bdv6W8PNtMk9MGhsQzEpiB33sPpVy9AwPPnp7TnOY+sb","baseKeyType":1,"closed":-1,"used":1741601639444,"created":1741601639444,"remoteIdentityKey":"Bb2EdJvce4PTupE4yLIXZJyYoTPdiqMR85lKISA8gcR0"},"_chains":{"BWkAcjOYolWaglobF3hjzPcnOwe2BUn6fYqGI2BiiK56":{"chainKey":{"counter":0,"key":"fHrx03QlbhStYHzxyWcI0n7jCnBeSdqLQAFlvqTA+9k="},"chainType":1,"messageKeys":{}}},"pendingPreKey":{"signedKeyId":12,"baseKey":"Bdv6W8PNtMk9MGhsQzEpiB33sPpVy9AwPPnp7TnOY+sb","preKeyId":4588262}}},"version":"v1"}