{"_sessions":{"BQ/e79tkqL++ID5XVXC4VjZ6ucmlKeFhqgKIBSU4pIsy":{"registrationId":207463187,"currentRatchet":{"ephemeralKeyPair":{"pubKey":"BY/83av4+Pc0aVvDAiAUMfwMUKqHPHrCLaCLZN2v+Dgu","privKey":"OB53nMICrFpk+3uRCt+7250oIh+C6jhu3JBqCpdHymY="},"lastRemoteEphemeralKey":"BaJGrIeSNtDfCdTn3ajMqgqV0idOtLz0MjL0Ph3whYY/","previousCounter":0,"rootKey":"oa2jO11CZzM+O/jU5HE0dabJI2kowOBHU4ZoHdQ8nO8="},"indexInfo":{"baseKey":"BQ/e79tkqL++ID5XVXC4VjZ6ucmlKeFhqgKIBSU4pIsy","baseKeyType":1,"closed":-1,"used":1741601641936,"created":1741601641936,"remoteIdentityKey":"BTvzejL+s9innkfWRNAI7SEWtjc4wWoawH1kOaVQrQJj"},"_chains":{"BY/83av4+Pc0aVvDAiAUMfwMUKqHPHrCLaCLZN2v+Dgu":{"chainKey":{"counter":0,"key":"eGKLzNoIcdhiISX4D9J+NwfAr8erSc+S0F/Dok+var8="},"chainType":1,"messageKeys":{}}},"pendingPreKey":{"signedKeyId":2,"baseKey":"BQ/e79tkqL++ID5XVXC4VjZ6ucmlKeFhqgKIBSU4pIsy","preKeyId":2035899}}},"version":"v1"}