{"_sessions":{"BVDi59UKnNPFXntsiQLuq6XlpsoRR61rY/1pT8ayxJon":{"registrationId":573308441,"currentRatchet":{"ephemeralKeyPair":{"pubKey":"BSewW3nQoqno2HqFUk0GVf1wwPXZgSRKbyRjcCLIJM0w","privKey":"mHwcp9fxLlarOBK+WWaPFPtRKDdziU3Os4Znk5M7TkQ="},"lastRemoteEphemeralKey":"BS0FnPkEKGlJ+jFR1z7YDK0eXBHqPFg7w4FAERpRCXZD","previousCounter":0,"rootKey":"VsQcx4W88b/PcXyvLCj4n4GUH5bUCpbPNKZa34dgu+E="},"indexInfo":{"baseKey":"BVDi59UKnNPFXntsiQLuq6XlpsoRR61rY/1pT8ayxJon","baseKeyType":1,"closed":-1,"used":1741601636716,"created":1741601636716,"remoteIdentityKey":"BVXrVws1lT73zc2SOtS11an5ty8jlhGlz/lPMPt/FCgr"},"_chains":{"BSewW3nQoqno2HqFUk0GVf1wwPXZgSRKbyRjcCLIJM0w":{"chainKey":{"counter":1,"key":"TWFxgFbSS9Vx4Y4jDkgfrqfH6c9jq+a2y4Fb0OnmUCk="},"chainType":1,"messageKeys":{}}},"pendingPreKey":{"signedKeyId":1,"baseKey":"BVDi59UKnNPFXntsiQLuq6XlpsoRR61rY/1pT8ayxJon","preKeyId":11279691}}},"version":"v1"}