{"_sessions":{"BUA2ZTtCvQGBsKHeTldwoFjimYE+v7iHHERwum4Ag3J0":{"registrationId":1226185893,"currentRatchet":{"ephemeralKeyPair":{"pubKey":"BQVm83Qf5SkzTSx9cpFzwTS6rhWOTD01Zxaf7HsCWMFk","privKey":"qGYN0kh8o31NO/vVv6jNqyjcHv0nnBQOuZ8f1kv7cHM="},"lastRemoteEphemeralKey":"BZlk+7BvHc/EOjt0vXK7cjVOt96co+GmcHMMh3fqwPMY","previousCounter":0,"rootKey":"owHVca1M+7U+fB1TjBzf5CTtnFJ4wHrYkvK72QcQbOk="},"indexInfo":{"baseKey":"BUA2ZTtCvQGBsKHeTldwoFjimYE+v7iHHERwum4Ag3J0","baseKeyType":1,"closed":-1,"used":1741601641787,"created":1741601641787,"remoteIdentityKey":"BSl+Xv2KGQaBKC7I/8KgqHOXURLUn5/TYh2Mog+waH4T"},"_chains":{"BQVm83Qf5SkzTSx9cpFzwTS6rhWOTD01Zxaf7HsCWMFk":{"chainKey":{"counter":0,"key":"fVShdQuYL18+eaNSDpEQB/CSopZnCuQRCDzSNNH4Dbk="},"chainType":1,"messageKeys":{}}},"pendingPreKey":{"signedKeyId":1,"baseKey":"BUA2ZTtCvQGBsKHeTldwoFjimYE+v7iHHERwum4Ag3J0"}}},"version":"v1"}