{"_sessions":{"BXARAIwwPtLMM32ikKbu5n8UKP5/2Zv8XjTf3aYpUflq":{"registrationId":1100632,"currentRatchet":{"ephemeralKeyPair":{"pubKey":"BYmf6rN+I99dCCEX2e7AF/4rzYBCctVSt7IOguRcoFdv","privKey":"kFpIG1u7/1khN+sdqI/z6GeNm4Uks7KwbeZ8x1OGKU8="},"lastRemoteEphemeralKey":"BcW7L7D48GTk1CyKoyl48+Egsz+SUVTyCVbJYuWwzCZh","previousCounter":0,"rootKey":"Mo3EXENSphVGpVRuMQi3Om8dg5FODveEeoURuxATZRw="},"indexInfo":{"baseKey":"BXARAIwwPtLMM32ikKbu5n8UKP5/2Zv8XjTf3aYpUflq","baseKeyType":1,"closed":-1,"used":1741601636721,"created":1741601636721,"remoteIdentityKey":"BW1s8bbVR/UThyhGy2J0ml8kbNYVjdLWD36OSB8OwEEa"},"_chains":{"BYmf6rN+I99dCCEX2e7AF/4rzYBCctVSt7IOguRcoFdv":{"chainKey":{"counter":0,"key":"0fpmRPcJkCrENJQToeoxh7zk94AITAWjuS4thtyDGgU="},"chainType":1,"messageKeys":{}}},"pendingPreKey":{"signedKeyId":1,"baseKey":"BXARAIwwPtLMM32ikKbu5n8UKP5/2Zv8XjTf3aYpUflq","preKeyId":6639179}}},"version":"v1"}