{"_sessions":{"Ba/z33B1+iY9SiZyOFdrUygXYwUeKX8B0ZTPmOqqzREv":{"registrationId":1103539365,"currentRatchet":{"ephemeralKeyPair":{"pubKey":"Bcn6DoOzTiR/mf8y1p/0LeQ7QblqUDD4YSfNzvkbaqMh","privKey":"cPBxA338zvbUbbW6z15KlvI2j9Of6QSAgEBuh7aa3Xk="},"lastRemoteEphemeralKey":"BbuKW/3zqHbOloWliUsFPFR0Nq38dW4/RvwpaXTkFJ53","previousCounter":0,"rootKey":"moGVcrtW5xZWFIp6ACLitBryPFT2PuXlgDo0VHuIOqg="},"indexInfo":{"baseKey":"Ba/z33B1+iY9SiZyOFdrUygXYwUeKX8B0ZTPmOqqzREv","baseKeyType":2,"closed":-1,"used":1741601246208,"created":1741601246208,"remoteIdentityKey":"BfP2sgwx2M2z2m87D8XEpEaBod0KZim1LVL/zSUy1XNO"},"_chains":{"BbuKW/3zqHbOloWliUsFPFR0Nq38dW4/RvwpaXTkFJ53":{"chainKey":{"counter":0,"key":"+Zlhj3qWz663GpkPK1jnbjKJ5UeNQ7l41KjKanIENjw="},"chainType":2,"messageKeys":{}},"Bcn6DoOzTiR/mf8y1p/0LeQ7QblqUDD4YSfNzvkbaqMh":{"chainKey":{"counter":1,"key":"CqHLevO7K4XcjJtJffkFBoOKc6rFc2cqHZ6ILfDKC0s="},"chainType":1,"messageKeys":{}}}}},"version":"v1"}