{"_sessions":{"BY4hA1jgQ4EKtKmX1cVwtas+ljLaOyTbEfUV96IoLxgI":{"registrationId":364445160,"currentRatchet":{"ephemeralKeyPair":{"pubKey":"BVUDY6ihvxcTXsBzJzUQcHap3bse9fG2lDn6YBDvXkQX","privKey":"AKbDRsyAChTa6K5DKUfopcExXsyMIoRra9DnaF3gZUY="},"lastRemoteEphemeralKey":"BcRkUYhcQ9F0jtS1Fr7o9UFO7gaQvVFflmJIxhaca9ox","previousCounter":0,"rootKey":"ZfGNw3Wc+ju8D8CX0HndSzYYeZ5sewoH7bfQpTW3d4Q="},"indexInfo":{"baseKey":"BY4hA1jgQ4EKtKmX1cVwtas+ljLaOyTbEfUV96IoLxgI","baseKeyType":1,"closed":-1,"used":1741601639441,"created":1741601639441,"remoteIdentityKey":"BdVtagfUrmzH/4a3/mMQm3qvtY5ba5znmIa+hg5ziOVy"},"_chains":{"BVUDY6ihvxcTXsBzJzUQcHap3bse9fG2lDn6YBDvXkQX":{"chainKey":{"counter":0,"key":"WOfNYHFW/EBz6a+yRaAf8ZBZ5F2aSiUFXK4eOMijNC8="},"chainType":1,"messageKeys":{}}},"pendingPreKey":{"signedKeyId":1,"baseKey":"BY4hA1jgQ4EKtKmX1cVwtas+ljLaOyTbEfUV96IoLxgI","preKeyId":2073008}}},"version":"v1"}