{"_sessions":{"BemUTAGCZCO9gUvNVF7IkMnTaAC+s9Yd19rX9TZUhVAu":{"registrationId":1410597317,"currentRatchet":{"ephemeralKeyPair":{"pubKey":"BT4O/0WwX0Z66s0pAhAn2SpzG21FCTWXvKaC3lj/lfFm","privKey":"sN8fT4V3oL//A+3BXCIGRXNgIhdQKMgUJCEoRMqEoHc="},"lastRemoteEphemeralKey":"BbvCJf+Bdyb5szbS3Ej5iyzrFIg7jY6y0M+s9ksjMlwc","previousCounter":0,"rootKey":"RhHsKgmcw5rNJ602722J7A+8F5atkJjsewJ6F7GIVHA="},"indexInfo":{"baseKey":"BemUTAGCZCO9gUvNVF7IkMnTaAC+s9Yd19rX9TZUhVAu","baseKeyType":1,"closed":-1,"used":1741601638968,"created":1741601638968,"remoteIdentityKey":"BRKBoVkmJeBAoLKATGHc4p85d7WmvEIGIJXOT0CS0Ncc"},"_chains":{"BT4O/0WwX0Z66s0pAhAn2SpzG21FCTWXvKaC3lj/lfFm":{"chainKey":{"counter":0,"key":"GucVh439e4s8JsAhHZUnUdzr92Powg/4elYLCL7i4vE="},"chainType":1,"messageKeys":{}}},"pendingPreKey":{"signedKeyId":7614324,"baseKey":"BemUTAGCZCO9gUvNVF7IkMnTaAC+s9Yd19rX9TZUhVAu","preKeyId":2455}}},"version":"v1"}