{"_sessions":{"BRCXIplAVtZHYuavg0SPJsvgEFZJ7eehPp8b1v3ufJZt":{"registrationId":203991895,"currentRatchet":{"ephemeralKeyPair":{"pubKey":"BbRAQ5Wo8oLFrvBqI/xNUVlOXQxHaboJA7sNNfOAHgAM","privKey":"cLqBdsp5gn+lXOhrdGPyJg95g+zTID7o21ebhne3hFU="},"lastRemoteEphemeralKey":"BQk8d/JrHZCmW3ep0Iy+YDb4R9itpZjLNLovAZYaQKET","previousCounter":0,"rootKey":"UDGuoG31BjOZoN2C7Mr6nyLl+CzL8W+02z6Gsn+vhy0="},"indexInfo":{"baseKey":"BRCXIplAVtZHYuavg0SPJsvgEFZJ7eehPp8b1v3ufJZt","baseKeyType":1,"closed":-1,"used":1741601638971,"created":1741601638971,"remoteIdentityKey":"BYzoJxzbH+SQbC+RnRSHqboLoqAw0QGLBW0IINmuCik8"},"_chains":{"BbRAQ5Wo8oLFrvBqI/xNUVlOXQxHaboJA7sNNfOAHgAM":{"chainKey":{"counter":0,"key":"bbLZEPTxnJ9mJAe7WzqYhgly6FIbm28WZcPp6+ipU7o="},"chainType":1,"messageKeys":{}}},"pendingPreKey":{"signedKeyId":29,"baseKey":"BRCXIplAVtZHYuavg0SPJsvgEFZJ7eehPp8b1v3ufJZt","preKeyId":15812546}}},"version":"v1"}