{"_sessions":{"BZfLSG+6CPTB3iFlUQZsfQf2y+/fGuwN08nAL9LGkbAU":{"registrationId":1441900819,"currentRatchet":{"ephemeralKeyPair":{"pubKey":"BYh+HaAxz+AcXYyGxs96e5GCLOa1u9eLhyGKG1Y3doZU","privKey":"ABJlFGEqTu0FpZneGMe1WcdzQtzjzT9lTUfjQlSKrUU="},"lastRemoteEphemeralKey":"BaaETlUpzX7mhLScbNEJi1cU/y03McQ1IVol7BzfPLgm","previousCounter":0,"rootKey":"hqYCn9L9rfBez/owMNi0bMTAsYiLI9E0AaM6txDvs48="},"indexInfo":{"baseKey":"BZfLSG+6CPTB3iFlUQZsfQf2y+/fGuwN08nAL9LGkbAU","baseKeyType":2,"closed":-1,"used":1741599687955,"created":1741599687955,"remoteIdentityKey":"BaB7JT8qc4LI5nGKCRkbQbvlBTI5EoUjKfZx3RoYtw5u"},"_chains":{"BaaETlUpzX7mhLScbNEJi1cU/y03McQ1IVol7BzfPLgm":{"chainKey":{"counter":0,"key":"1aDAF/mRfe6oDq17NbgtSw7fThbPxgV8IPigyLL329g="},"chainType":2,"messageKeys":{}},"BYh+HaAxz+AcXYyGxs96e5GCLOa1u9eLhyGKG1Y3doZU":{"chainKey":{"counter":1,"key":"j4IxLVFSWFm+UTDn5GSYHXXkIaM2DbeKfImvPXiRhUI="},"chainType":1,"messageKeys":{}}}}},"version":"v1"}