{"_sessions":{"BVRW1oiVVE8Bb0M8GrVx/sNjsz7o41JnvOAlTnjjXDsO":{"registrationId":1145167672,"currentRatchet":{"ephemeralKeyPair":{"pubKey":"Ba/6ylgR639odWilK2fT89JuGo/I4/8mG6KVfKNfZZc0","privKey":"cLTA2n+v158sxQDUfciRdz97y1w7K/2JcCGL8flS5XE="},"lastRemoteEphemeralKey":"Bae9vyLhY3fVUOSUGTFQwDdfll45DxTc9VIyxW3daDpQ","previousCounter":0,"rootKey":"S0SvEHvq5QG1eXxCNI2kUMGHiwmp2nCfViSn47np3+U="},"indexInfo":{"baseKey":"BVRW1oiVVE8Bb0M8GrVx/sNjsz7o41JnvOAlTnjjXDsO","baseKeyType":1,"closed":-1,"used":1741603003580,"created":1741603003580,"remoteIdentityKey":"BQt5i37dzzEnBmwMwERmG7cPzStXlcqn7hQoDXD1DPgA"},"_chains":{"Ba/6ylgR639odWilK2fT89JuGo/I4/8mG6KVfKNfZZc0":{"chainKey":{"counter":0,"key":"oNRUdl66E+JI3MXUACYCXOadlg6CCgq/F+wjkKOJrlg="},"chainType":1,"messageKeys":{}}},"pendingPreKey":{"signedKeyId":2207000,"baseKey":"BVRW1oiVVE8Bb0M8GrVx/sNjsz7o41JnvOAlTnjjXDsO"}}},"version":"v1"}