{"_sessions":{"BarbcInzHR7QC23xEhBxCMeBcq2mWNi8pAQ5CrPlW5MB":{"registrationId":1983651106,"currentRatchet":{"ephemeralKeyPair":{"pubKey":"BZfMO1oJUtvxKduG33RW+hUa62yg+MOSj+Rwgl6Xoo9N","privKey":"ELvp3VGFuMJvRTEbOtbOReqrgRfSiMuA+h2WHjbaKnc="},"lastRemoteEphemeralKey":"Bf5BcMNTzktAvYO4XF2YniHMho+2VewUku1UmdnB6NNq","previousCounter":0,"rootKey":"1raxOIHwv99pHQfkYv31cRX7Zhh485CICTGa9Z2/VZU="},"indexInfo":{"baseKey":"BarbcInzHR7QC23xEhBxCMeBcq2mWNi8pAQ5CrPlW5MB","baseKeyType":1,"closed":-1,"used":1741601636675,"created":1741601636675,"remoteIdentityKey":"BVAp9nCzuEGsnuanE66zH9O6Ke2tMhFppOa1sV+GkO98"},"_chains":{"BZfMO1oJUtvxKduG33RW+hUa62yg+MOSj+Rwgl6Xoo9N":{"chainKey":{"counter":1,"key":"tUWE6RoGNyu2wOS0XOFmRJqsNaeFkSoxhu4UvrNdy0A="},"chainType":1,"messageKeys":{}}},"pendingPreKey":{"signedKeyId":1,"baseKey":"BarbcInzHR7QC23xEhBxCMeBcq2mWNi8pAQ5CrPlW5MB"}}},"version":"v1"}