{"_sessions":{"BQD1LvTBd4mChjQvh7wk8jOfT5XtO47H0qCNuqHDG9QQ":{"registrationId":1529570481,"currentRatchet":{"ephemeralKeyPair":{"pubKey":"BfkTzatHA8aciIYzSa8oguwyQm7A8Dkvmb3mVRADSrFy","privKey":"yIcIVWYQFEVDjOuQbyV4kNeYmr+3ZJe8Harpm28Ghkc="},"lastRemoteEphemeralKey":"BUmJCcbtt0dCR//TfHc1AIqJpwpaNF+rzM9qKzCbEMcb","previousCounter":0,"rootKey":"pgsq8A0d6BXmypYQSrCa0m0cE8RDOPnvluRC3E/hyEM="},"indexInfo":{"baseKey":"BQD1LvTBd4mChjQvh7wk8jOfT5XtO47H0qCNuqHDG9QQ","baseKeyType":1,"closed":-1,"used":1741601641953,"created":1741601641953,"remoteIdentityKey":"BeboBJUnQwpWgRBS6ktxwMsfBJdEjE4ux65g9GS0hRNz"},"_chains":{"BfkTzatHA8aciIYzSa8oguwyQm7A8Dkvmb3mVRADSrFy":{"chainKey":{"counter":0,"key":"MnPXbYCi+N7nh+uo6GfNYh11ysq7NleWcOyks/NDbXY="},"chainType":1,"messageKeys":{}}},"pendingPreKey":{"signedKeyId":5,"baseKey":"BQD1LvTBd4mChjQvh7wk8jOfT5XtO47H0qCNuqHDG9QQ"}}},"version":"v1"}