{"_sessions":{"BbEk9c7ZWwNjLf4Oo5pOhV42YsQLtANAwJBgHZL1KPha":{"registrationId":709880185,"currentRatchet":{"ephemeralKeyPair":{"pubKey":"BauIgy52zEmYBeEP039P+ZzAgRK4fkwdqvsNmgiQLe8y","privKey":"kMrH9PFfbw6kAhunF8OO+yBqr1/vLrAdvR1lleKa2HE="},"lastRemoteEphemeralKey":"BfVQp1SzIOkzsDU8atJ+d6w4A3VKNf3K44i3T4z0YnRu","previousCounter":0,"rootKey":"UvFQin2/nV+C24wqG8d4jjE284r3H/GtDii5dY1hG7E="},"indexInfo":{"baseKey":"BbEk9c7ZWwNjLf4Oo5pOhV42YsQLtANAwJBgHZL1KPha","baseKeyType":1,"closed":-1,"used":1741601642114,"created":1741601642114,"remoteIdentityKey":"BVMyMjhM2I4G0zObdY1ARS245MdUQNNOwGXrBtYSJhs4"},"_chains":{"BauIgy52zEmYBeEP039P+ZzAgRK4fkwdqvsNmgiQLe8y":{"chainKey":{"counter":0,"key":"45v73+uZQGI4CQzX5zAEqCcloaqICuEvUsdJW4ROhac="},"chainType":1,"messageKeys":{}}},"pendingPreKey":{"signedKeyId":0,"baseKey":"BbEk9c7ZWwNjLf4Oo5pOhV42YsQLtANAwJBgHZL1KPha"}}},"version":"v1"}