{"_sessions":{"BV/zL6+5s8QO/EXAMi0+idsRD8R694iVzDXjTBdYHGQU":{"registrationId":115137629,"currentRatchet":{"ephemeralKeyPair":{"pubKey":"BQathoziHYJDiWOn4sHKO1S5eUVyY6NU5WM89JJk0PdM","privKey":"ULfcv/1P86iCwa7i70qUmDuzP0b2CyskCtuIKCyzilk="},"lastRemoteEphemeralKey":"BSNS0rF9eLQekfLUjgmcBnGLjvC5XOPZ/V6J0DUjECsK","previousCounter":0,"rootKey":"9b7MiIlYe0jA+buk6fQadkNrf5/J0QMr/wWKvDwjDCo="},"indexInfo":{"baseKey":"BV/zL6+5s8QO/EXAMi0+idsRD8R694iVzDXjTBdYHGQU","baseKeyType":1,"closed":-1,"used":1741601641868,"created":1741601641868,"remoteIdentityKey":"BWy5rmmTLJBlTg0FqPgvSblM0A7QuFyZv/Oyyt4szp0u"},"_chains":{"BQathoziHYJDiWOn4sHKO1S5eUVyY6NU5WM89JJk0PdM":{"chainKey":{"counter":0,"key":"ZutGs0QyizORzBgpVrMYGbW/Bx2mmRHxdNiwkDi+K1c="},"chainType":1,"messageKeys":{}}},"pendingPreKey":{"signedKeyId":1,"baseKey":"BV/zL6+5s8QO/EXAMi0+idsRD8R694iVzDXjTBdYHGQU","preKeyId":3012175}}},"version":"v1"}