{"_sessions":{"Bas9YS3okoY+8IcooEW52GvYrZFCfMpcms2OIZcgQ3Q4":{"registrationId":530495993,"currentRatchet":{"ephemeralKeyPair":{"pubKey":"BUGDcS//aYRo+CB/COglXHw3ZCPDwI+9fX8X/pIsUzMZ","privKey":"kNhGL80zbT+YUzauWi4aANit+T9kwYCM8H+SzfqTaWE="},"lastRemoteEphemeralKey":"BTVdw2ZoSLp+5fw4NdSwaaHCRVS3u4fKNfxpNQFZjJQQ","previousCounter":0,"rootKey":"J/uVnMZoGBGlzi3Y3rMZDPxVxNA2lKg1m/Jd2E5+pCE="},"indexInfo":{"baseKey":"Bas9YS3okoY+8IcooEW52GvYrZFCfMpcms2OIZcgQ3Q4","baseKeyType":1,"closed":-1,"used":1741601639113,"created":1741601639113,"remoteIdentityKey":"BRQbt9TfPcJhmaFStZX8TIR1L52YaHKAeoeKboIQUj4H"},"_chains":{"BUGDcS//aYRo+CB/COglXHw3ZCPDwI+9fX8X/pIsUzMZ":{"chainKey":{"counter":0,"key":"lVxm4xZQpcgf7WvT2IGWPZDUBftlGgiDT7XdLyF3fEs="},"chainType":1,"messageKeys":{}}},"pendingPreKey":{"signedKeyId":36,"baseKey":"Bas9YS3okoY+8IcooEW52GvYrZFCfMpcms2OIZcgQ3Q4","preKeyId":16371993}}},"version":"v1"}