{"_sessions":{"BVQ2O5ezHAT56nCaiQ/5nIE+jirApouTOb8Z8Kpxs2Um":{"registrationId":1116409672,"currentRatchet":{"ephemeralKeyPair":{"pubKey":"BXp48ZO56Bx4tF+JvpBRzRQXfDWh6640OPX0SmLEGsds","privKey":"qEV8pLzE5cD+A1RDSpbtu9/qOsX4fUwOK1g76rcG11E="},"lastRemoteEphemeralKey":"BcvmUw3SptB1mvZMk0xneDTqe31TPshGov46RH6JfQ8d","previousCounter":0,"rootKey":"Lpy8q+XgDNWxI1+4MhNpGtV9ddi+ADL4IukB44cFPPg="},"indexInfo":{"baseKey":"BVQ2O5ezHAT56nCaiQ/5nIE+jirApouTOb8Z8Kpxs2Um","baseKeyType":1,"closed":-1,"used":1741601639024,"created":1741601639024,"remoteIdentityKey":"BcTYkwzf20q44m5cXr7YJLNoj4o5a0UtGFpld2lM5Hhz"},"_chains":{"BXp48ZO56Bx4tF+JvpBRzRQXfDWh6640OPX0SmLEGsds":{"chainKey":{"counter":0,"key":"p0eDhhx3U9og1Gp3/+Dgxf6KnuJ8EgiVpxM6mpr7Kfo="},"chainType":1,"messageKeys":{}}},"pendingPreKey":{"signedKeyId":0,"baseKey":"BVQ2O5ezHAT56nCaiQ/5nIE+jirApouTOb8Z8Kpxs2Um","preKeyId":5632427}}},"version":"v1"}