{"_sessions":{"BfW1W0dXRVux6rRTDR5AK37hn49EtPlOrnt/78GBYXUF":{"registrationId":583198349,"currentRatchet":{"ephemeralKeyPair":{"pubKey":"BdaT9YEQPc6X3JecmqIxkFwuUzPdYz8CGtoY49MA/OZf","privKey":"yCLFuGBD6B4tWF/o6scL0iFvRjZPVGHgHbLep3WUQHM="},"lastRemoteEphemeralKey":"BfpEK6wWkskLp37Kft3DnqEkZbl5cFCzSR6oKzyZkOoP","previousCounter":0,"rootKey":"DcjjfbgZ1Qt0RDd0t9jplmGEG6BOmdl/mjE2zZPDydw="},"indexInfo":{"baseKey":"BfW1W0dXRVux6rRTDR5AK37hn49EtPlOrnt/78GBYXUF","baseKeyType":1,"closed":-1,"used":1741601639509,"created":1741601639509,"remoteIdentityKey":"BTIRJ7N/C2Et9Mx6IU6XImjyzSNj5fLJQow4b387Azto"},"_chains":{"BdaT9YEQPc6X3JecmqIxkFwuUzPdYz8CGtoY49MA/OZf":{"chainKey":{"counter":0,"key":"eoXnZ7EFHQydItGYv6Qbpy35XTj+3UDAy1e+R9Gao+w="},"chainType":1,"messageKeys":{}}},"pendingPreKey":{"signedKeyId":8,"baseKey":"BfW1W0dXRVux6rRTDR5AK37hn49EtPlOrnt/78GBYXUF","preKeyId":15511152}}},"version":"v1"}