{"_sessions":{"BWuPyoLgGoinWnWTyaCJBgbroEc8nngAft5hyG0BBppY":{"registrationId":11521,"currentRatchet":{"ephemeralKeyPair":{"pubKey":"BZIQo82HVShvV4aTrEUV6Xd25cWIUNNEy8CJ7kCNGs1s","privKey":"iCuKdi65197Hpizt2mKBn7onnWG+r9uIKnYFY8RU4lU="},"lastRemoteEphemeralKey":"BSmHq637cM56u6bW/QNK4rbZ03iLqQBpXW7sfXvWCeYW","previousCounter":0,"rootKey":"wtC0TUnyFPEAMw/mfcA1xNhGhfSpdiR4RVPCvrK7cmk="},"indexInfo":{"baseKey":"BWuPyoLgGoinWnWTyaCJBgbroEc8nngAft5hyG0BBppY","baseKeyType":2,"closed":-1,"used":1741604836248,"created":1741600767390,"remoteIdentityKey":"Bd9yC0t6gMzfZZ/g5frqyDBTAM25gO6HWuFCT0A/CdU2"},"_chains":{"BaC6xOv2CDaExvTpeJpeJz3zyquA5rxq+9sp7tMPlQ0c":{"chainKey":{"counter":9},"chainType":2,"messageKeys":{}},"BbDSQ+C69U13finPqWvQI4mirBty8VAZsUo4SahBxzY9":{"chainKey":{"counter":0},"chainType":2,"messageKeys":{}},"BVX/L7xsZCXqqgc1fKtlg+hFh8EQSkl7LsIKvIdZSQx1":{"chainKey":{"counter":0},"chainType":2,"messageKeys":{}},"BRYSaePNiBt56Vk3HSoysfoNc5lkUz9z9RLFC+ZPpk5t":{"chainKey":{"counter":1},"chainType":2,"messageKeys":{}},"BarxyqWXbDMXdGnQxQ1hPfm6I9YH1xc4a1hlnyPcXhAI":{"chainKey":{"counter":1},"chainType":2,"messageKeys":{}},"BQOS6w//CnEgCmpIzdROG+oGxf7V4jkCVd82huMYh28+":{"chainKey":{"counter":0},"chainType":2,"messageKeys":{}},"Ba8v7kZUH6Gbm85UDQTEeBLX8TDdUC8m3bPdbIjZ/qhk":{"chainKey":{"counter":1},"chainType":2,"messageKeys":{}},"BQ3nYVqAdggc5tIOij9aXqji/ihq8GM2AtcTjpPiZNAj":{"chainKey":{"counter":0},"chainType":2,"messageKeys":{}},"BfVWvZsGln1otEhQ8jfnzECyXpbSliXUjKiMgpXRGhld":{"chainKey":{"counter":0},"chainType":2,"messageKeys":{}},"Ba9rWGhX+uXdUAGHCiy/79C2xyROZwSsLo1IEIgDMnBO":{"chainKey":{"counter":0},"chainType":2,"messageKeys":{}},"BSkTWSBqqtQw20baKyiPrSNqB3fYzSMGbEqCWby8yuAT":{"chainKey":{"counter":0},"chainType":2,"messageKeys":{}},"BfkjyTeezpxlK9Nokrv87BkwrSjjbHRWATqYVmtknw0T":{"chainKey":{"counter":0},"chainType":2,"messageKeys":{}},"BTnx6qogDozdDYTU/IEkKgYW0154kdrLWi0DAKxlcytr":{"chainKey":{"counter":0},"chainType":2,"messageKeys":{}},"BV6S4eHLP0CQ6p8h9wknfiCJWsfWtvZrGtvHfL15JsZq":{"chainKey":{"counter":1},"chainType":2,"messageKeys":{}},"BfZMNhq/D/iwjVgdqcyveiS09MnHL9yUdhyyltk3zBVm":{"chainKey":{"counter":0},"chainType":2,"messageKeys":{}},"BchlqeG6+uT7jL3dmwq0+NHZZpQ8eupFdiJgRiS4TDE6":{"chainKey":{"counter":0},"chainType":2,"messageKeys":{}},"BZymlDitL1fyPO/cyBgsJFcKEB0q3J3TMBtecq+ir1k0":{"chainKey":{"counter":0},"chainType":2,"messageKeys":{}},"BcsOT6/Vp3oMcD6uW2ibYasu6LJ1ssm3wL1Qfn+ZVZdA":{"chainKey":{"counter":1},"chainType":2,"messageKeys":{}},"BTZNChcg6ABsChAJQoXKO13URi1ReRk5gh3+1EzM7ZB5":{"chainKey":{"counter":0},"chainType":2,"messageKeys":{}},"BSmHq637cM56u6bW/QNK4rbZ03iLqQBpXW7sfXvWCeYW":{"chainKey":{"counter":1,"key":"sFbNF8sjOOW6Kg+op52SEBH9X4fzD5CSk9mA0dWA28M="},"chainType":2,"messageKeys":{}},"BZIQo82HVShvV4aTrEUV6Xd25cWIUNNEy8CJ7kCNGs1s":{"chainKey":{"counter":0,"key":"NRWuZSr8Wgf4HJlSolYrcmXzh8/aZy1vDzGPtIEKDwk="},"chainType":1,"messageKeys":{}}}}},"version":"v1"}