{"_sessions":{"BY/JDhuJSOlIeSAUMC5qdN4XOmmvAr4nQhY1FCORuJZF":{"registrationId":340290663,"currentRatchet":{"ephemeralKeyPair":{"pubKey":"BWSZo0sh7W11zvChClnHB1MvXU02doj2WNC/WjHflD5R","privKey":"4IdR5TaCU2YKMb7Qujc3O6uf47xK7KN3HLqQvnTBW2g="},"lastRemoteEphemeralKey":"BeUDwiCQar7XrgaL3VogGDOMxvO2liolDIO6IINXG09C","previousCounter":0,"rootKey":"2hw4NJzS8COlgOyD4BJCk4dqrS5WuzVo8kGjHFR9xuc="},"indexInfo":{"baseKey":"BY/JDhuJSOlIeSAUMC5qdN4XOmmvAr4nQhY1FCORuJZF","baseKeyType":1,"closed":-1,"used":1741601636827,"created":1741601636827,"remoteIdentityKey":"BYoJqCIe65UCiVXquAJkRfEvJDUMg2Uju5QujNSysgEJ"},"_chains":{"BWSZo0sh7W11zvChClnHB1MvXU02doj2WNC/WjHflD5R":{"chainKey":{"counter":0,"key":"PE99r25HqlhncgJHmsF2Wk/visLFgjCMf8rF+Sno8jc="},"chainType":1,"messageKeys":{}}},"pendingPreKey":{"signedKeyId":2,"baseKey":"BY/JDhuJSOlIeSAUMC5qdN4XOmmvAr4nQhY1FCORuJZF","preKeyId":16455523}}},"version":"v1"}