{"_sessions":{"BZ0B127TtGKSpu/5UbvN3QVREbuU/9aOGBJ8q9cuNGMr":{"registrationId":354739843,"currentRatchet":{"ephemeralKeyPair":{"pubKey":"Bf4x9DnSP4Nss3JT/T9BKIIUrgRby0GdzJp+8nSXrmZ/","privKey":"oJazGmbWgSSX5U3J/ROTIe0ggjgkU1ae20f1NxJgPHw="},"lastRemoteEphemeralKey":"BUDNXGrd7q/NIpXmEJRnwve9rjeGXfiMvi2qHN8BW0Ft","previousCounter":0,"rootKey":"Zz2bJ7k9AhbSBq/cMrHp/xq6SJvl9LWmUD48MNFg25A="},"indexInfo":{"baseKey":"BZ0B127TtGKSpu/5UbvN3QVREbuU/9aOGBJ8q9cuNGMr","baseKeyType":1,"closed":-1,"used":1741601639085,"created":1741601639085,"remoteIdentityKey":"BatCYVXe5i+UFHITZfxfs4Ws4w24+iIfam08zPvSTPtE"},"_chains":{"Bf4x9DnSP4Nss3JT/T9BKIIUrgRby0GdzJp+8nSXrmZ/":{"chainKey":{"counter":0,"key":"pWEVM6PLqxWcmw96Smwn1LtdJ5DzpLtS6i57Tz022CI="},"chainType":1,"messageKeys":{}}},"pendingPreKey":{"signedKeyId":9,"baseKey":"BZ0B127TtGKSpu/5UbvN3QVREbuU/9aOGBJ8q9cuNGMr","preKeyId":1289449}}},"version":"v1"}