{"_sessions":{"BVryRqTgYRyM9AZKkuVX2uthT0x3i2xO1vMIWEj+c6Rl":{"registrationId":1329025989,"currentRatchet":{"ephemeralKeyPair":{"pubKey":"BRoAdWYke7yqvxbBgv3GsUnXvWGOYUTlCJ6oeBkrzGgq","privKey":"uDVKqTJb6f1/zsUOAWgTS3xxRW0tmbSJAS2t5KPjMUo="},"lastRemoteEphemeralKey":"BRaz+B3w1Rk0PKZaATY0nc1yFjYtSh+pRXd/WC8B9Rd9","previousCounter":0,"rootKey":"k51XS4nlyhb8khdPAIOkyC+3jNpJn/KJ403ySZGyjjc="},"indexInfo":{"baseKey":"BVryRqTgYRyM9AZKkuVX2uthT0x3i2xO1vMIWEj+c6Rl","baseKeyType":1,"closed":-1,"used":1741601641980,"created":1741601641980,"remoteIdentityKey":"Bbm/7bx8nbolKboqA0UoDW5P7EE8FfPYZH/OKWNi4GNq"},"_chains":{"BRoAdWYke7yqvxbBgv3GsUnXvWGOYUTlCJ6oeBkrzGgq":{"chainKey":{"counter":0,"key":"uaXlRr5uU91hs9Zi60ShL+1wPuRidun6v2PWpVWqaWI="},"chainType":1,"messageKeys":{}}},"pendingPreKey":{"signedKeyId":45,"baseKey":"BVryRqTgYRyM9AZKkuVX2uthT0x3i2xO1vMIWEj+c6Rl","preKeyId":3250385}}},"version":"v1"}