{"_sessions":{"BV/mkLq+i8IzxxHSzZ06Amp4YPd9vBziOpqA3L9e3HtP":{"registrationId":1240623616,"currentRatchet":{"ephemeralKeyPair":{"pubKey":"BYdhH/HZBabWmYBcNTT1UUoFB6hh43YksG5/NbAjAYMF","privKey":"gFIQklG/Z392DMHNzOWaoNSAIYHHTGwleASWoHFFm1E="},"lastRemoteEphemeralKey":"BR6MjAgFTzcpg6Bycr936wFGuK/4v6UMGo+VsWZEEe8F","previousCounter":0,"rootKey":"K4P1T5UEIrL2Md8ncdzzMLaJ4rugNwgDJCjNjagDQkY="},"indexInfo":{"baseKey":"BV/mkLq+i8IzxxHSzZ06Amp4YPd9vBziOpqA3L9e3HtP","baseKeyType":1,"closed":-1,"used":1741601641925,"created":1741601641925,"remoteIdentityKey":"BadNyKAezHEN708Q9BMHVAHPSrUhKRlJokmxIqwNy9Qz"},"_chains":{"BYdhH/HZBabWmYBcNTT1UUoFB6hh43YksG5/NbAjAYMF":{"chainKey":{"counter":0,"key":"PqtRyJS7Rs/VgJF5dcrLgYs20jCxoqYp96UNWgDi3+E="},"chainType":1,"messageKeys":{}}},"pendingPreKey":{"signedKeyId":0,"baseKey":"BV/mkLq+i8IzxxHSzZ06Amp4YPd9vBziOpqA3L9e3HtP"}}},"version":"v1"}