{"_sessions":{"BU5nArb2DcPv0bvYC0L59eWH85CaAHHQNyw229ZOzMI1":{"registrationId":1897780924,"currentRatchet":{"ephemeralKeyPair":{"pubKey":"BYIGgeAZDBrml49xN45wtMK8hYyaWAMZlDd0kkk/s6gy","privKey":"kH77etOCHhytP/5MzzOSlBEVfk5G3dBZNhxsYWMtC1M="},"lastRemoteEphemeralKey":"BUUoBsWQJH5SqYa6OPI38nUexSPtQcHYJQAb3K3jTCdo","previousCounter":0,"rootKey":"3tcvLsFzutzWzLRoICOEzrSUSuJzF1utrSdXZPMKmWA="},"indexInfo":{"baseKey":"BU5nArb2DcPv0bvYC0L59eWH85CaAHHQNyw229ZOzMI1","baseKeyType":1,"closed":-1,"used":1741603964290,"created":1741601639549,"remoteIdentityKey":"BVdYGry9w/q3hgoLp0akcTfrd732owRTw2B/5Hc7Cjdj"},"_chains":{"BUUoBsWQJH5SqYa6OPI38nUexSPtQcHYJQAb3K3jTCdo":{"chainKey":{"counter":0,"key":"NkHsfx3e/OeMcvsASAJQ4bSNMkDY4PBky3hFtIWDmlE="},"chainType":2,"messageKeys":{}},"BYIGgeAZDBrml49xN45wtMK8hYyaWAMZlDd0kkk/s6gy":{"chainKey":{"counter":-1,"key":"u3GZY2ytR1dXCIFHwEs+tQ69Qvj+yhOhxJZ8QoqEjgw="},"chainType":1,"messageKeys":{}}}}},"version":"v1"}