{"_sessions":{"BSj6HHkGoafRfJg0Gm474x/oj14YQv1GnThCfLPbHlsE":{"registrationId":1166649289,"currentRatchet":{"ephemeralKeyPair":{"pubKey":"Ba45zUlCB2rMrfTta7F25fghcGiAqbV2bNQb/so3rqds","privKey":"+L//d0OyjvYFPSQ7kuvDM4u9uEYUuRSc9s7KhikiDlU="},"lastRemoteEphemeralKey":"BRUGI3mWAzkdY6VnL3hSaq4TMd/E68EtW+w/2V2CAMdv","previousCounter":0,"rootKey":"jyViNkIQQZZY84PE4x6J0MK9UdvcGGejg9ORpGBiPQE="},"indexInfo":{"baseKey":"BSj6HHkGoafRfJg0Gm474x/oj14YQv1GnThCfLPbHlsE","baseKeyType":1,"closed":-1,"used":1741601639488,"created":1741601639488,"remoteIdentityKey":"BdcH8yNXez35O0LzF65igbaGZ+4a3a+JYM0OoEXgjE5k"},"_chains":{"Ba45zUlCB2rMrfTta7F25fghcGiAqbV2bNQb/so3rqds":{"chainKey":{"counter":0,"key":"m72PPMCau/FtrWgCrn36FTzPBC/pnrKKIxBWDPL1dbs="},"chainType":1,"messageKeys":{}}},"pendingPreKey":{"signedKeyId":9621750,"baseKey":"BSj6HHkGoafRfJg0Gm474x/oj14YQv1GnThCfLPbHlsE","preKeyId":1494}}},"version":"v1"}