{"_sessions":{"BfaN8b9Y+MxTt36sv8QnY0YNFXcz1etic5Xmk7S8S5ox":{"registrationId":928991130,"currentRatchet":{"ephemeralKeyPair":{"pubKey":"BcgQDzjM2wWlT6kZzrcv2jNRylJFaLXOZ7+rDGUt3Ep5","privKey":"UIImObPzSbzRT8D003jmZMehweGbTjM8v+DAjroRkHM="},"lastRemoteEphemeralKey":"BeBbZYMrBvkYEX8teTCpVu5p21NqYFR0w9PjjDsa1To7","previousCounter":0,"rootKey":"25Z41SJuDb34331k8HB+o++M/lw6XxKNQWh3y0G8afA="},"indexInfo":{"baseKey":"BfaN8b9Y+MxTt36sv8QnY0YNFXcz1etic5Xmk7S8S5ox","baseKeyType":1,"closed":-1,"used":1741601636743,"created":1741601636743,"remoteIdentityKey":"BQsTY5dNq9GwrwM+yJHggR+2HWqM+yY+hjpmLtxzdGta"},"_chains":{"BcgQDzjM2wWlT6kZzrcv2jNRylJFaLXOZ7+rDGUt3Ep5":{"chainKey":{"counter":1,"key":"Jv9TbgqZU26NeU1gNoPoH74LASpcGb1B+HaAlUlI6nA="},"chainType":1,"messageKeys":{}}},"pendingPreKey":{"signedKeyId":0,"baseKey":"BfaN8b9Y+MxTt36sv8QnY0YNFXcz1etic5Xmk7S8S5ox","preKeyId":4344290}}},"version":"v1"}