{"_sessions":{"BdbU2qM+fUnuHaHsUf0f9wHVkaZdcxFP/jCUX0qJajpk":{"registrationId":865671555,"currentRatchet":{"ephemeralKeyPair":{"pubKey":"BfUngzzfPp1TwTt7J4vrT9ZFdMERWUkBc4KtETHiCeJ6","privKey":"KB9nfZG10AL4r/ikLyLNl94W+lyahH6Jptf4QAdwY3s="},"lastRemoteEphemeralKey":"BSwcfdfnWCxtuh5wT08r2wmiP8iuyOYfd+e2C8n9ymlG","previousCounter":0,"rootKey":"e5zu7h7CW90biY50XyoCW2A1E2cw7OzlcM54VluT4Gs="},"indexInfo":{"baseKey":"BdbU2qM+fUnuHaHsUf0f9wHVkaZdcxFP/jCUX0qJajpk","baseKeyType":1,"closed":-1,"used":1741601639586,"created":1741601639586,"remoteIdentityKey":"BWc+lOgTh7e0Fbz3dbYYG5YNsqFOTjXF1sLCJ/N1FN9R"},"_chains":{"BfUngzzfPp1TwTt7J4vrT9ZFdMERWUkBc4KtETHiCeJ6":{"chainKey":{"counter":0,"key":"fuWUZ5G32XC32TNpyjJxIpBVPqGlxCmLfcEaT0hjjKY="},"chainType":1,"messageKeys":{}}},"pendingPreKey":{"signedKeyId":10227899,"baseKey":"BdbU2qM+fUnuHaHsUf0f9wHVkaZdcxFP/jCUX0qJajpk","preKeyId":2341}}},"version":"v1"}