{"_sessions":{"BbB9ozu/T0VUInqwH4t/UpEQRygiIJVxl5HNWYtOIsFX":{"registrationId":643450146,"currentRatchet":{"ephemeralKeyPair":{"pubKey":"BdsvIx8SqRYPD++Fvj04XjBCWFmwaio+ncyXMCMTGAVU","privKey":"iLTvdkkAX69nLJqqZuMXPbtrHjrLsdPd7pecbY/Y1V0="},"lastRemoteEphemeralKey":"BdsI00Jn4QuX9NrQ4YDZ4Up/fQZXk6JCN+/HC4xusYto","previousCounter":0,"rootKey":"A990bFe6uQn4FcUb5YogRqz0xSaCebCc4aWhx8mevME="},"indexInfo":{"baseKey":"BbB9ozu/T0VUInqwH4t/UpEQRygiIJVxl5HNWYtOIsFX","baseKeyType":1,"closed":-1,"used":1741601641837,"created":1741601641837,"remoteIdentityKey":"BUWdRbSRzOJWQzm9lTxRfINuwlwOu5hIdtmrJwyeO0ND"},"_chains":{"BdsvIx8SqRYPD++Fvj04XjBCWFmwaio+ncyXMCMTGAVU":{"chainKey":{"counter":0,"key":"hAP/AM6AVkfBdyd4khxlEHhklZ/y4nKfsjWIGfrKlIs="},"chainType":1,"messageKeys":{}}},"pendingPreKey":{"signedKeyId":24,"baseKey":"BbB9ozu/T0VUInqwH4t/UpEQRygiIJVxl5HNWYtOIsFX","preKeyId":15216269}}},"version":"v1"}