{"_sessions":{"BYg56yIzA4XqJihlxiS0oAs1HUOzEvUNHfGYyaejZAoE":{"registrationId":618149992,"currentRatchet":{"ephemeralKeyPair":{"pubKey":"BRJcv9TsxHl9DIqFapm2ruBA8975iYkg4ckTjPq1jOtK","privKey":"CAZpzYlitbzOLhk8WYxKqgu1J6tj5WAr9sTjwY35q1A="},"lastRemoteEphemeralKey":"BXOU/FVQDo+yExNzyezVvkL5ZbTG8rDm5rcpUj/mNZFB","previousCounter":0,"rootKey":"/HYY63Qbb9L+joi9a9cABuR3iZ0FlchB+NksiE9MmD8="},"indexInfo":{"baseKey":"BYg56yIzA4XqJihlxiS0oAs1HUOzEvUNHfGYyaejZAoE","baseKeyType":1,"closed":-1,"used":1741601638879,"created":1741601638879,"remoteIdentityKey":"BRJma6RVpP1KDJNLilk6ld+6kbGNuUTOYGSF2ZG+/1N1"},"_chains":{"BRJcv9TsxHl9DIqFapm2ruBA8975iYkg4ckTjPq1jOtK":{"chainKey":{"counter":0,"key":"PyX4ucFwxGvzh0YBRh8noRROqp79WCWTUz0GcY1nsR0="},"chainType":1,"messageKeys":{}}},"pendingPreKey":{"signedKeyId":6,"baseKey":"BYg56yIzA4XqJihlxiS0oAs1HUOzEvUNHfGYyaejZAoE","preKeyId":8150}}},"version":"v1"}