{"_sessions":{"Bafb1w5fg+PjRziKgmCyUHVuna3cFO5N8DSoFMJIqzgA":{"registrationId":1494471092,"currentRatchet":{"ephemeralKeyPair":{"pubKey":"BUwca7i5qjj9PdAf4A2WSpOkzfni+aNkUN6zObhg6HgX","privKey":"8KzoS6+U6l9PmJfFrzKLnBu+9bDmEv4jPBkCFQxudkA="},"lastRemoteEphemeralKey":"BZ4vriBdVijubofm2bNAjfEmCIOShgc4Ys9zPt/o9eRs","previousCounter":0,"rootKey":"2yvPIX5XPx6+gXrhzcY+tYfey/hYyxzDYqBzgRkNIkc="},"indexInfo":{"baseKey":"Bafb1w5fg+PjRziKgmCyUHVuna3cFO5N8DSoFMJIqzgA","baseKeyType":1,"closed":-1,"used":1741601636784,"created":1741601636784,"remoteIdentityKey":"BaL72Sj/Vp+wY4H3XmeAQvfneM0jEcYpfO6JCWTsp8BU"},"_chains":{"BUwca7i5qjj9PdAf4A2WSpOkzfni+aNkUN6zObhg6HgX":{"chainKey":{"counter":1,"key":"Fmk/648GQdOBpFT2TpbACjKyykfe1Jlj+cC5R2wqdGY="},"chainType":1,"messageKeys":{}}},"pendingPreKey":{"signedKeyId":0,"baseKey":"Bafb1w5fg+PjRziKgmCyUHVuna3cFO5N8DSoFMJIqzgA"}}},"version":"v1"}