{"_sessions":{"BfoRRkZD7Xu+q88GBwI61FLApnUN0cJ0sps4mq6rIkdK":{"registrationId":1138118811,"currentRatchet":{"ephemeralKeyPair":{"pubKey":"BSHkH3tLnLg2UR1ypT4aJb3WVeeNNFI0yt9gXxLiXrYW","privKey":"oIAw30+n0XbE54cHtlCc2WxXOaYILXcoYFAJ09IP/EQ="},"lastRemoteEphemeralKey":"BevJx3KTs66cwB/gVrE1G6eZZ9JabvpvsKzNoyaOcO9G","previousCounter":0,"rootKey":"RU2imHzsK5sC8f3M/eELJkjeZkgjNlmi10ha6i4wU2w="},"indexInfo":{"baseKey":"BfoRRkZD7Xu+q88GBwI61FLApnUN0cJ0sps4mq6rIkdK","baseKeyType":1,"closed":-1,"used":1741601641831,"created":1741601641831,"remoteIdentityKey":"BQpqQODIzUijQqcm2U+NRqBEFKjfPUV0QhbEGhlB8nxG"},"_chains":{"BSHkH3tLnLg2UR1ypT4aJb3WVeeNNFI0yt9gXxLiXrYW":{"chainKey":{"counter":0,"key":"5I3PPJCE6kIcFkfCc9pqokPw2PKivQb/9C2VEYTOEqM="},"chainType":1,"messageKeys":{}}},"pendingPreKey":{"signedKeyId":3,"baseKey":"BfoRRkZD7Xu+q88GBwI61FLApnUN0cJ0sps4mq6rIkdK","preKeyId":3069640}}},"version":"v1"}