{"_sessions":{"BatmRDVrAZ8dfWZLdN0Q+i4iUCHIyd7U05uGgjrmO2x1":{"registrationId":1986483118,"currentRatchet":{"ephemeralKeyPair":{"pubKey":"BQNZS+K02UzfAjohERJP+L1ijuNKaHDKyvXYhr+Hjqdh","privKey":"GFDLguRlKcJ5ZWBL3lWExT46/v5tr6S7GaoBWRVpOEA="},"lastRemoteEphemeralKey":"BUHCFYBan7grW/TW/OAJAjvOV989qA5SNc6d0kRSePF0","previousCounter":0,"rootKey":"n7MqOSmVuGTPraElvuVyWeXPAcCcOKwbIGSPsQLLdyk="},"indexInfo":{"baseKey":"BatmRDVrAZ8dfWZLdN0Q+i4iUCHIyd7U05uGgjrmO2x1","baseKeyType":1,"closed":-1,"used":1741601636842,"created":1741601636842,"remoteIdentityKey":"BZfsJFyPIiUUnRyfTnmR1T87aHtSK8jqNiAMgbwLyEMn"},"_chains":{"BQNZS+K02UzfAjohERJP+L1ijuNKaHDKyvXYhr+Hjqdh":{"chainKey":{"counter":1,"key":"MTc+bCzwlXgRkXMg8c/yq6QUHB+AB+Ahh+rlZ7y2Aow="},"chainType":1,"messageKeys":{}}},"pendingPreKey":{"signedKeyId":2,"baseKey":"BatmRDVrAZ8dfWZLdN0Q+i4iUCHIyd7U05uGgjrmO2x1","preKeyId":5746632}}},"version":"v1"}