{"_sessions":{"BUJG0VW+MC6o3fnj6W767HC0L+ERaYfTc3HZkm6f0LoA":{"registrationId":861419036,"currentRatchet":{"ephemeralKeyPair":{"pubKey":"BaTuKYM2bxOaVk+KnD06McVBWpH6MgeWcl5eP/70H6h+","privKey":"gN83zB3szldRsbH0pDgpwlkVs+CqeIweNPJJQT4rKkw="},"lastRemoteEphemeralKey":"BUl8z9AjDcNSrpepKD9IpQfSmHeTLfyayorFRssZ7DYg","previousCounter":0,"rootKey":"EXvX1ce28zjRAjzW2jq7/drmhHY98rokHuvqqh3DJkI="},"indexInfo":{"baseKey":"BUJG0VW+MC6o3fnj6W767HC0L+ERaYfTc3HZkm6f0LoA","baseKeyType":1,"closed":-1,"used":1741601636691,"created":1741601636691,"remoteIdentityKey":"BR2gtbMpQlTeRdXqc8HkrHF+165KCoWqolM7Q6/td7MQ"},"_chains":{"BaTuKYM2bxOaVk+KnD06McVBWpH6MgeWcl5eP/70H6h+":{"chainKey":{"counter":1,"key":"KUN2/N+CKsITtQ/0jxbXppqdi6G2QWHlZFsivwc9IjI="},"chainType":1,"messageKeys":{}}},"pendingPreKey":{"signedKeyId":3,"baseKey":"BUJG0VW+MC6o3fnj6W767HC0L+ERaYfTc3HZkm6f0LoA","preKeyId":3899927}}},"version":"v1"}