{"_sessions":{"BQ7l+/BNdN55lhn60VajDM4ySem8uODmhQdJYhw982g8":{"registrationId":3693,"currentRatchet":{"ephemeralKeyPair":{"pubKey":"BVP3BB4PFjLdNaodsowWQn+QfJMNdziHKSmLuxQKfOZj","privKey":"8KKgZsxSyQOVzyl81KRx9dgpmhrDcb73KLRYnrQTpnI="},"lastRemoteEphemeralKey":"BXB9LToZt+6sKiT13+SA8WPYP3rmviyXRYdkyEScPIAo","previousCounter":0,"rootKey":"/QLT4DnDvL8+rtlZVwlTgbbT4xaIEpqGK1wJyGLBKWU="},"indexInfo":{"baseKey":"BQ7l+/BNdN55lhn60VajDM4ySem8uODmhQdJYhw982g8","baseKeyType":1,"closed":-1,"used":1741601638924,"created":1741601638924,"remoteIdentityKey":"BQI8mQdTFWZ8FaD8EBOvknb4GptA9DmDRDhOakGnn98X"},"_chains":{"BVP3BB4PFjLdNaodsowWQn+QfJMNdziHKSmLuxQKfOZj":{"chainKey":{"counter":0,"key":"n2QPrhfcrvVcZ55C6xNvfp9SPF/n/4tXmeTKWf3gOnE="},"chainType":1,"messageKeys":{}}},"pendingPreKey":{"signedKeyId":1,"baseKey":"BQ7l+/BNdN55lhn60VajDM4ySem8uODmhQdJYhw982g8","preKeyId":649}}},"version":"v1"}