{"_sessions":{"BT5OK4RRrYuokq1J6wj84XKuB07kPnxpE01izVzlIfUD":{"registrationId":1414721202,"currentRatchet":{"ephemeralKeyPair":{"pubKey":"Ba1nyBMtIz/eT/0QH4442Q6ILucZCsHSrehCa1WNdztd","privKey":"aHEjSZ8biU1dn+mIGZ1xj2LrfzLgXnGcomggXQmbnkU="},"lastRemoteEphemeralKey":"BSaKlgOerZkz3KmjXbSdLGWVl2mVwvnLQbD0cStte/JQ","previousCounter":0,"rootKey":"mWz/oJ0drfGT9MFk28Vg/lTM3u9tAB2GBnO0Q4s9II0="},"indexInfo":{"baseKey":"BT5OK4RRrYuokq1J6wj84XKuB07kPnxpE01izVzlIfUD","baseKeyType":1,"closed":-1,"used":1741601636836,"created":1741601636836,"remoteIdentityKey":"Bbm0kXgS3sd0VLYeIY077+LE5RfwFzNcepTHHSCUMVtN"},"_chains":{"Ba1nyBMtIz/eT/0QH4442Q6ILucZCsHSrehCa1WNdztd":{"chainKey":{"counter":1,"key":"cFYMZunBgF+YVJhOYI6L61OP5KaWDl+vPqFGeOsAnV4="},"chainType":1,"messageKeys":{}}},"pendingPreKey":{"signedKeyId":570632,"baseKey":"BT5OK4RRrYuokq1J6wj84XKuB07kPnxpE01izVzlIfUD","preKeyId":1467}}},"version":"v1"}