{"_sessions":{"BZvU+Q48N7//k2it66MFw1bb573PopRGFROAeh6XdQtt":{"registrationId":671806298,"currentRatchet":{"ephemeralKeyPair":{"pubKey":"BceU85aZXUDZBrXtaIrP3nAJtnsmJyVp7XfdZsnjZUNW","privKey":"cLxWHjbksV4rJ97gfzisMLO8K/8diahiQjtRNOnxKGM="},"lastRemoteEphemeralKey":"BarcTV2IZ7GHYjpIbIBl5nFZP3vToL/BBoun2G6x/1xT","previousCounter":0,"rootKey":"bd+5bKWy0t9OiKG5D533UcQRpfXBzJ3sA30Rh02Ip2c="},"indexInfo":{"baseKey":"BZvU+Q48N7//k2it66MFw1bb573PopRGFROAeh6XdQtt","baseKeyType":1,"closed":-1,"used":1741601638965,"created":1741601638965,"remoteIdentityKey":"BZmhIZtAeHeWaQB3RYwzSvrjMnpkfAvs47A8j86RJmJb"},"_chains":{"BceU85aZXUDZBrXtaIrP3nAJtnsmJyVp7XfdZsnjZUNW":{"chainKey":{"counter":0,"key":"4QAvdiUKx2nJJ8ixdd/qwz0iU+c4Dn88oIxPx+ZfLjA="},"chainType":1,"messageKeys":{}}},"pendingPreKey":{"signedKeyId":16,"baseKey":"BZvU+Q48N7//k2it66MFw1bb573PopRGFROAeh6XdQtt","preKeyId":10034945}}},"version":"v1"}