{"_sessions":{"BX4TjMJx6Rr8O0sT+m7HybX4cGCr0OAbF+LfWavuuZ0m":{"registrationId":204,"currentRatchet":{"ephemeralKeyPair":{"pubKey":"BcGhZDMWS4u2zIECn3Vx1TVvryiaDWWunBpNFnLYVhli","privKey":"0MO+T/SRMJyZZ2+Rvpdgr7/qla5IcOizvlV5oeW1uH0="},"lastRemoteEphemeralKey":"BWCo2djklwyGmadoKWsVP9lU5yzdUmieCqyC6GL0Jjlt","previousCounter":0,"rootKey":"NqQrlrHBm155SbCmk5dUuYJjiaogTt8Tce4eVgLDIVA="},"indexInfo":{"baseKey":"BX4TjMJx6Rr8O0sT+m7HybX4cGCr0OAbF+LfWavuuZ0m","baseKeyType":1,"closed":-1,"used":1741599626944,"created":1741599626944,"remoteIdentityKey":"BRM5xW/LB2ZEdP7x2DN95EYvQlSxP2pOnkrvhZnIMPBI"},"_chains":{"BcGhZDMWS4u2zIECn3Vx1TVvryiaDWWunBpNFnLYVhli":{"chainKey":{"counter":0,"key":"C/Ax5KR9IEERaCI4Jl0CL2aKUeyxDZUNvxlMFXf+6Fc="},"chainType":1,"messageKeys":{}}},"pendingPreKey":{"signedKeyId":1,"baseKey":"BX4TjMJx6Rr8O0sT+m7HybX4cGCr0OAbF+LfWavuuZ0m"}}},"version":"v1"}