{"_sessions":{"BaAgWMPkUD0RHvRxZcdZS9KWHyBUhvzoBjUlhR2+Hqlk":{"registrationId":1193852265,"currentRatchet":{"ephemeralKeyPair":{"pubKey":"BcIuM0xFq76qv2XZDJFK4jd+QshO/svlyD1MPhwscUcf","privKey":"QEBANiqId0vfu8UDAo0oQNDYAXXQuoN3Pqp0uolBp10="},"lastRemoteEphemeralKey":"BXSkflNfTwEGU+yN1D1Yuo/L4dK4Cqw/jfxzTamn069/","previousCounter":0,"rootKey":"ir0iqUwv92+nq4UHDbUiU2Vlv5F0V4jixUI+NHlvano="},"indexInfo":{"baseKey":"BaAgWMPkUD0RHvRxZcdZS9KWHyBUhvzoBjUlhR2+Hqlk","baseKeyType":1,"closed":-1,"used":1741601639082,"created":1741601639082,"remoteIdentityKey":"BQBGwJEc7CCExt0+EvtzeLooJ75tLa9ouv2Oi+Nh4N0c"},"_chains":{"BcIuM0xFq76qv2XZDJFK4jd+QshO/svlyD1MPhwscUcf":{"chainKey":{"counter":0,"key":"J9K3enoTdzYg7gInpVsmj0jyYjjqQOYn8HDprh1Okt8="},"chainType":1,"messageKeys":{}}},"pendingPreKey":{"signedKeyId":59,"baseKey":"BaAgWMPkUD0RHvRxZcdZS9KWHyBUhvzoBjUlhR2+Hqlk","preKeyId":2364255}}},"version":"v1"}