{"_sessions":{"BedX5a+j2ww3S8RAGBu7bBQ3tXzsegyJaGQYOIPOBLks":{"registrationId":611506433,"currentRatchet":{"ephemeralKeyPair":{"pubKey":"BTTZjRAkpjWNw5sbzV6y6J663D97Wfv3/74Jo/icpP0w","privKey":"UPtCiKEMg4V2pXFCa+6Y4metl81L+DcK1XwAcRBxUkI="},"lastRemoteEphemeralKey":"BZmI/92co/0Qjl3e/rlHvuxTY/vA5pLlurOMqA0O5StW","previousCounter":0,"rootKey":"xOckPWU7IZ1UVHS7JaNXsMfChi5w7t9unr365GDVIKI="},"indexInfo":{"baseKey":"BedX5a+j2ww3S8RAGBu7bBQ3tXzsegyJaGQYOIPOBLks","baseKeyType":1,"closed":-1,"used":1741601636847,"created":1741601636847,"remoteIdentityKey":"BQDnTpPivJ5F3VESDVVxKWWtfurspt4AlEoL2GsCkL1V"},"_chains":{"BTTZjRAkpjWNw5sbzV6y6J663D97Wfv3/74Jo/icpP0w":{"chainKey":{"counter":1,"key":"7fBTioJvhTQ3hcZ/gtLojrjmYgVtx0plaUraThl74JA="},"chainType":1,"messageKeys":{}}},"pendingPreKey":{"signedKeyId":9,"baseKey":"BedX5a+j2ww3S8RAGBu7bBQ3tXzsegyJaGQYOIPOBLks","preKeyId":13621550}}},"version":"v1"}