{"_sessions":{"BUe1c24ZkyDD5C84cziGUGVELgzecwFikzcaalPHTm8u":{"registrationId":429332187,"currentRatchet":{"ephemeralKeyPair":{"pubKey":"BTVKa8gOJ4LfRw90zwE1gHBnbH5lXDgvivOPrDoelBka","privKey":"IMiOiaqGuiX7wZ0PJtiF+MACMu1h/Pvj6qf6Chylpm8="},"lastRemoteEphemeralKey":"BXgtdpDFoHPd0YE72W85RJ8xl3k4AvAj82KVVY/6KMlE","previousCounter":0,"rootKey":"4L4udMP2siEEJUo7GcyvNyygT7/ZBb097xIHdTbbdBc="},"indexInfo":{"baseKey":"BUe1c24ZkyDD5C84cziGUGVELgzecwFikzcaalPHTm8u","baseKeyType":1,"closed":-1,"used":1741601641862,"created":1741601641862,"remoteIdentityKey":"BekRocCb5AnTn0kzj0lLgYv1L1kktGALb/UW3kFLqml9"},"_chains":{"BTVKa8gOJ4LfRw90zwE1gHBnbH5lXDgvivOPrDoelBka":{"chainKey":{"counter":0,"key":"iprfR5+sb5slsrjYjEAuiBsp4EWWuyOXEV3TXfSAUtM="},"chainType":1,"messageKeys":{}}},"pendingPreKey":{"signedKeyId":75,"baseKey":"BUe1c24ZkyDD5C84cziGUGVELgzecwFikzcaalPHTm8u","preKeyId":4500582}}},"version":"v1"}