{"_sessions":{"BVF2Ce+iOXgH9DvUC5MO/s/8fms3MhaTixHq4j/MEklT":{"registrationId":1134366603,"currentRatchet":{"ephemeralKeyPair":{"pubKey":"Bes3RfWNAuiSU5NornH3sOFTQKfNR8fdjImz8ppMkXEQ","privKey":"oEBQyDRgylZRIVNmX6zcJtsTeWYybTocZamQSncqHmo="},"lastRemoteEphemeralKey":"BX6IPXAFIZIFDk7ezZPbZrafNnVaPXGj8Y4T7kQ33zsp","previousCounter":0,"rootKey":"/qWs/3u5bd8nK9rWQUrI0McOqv1lDcXz2mY75etRlMU="},"indexInfo":{"baseKey":"BVF2Ce+iOXgH9DvUC5MO/s/8fms3MhaTixHq4j/MEklT","baseKeyType":1,"closed":-1,"used":1741601639143,"created":1741601639143,"remoteIdentityKey":"BYrpW7LjvEIDMWNxmuXxTlGYSI/P5iLlJcvpL+dXCFE3"},"_chains":{"Bes3RfWNAuiSU5NornH3sOFTQKfNR8fdjImz8ppMkXEQ":{"chainKey":{"counter":0,"key":"4o4248WFX4WUvIinl2471iLoRx0PufbF4XQhi4/3re0="},"chainType":1,"messageKeys":{}}},"pendingPreKey":{"signedKeyId":8,"baseKey":"BVF2Ce+iOXgH9DvUC5MO/s/8fms3MhaTixHq4j/MEklT","preKeyId":7768883}}},"version":"v1"}