{"_sessions":{"BUo8a/WPz9oZ2w+ht4cbicUjT46u+zZ1A3LmiZRVWiVh":{"registrationId":15237215,"currentRatchet":{"ephemeralKeyPair":{"pubKey":"BXbg4HyHWcRYLmCbPXPmLlFzf02UimU2LZ13CX2+OShw","privKey":"aNyx3V6r4pTudwGDJmIJNEupQdN9gcdRzuXr0Q2r1V8="},"lastRemoteEphemeralKey":"BVzF0Fnak0RbkZ2p9vzdVRqcb1XmDwz3Hkgp1PsrtQRu","previousCounter":0,"rootKey":"OrOZhnZ+OOhPmSo+1Ad4eph/pAE5JYPR8m0tHHOgs+c="},"indexInfo":{"baseKey":"BUo8a/WPz9oZ2w+ht4cbicUjT46u+zZ1A3LmiZRVWiVh","baseKeyType":1,"closed":-1,"used":1741601636724,"created":1741601636724,"remoteIdentityKey":"BbWKSPA5GQkLBFtiAsFt3o4+Y8CGG3H6SPlyjQdlZFYB"},"_chains":{"BXbg4HyHWcRYLmCbPXPmLlFzf02UimU2LZ13CX2+OShw":{"chainKey":{"counter":1,"key":"7NtuD6LvtNhoD5BSDT+nPM7oZgsU2UNsNZofiDF2EnM="},"chainType":1,"messageKeys":{}}},"pendingPreKey":{"signedKeyId":14,"baseKey":"BUo8a/WPz9oZ2w+ht4cbicUjT46u+zZ1A3LmiZRVWiVh","preKeyId":14226873}}},"version":"v1"}