{"_sessions":{"BaCjAnwCW9IZa1IyyghMvJMdWnD7r1w5XG0hlnp80sUH":{"registrationId":2113205587,"currentRatchet":{"ephemeralKeyPair":{"pubKey":"BYyr4iY6tnMit8vysl4OFdbIkjI02FYqrebO2PQjMztn","privKey":"AEUXLLYqhPrTomfGAg7rqZi5FZeU1GrLkwa7P+7tlWw="},"lastRemoteEphemeralKey":"BUgE3wuc4KTxK29qVh7k9cFzh6APMQU8fMzsxYScAcoj","previousCounter":0,"rootKey":"QAkmXJxoT0/SmKcXKPb/oCZ4vt+4kJ7Jz7x3qeieK5w="},"indexInfo":{"baseKey":"BaCjAnwCW9IZa1IyyghMvJMdWnD7r1w5XG0hlnp80sUH","baseKeyType":1,"closed":-1,"used":1741601636825,"created":1741601636825,"remoteIdentityKey":"BVGzI5ddPZU8fhw8wXojFPFGObi0v74FnPL7+m4+QRNc"},"_chains":{"BYyr4iY6tnMit8vysl4OFdbIkjI02FYqrebO2PQjMztn":{"chainKey":{"counter":1,"key":"szaiEg4z13opCF5jBydixUwFRaoJd8BC46A4feVuQcI="},"chainType":1,"messageKeys":{}}},"pendingPreKey":{"signedKeyId":10,"baseKey":"BaCjAnwCW9IZa1IyyghMvJMdWnD7r1w5XG0hlnp80sUH","preKeyId":851295}}},"version":"v1"}