{"_sessions":{"Benvxx1D533bJB7PYJglYucOKkCrWCAdP+4mbAdLHwBY":{"registrationId":2049548773,"currentRatchet":{"ephemeralKeyPair":{"pubKey":"BfenAy2zpRRsxoSKsC2LdjKx6sr3LhadBOyLeR9htDc0","privKey":"GPoLjmT/o/Hp6cXBqAlowdhVr09ioEEoW+AYjo/6ZEc="},"lastRemoteEphemeralKey":"BTcrDmfMbdqz4xONCocsqGI7pFxhzR8yNJVEO3/W4O82","previousCounter":0,"rootKey":"VZdLFDPsQtp9sfJJg/j28sfs2Jh1ljGRGFQ7xodsfaQ="},"indexInfo":{"baseKey":"Benvxx1D533bJB7PYJglYucOKkCrWCAdP+4mbAdLHwBY","baseKeyType":1,"closed":-1,"used":1741601639529,"created":1741601639529,"remoteIdentityKey":"Bdl0wejqTJnF3RKJwrO6w2k5eCCN/HGhEV0C4+En6+oM"},"_chains":{"BfenAy2zpRRsxoSKsC2LdjKx6sr3LhadBOyLeR9htDc0":{"chainKey":{"counter":0,"key":"pUkRaMsP2Fi96GqZBddFVapbX53py+5dcoHKUVRYqPQ="},"chainType":1,"messageKeys":{}}},"pendingPreKey":{"signedKeyId":57,"baseKey":"Benvxx1D533bJB7PYJglYucOKkCrWCAdP+4mbAdLHwBY","preKeyId":5311909}}},"version":"v1"}