{"_sessions":{"BSahgbArPmvFuJYJEQ8gc/oPeqUoIOA2hZ3JicFNI+R0":{"registrationId":1353916163,"currentRatchet":{"ephemeralKeyPair":{"pubKey":"BfW2hO3dgdNByyxdhGbuPrqYjcYV216c7r9LMe8imMV0","privKey":"YLhnVUHQiVzk60JQuM0LwOJ2H+K4MAfdfn+jHtPzW0c="},"lastRemoteEphemeralKey":"BUd18mBdpXNqLbpfbE+f4CYmv66P0cnSMlmu89VKtZUA","previousCounter":0,"rootKey":"gqmGjqxH/f9/iMFAix2/Sk8SHeutZwuStoZcRnDPc14="},"indexInfo":{"baseKey":"BSahgbArPmvFuJYJEQ8gc/oPeqUoIOA2hZ3JicFNI+R0","baseKeyType":1,"closed":-1,"used":1741601636860,"created":1741601636860,"remoteIdentityKey":"BbEErSt/c4e3lQtho1D73SXPdkmVClLl4AKjfDOWweYl"},"_chains":{"BfW2hO3dgdNByyxdhGbuPrqYjcYV216c7r9LMe8imMV0":{"chainKey":{"counter":1,"key":"zs4m/1jwyHrBXtgb6ChApJu3GuYnEG2MCrt/6DiWPEI="},"chainType":1,"messageKeys":{}}},"pendingPreKey":{"signedKeyId":2,"baseKey":"BSahgbArPmvFuJYJEQ8gc/oPeqUoIOA2hZ3JicFNI+R0","preKeyId":10647999}}},"version":"v1"}