{"_sessions":{"BZII9pxLDtKSqvwfkeQSWdX3k0IIvm9iiHsAbUMURVxM":{"registrationId":581716537,"currentRatchet":{"ephemeralKeyPair":{"pubKey":"Bb9W3OyAtEc6UDX3A28SqP5om4atllrDCc9SIuBCuI0w","privKey":"sF4B8UgEO6sIb3ydy+WXFBB5x7PDCN03/lNh9iPhZnE="},"lastRemoteEphemeralKey":"BbNVmuyisO3kz7nozWZ+i5fAiPiq9j1Q738ejCh4BA9b","previousCounter":0,"rootKey":"O6yfmYRKuYS8Afei0b9ZktgMHYetgLPk6mkAcTUiyYk="},"indexInfo":{"baseKey":"BZII9pxLDtKSqvwfkeQSWdX3k0IIvm9iiHsAbUMURVxM","baseKeyType":1,"closed":-1,"used":1741601641908,"created":1741601641908,"remoteIdentityKey":"BSyhBGp98dIdKVnOytqvSPSpwjedubQbot5xOjnmSXoy"},"_chains":{"Bb9W3OyAtEc6UDX3A28SqP5om4atllrDCc9SIuBCuI0w":{"chainKey":{"counter":0,"key":"4YDQa/glP/99UeTmHP2cM5t/1ZCjrpBtdPzxg5nH8p4="},"chainType":1,"messageKeys":{}}},"pendingPreKey":{"signedKeyId":41,"baseKey":"BZII9pxLDtKSqvwfkeQSWdX3k0IIvm9iiHsAbUMURVxM","preKeyId":2691105}}},"version":"v1"}