{"_sessions":{"BdgBX67k889x7IQOZGhfZjXW20DW6jrcIefO/8ErM6Ef":{"registrationId":700920113,"currentRatchet":{"ephemeralKeyPair":{"pubKey":"BQL1KhE1hyOYt7Vb7/uH4Piachgi/8LzKqACStZ9gSQg","privKey":"sAxWUxI1OdL+6JXVRo0JssRoOub6fCuX+Kkf2+JL4EM="},"lastRemoteEphemeralKey":"BfNYn/+cBnkprMvma9/bPj2HEqir09YV2OlKzUKNviw5","previousCounter":0,"rootKey":"P7ZWlfRZAiimHrmH80rchLqBlE6zrYRRomBc/2f8DTk="},"indexInfo":{"baseKey":"BdgBX67k889x7IQOZGhfZjXW20DW6jrcIefO/8ErM6Ef","baseKeyType":1,"closed":-1,"used":1741601641804,"created":1741601641804,"remoteIdentityKey":"Bd2YID9Tr6IcLw989Xw8f1+K3X6s/7KLOxSLot7JGkBD"},"_chains":{"BQL1KhE1hyOYt7Vb7/uH4Piachgi/8LzKqACStZ9gSQg":{"chainKey":{"counter":0,"key":"Rd5A8NM91h21QGBgRaPaHID20d9y7b7k9p42ntb6Sxg="},"chainType":1,"messageKeys":{}}},"pendingPreKey":{"signedKeyId":2,"baseKey":"BdgBX67k889x7IQOZGhfZjXW20DW6jrcIefO/8ErM6Ef","preKeyId":12889227}}},"version":"v1"}