{"_sessions":{"Bdk43cI/x3+xMzFnS7KVAq6ioRIJIfX/tLXBj2yDz1o2":{"registrationId":13044,"currentRatchet":{"ephemeralKeyPair":{"pubKey":"BabwXnwtt4US9FfrfEoi+wRQ9q3xj2M/h9rXf5s82lJv","privKey":"wLDFyzJ9L6ZNc7xLnXCUjZSMlgmEG9CbKpVOrzvayHE="},"lastRemoteEphemeralKey":"BTL2b8ELV75ZOhl80RFmxGThvkPxgF2MLYN9s+/vkZhe","previousCounter":0,"rootKey":"IUW+eYUb4TDurjobMphyL4/bwxMvOADF2taxMH+qFuI="},"indexInfo":{"baseKey":"Bdk43cI/x3+xMzFnS7KVAq6ioRIJIfX/tLXBj2yDz1o2","baseKeyType":1,"closed":-1,"used":1741601641737,"created":1741601641737,"remoteIdentityKey":"BQLYLrwnYBoO4BbBxd88v+YMCq3f5odBueqln2bOQ8g1"},"_chains":{"BabwXnwtt4US9FfrfEoi+wRQ9q3xj2M/h9rXf5s82lJv":{"chainKey":{"counter":0,"key":"PpdfSv8Nllp1SL/7+jx4/mLrFRVawc9hJmkeZ8FuHDU="},"chainType":1,"messageKeys":{}}},"pendingPreKey":{"signedKeyId":1,"baseKey":"Bdk43cI/x3+xMzFnS7KVAq6ioRIJIfX/tLXBj2yDz1o2","preKeyId":9917}}},"version":"v1"}