{"_sessions":{"BW/QnLcZS+ya1h/MKVuy4JM0CBhnuY0y5XZaGGswr1YV":{"registrationId":1835781318,"currentRatchet":{"ephemeralKeyPair":{"pubKey":"BZ+HI6qU15bQGrneFd6306mqzyr8c56AuV2AwMlqIhtj","privKey":"gOdG1HUMmrFHTC31zxtYofLzouK+r2Gf3L6YbDWclnE="},"lastRemoteEphemeralKey":"BSgkipuNkp1RFkgQYD7nsT929ZeATIvQZ8KYLoLHaDQ7","previousCounter":0,"rootKey":"ENSTes2J1gdpziR2D4XFOxlAuQ9ejflySsY7FZiMGoE="},"indexInfo":{"baseKey":"BW/QnLcZS+ya1h/MKVuy4JM0CBhnuY0y5XZaGGswr1YV","baseKeyType":1,"closed":-1,"used":1741601636774,"created":1741601636774,"remoteIdentityKey":"BaDZmYMwHauc8T4D6SNbdtMnS3NBxwM4Jx+mopKEQ8ct"},"_chains":{"BZ+HI6qU15bQGrneFd6306mqzyr8c56AuV2AwMlqIhtj":{"chainKey":{"counter":1,"key":"1lRcxac30Qx29O6MjbfEGC96GtkGt5f7mXoXwOVz9bo="},"chainType":1,"messageKeys":{}}},"pendingPreKey":{"signedKeyId":7225120,"baseKey":"BW/QnLcZS+ya1h/MKVuy4JM0CBhnuY0y5XZaGGswr1YV"}}},"version":"v1"}