{"_sessions":{"BTW4ElPPtpubDYwdACBsun5pNbhFk0h8MJZWtu3/aw0d":{"registrationId":460924419,"currentRatchet":{"ephemeralKeyPair":{"pubKey":"Ba8l+WhXsMB4/DczXt4pyH79Dip+kYYsfiPG9PHUnlR9","privKey":"oNvc0HwOVZQ7gsTUsjyXE1nems+7xpt3VliCLxJYlWg="},"lastRemoteEphemeralKey":"BYnkbUszeh9muhp4tpXCJnDy3RhL2ZkF1n0cwRKEwA5M","previousCounter":0,"rootKey":"x4lvTj7T9hNEnk2gQOoVW9RQ6/0uMFDxlBX7DorhtOw="},"indexInfo":{"baseKey":"BTW4ElPPtpubDYwdACBsun5pNbhFk0h8MJZWtu3/aw0d","baseKeyType":1,"closed":-1,"used":1741599626939,"created":1741599626939,"remoteIdentityKey":"BYcU/Bc4nCxJc3FmhU0s9eagVAEI08l4VnyyRho0zQ0G"},"_chains":{"Ba8l+WhXsMB4/DczXt4pyH79Dip+kYYsfiPG9PHUnlR9":{"chainKey":{"counter":37,"key":"bOqnAANKJwfGiY/y98sC7tN/8tOtmUkzXdhe+uE73Dk="},"chainType":1,"messageKeys":{}}},"pendingPreKey":{"signedKeyId":3,"baseKey":"BTW4ElPPtpubDYwdACBsun5pNbhFk0h8MJZWtu3/aw0d","preKeyId":12630558}}},"version":"v1"}