{"_sessions":{"BcsId+OiTiwEhLpdQTkQwlmkkVJlxtUY56N3irTzXuJ0":{"registrationId":1370359583,"currentRatchet":{"ephemeralKeyPair":{"pubKey":"BSzIRgODvs5tpLHzUJcDZ8oUOqQU2LENWTLCpZBMT3J4","privKey":"YEhBrvyEnfvd0qmuryiLYwYZEk84kn5hQVDYtCMJpGk="},"lastRemoteEphemeralKey":"Bb/4fFPbs0fG0t/reg2tr8eU4LnceB4rqqsGUtZYaRJw","previousCounter":0,"rootKey":"jvJN4qVxj/U9nYWFVMupWaShYicVJj9qXoF+ktpv+LU="},"indexInfo":{"baseKey":"BcsId+OiTiwEhLpdQTkQwlmkkVJlxtUY56N3irTzXuJ0","baseKeyType":1,"closed":-1,"used":1741601641792,"created":1741601641792,"remoteIdentityKey":"BVOtWSAh6I7AJ7dAujwY0cktqqxu32JKwzk3Vl3VnPMI"},"_chains":{"BSzIRgODvs5tpLHzUJcDZ8oUOqQU2LENWTLCpZBMT3J4":{"chainKey":{"counter":0,"key":"OTTaKt5Sj0FBCJ4Xr/n7Sha2VFEzQB0GZLGM4MI+pho="},"chainType":1,"messageKeys":{}}},"pendingPreKey":{"signedKeyId":1,"baseKey":"BcsId+OiTiwEhLpdQTkQwlmkkVJlxtUY56N3irTzXuJ0"}}},"version":"v1"}