{"_sessions":{"BZqF1POm47R6XlCt9DCZpjsZjSSsMAIOHCUqpp8wd1dh":{"registrationId":267257168,"currentRatchet":{"ephemeralKeyPair":{"pubKey":"BZnzVxP/uC+bz5KklF4iQhF+bovOdgQBIu/pQr62UNVQ","privKey":"KPWvXSTBtfQ8yab4Bh0xuF/abQxCIHBjXYmUHOHDO0g="},"lastRemoteEphemeralKey":"Bd3ArJdnCwGyg6WPo7pvgeS9PiIXdGmgaGVio9hW/Yhi","previousCounter":0,"rootKey":"jCb/LGxNlgbkpoABtJYsR3aLazabPgD6t3FMAA0riuM="},"indexInfo":{"baseKey":"BZqF1POm47R6XlCt9DCZpjsZjSSsMAIOHCUqpp8wd1dh","baseKeyType":1,"closed":-1,"used":1741601639567,"created":1741601639567,"remoteIdentityKey":"BcFN+1HGlsUPtL25ds+p2tQqXpz9MCRkKije7W1c/HMi"},"_chains":{"BZnzVxP/uC+bz5KklF4iQhF+bovOdgQBIu/pQr62UNVQ":{"chainKey":{"counter":0,"key":"e3cAtzsqXKWmVVGqIi4rsszLxTut/pQ4NyQzKWrgUKE="},"chainType":1,"messageKeys":{}}},"pendingPreKey":{"signedKeyId":5,"baseKey":"BZqF1POm47R6XlCt9DCZpjsZjSSsMAIOHCUqpp8wd1dh","preKeyId":6705025}}},"version":"v1"}