{"_sessions":{"BWN90IgvqiCUccM6cNMSO+RZG7gp73ZM0QVn/WmyELc7":{"registrationId":763420306,"currentRatchet":{"ephemeralKeyPair":{"pubKey":"BXUf1YyJjRVr4UGWDgyfMq5YN09x4cECz6cxa/CoGbFY","privKey":"YEQSnz450dSso2gnEH6azdAiokdLjCrzgIJXr0MTulU="},"lastRemoteEphemeralKey":"Bby9OvMTB8yboAx7L0UbMdSVunK1Nnj1Pde5mV24CZV8","previousCounter":0,"rootKey":"BCAJFUjNYJxORJ3rWxdLBKl70zhCoHUK/THs+seDxqQ="},"indexInfo":{"baseKey":"BWN90IgvqiCUccM6cNMSO+RZG7gp73ZM0QVn/WmyELc7","baseKeyType":1,"closed":-1,"used":1741601636740,"created":1741601636740,"remoteIdentityKey":"BeVLTjH24b1+3tgav/tDdm8U7PhaQ51Opq9EGiX4RSxk"},"_chains":{"BXUf1YyJjRVr4UGWDgyfMq5YN09x4cECz6cxa/CoGbFY":{"chainKey":{"counter":1,"key":"/ublxRUyuc1DixtOiQ9R5O2JdzTk1uENzpWuklv7HNo="},"chainType":1,"messageKeys":{}}},"pendingPreKey":{"signedKeyId":0,"baseKey":"BWN90IgvqiCUccM6cNMSO+RZG7gp73ZM0QVn/WmyELc7"}}},"version":"v1"}