{"_sessions":{"BW7/HVcPdUXkQRZQgmgQODG85h46/sIG5/UNaZEPhUhI":{"registrationId":1725234928,"currentRatchet":{"ephemeralKeyPair":{"pubKey":"BZ6M7b5rdH+RJr1caOWF31w+rUSimHJTGgEBLN8myKx4","privKey":"gKxsz7s0aEMahW7dFE1tYmmoUb50+bcFucEwuoXKV2Q="},"lastRemoteEphemeralKey":"BQsG1XMukZJXwrf1Wd/dJWHmm0/iHEYoWEDFOcwCu9Ur","previousCounter":0,"rootKey":"RP+nJNe6+FqupRYmFA1uh492y/2dh1mw5GrngZZ1AbI="},"indexInfo":{"baseKey":"BW7/HVcPdUXkQRZQgmgQODG85h46/sIG5/UNaZEPhUhI","baseKeyType":1,"closed":-1,"used":1741601636776,"created":1741601636776,"remoteIdentityKey":"BcKeANMiPJS33TaKlbidVTZlkcqtRxknMT8lQ8o2qw05"},"_chains":{"BZ6M7b5rdH+RJr1caOWF31w+rUSimHJTGgEBLN8myKx4":{"chainKey":{"counter":1,"key":"ayRepTVRqPl/jk99k3O0qzrZ9lTUa+INZiT/ZeOqqDY="},"chainType":1,"messageKeys":{}}},"pendingPreKey":{"signedKeyId":4,"baseKey":"BW7/HVcPdUXkQRZQgmgQODG85h46/sIG5/UNaZEPhUhI"}}},"version":"v1"}