{"_sessions":{"BUEMPMTv3HN5Jtxve6UlSvSBs3GXeHNOqPP6m+CBymgQ":{"registrationId":3988871360,"currentRatchet":{"ephemeralKeyPair":{"pubKey":"BS7TDRFQ3L2MH30B9qALCAzC3l2aXVUeqMfGQEvIBsdx","privKey":"EHyx0t1DwFlkEBULLOsJY3ZqwQsOYiqijUn2OUQL7lA="},"lastRemoteEphemeralKey":"BRTWvjGw5HLClfjUv1kaLG1vWrvknvzMkGqQ5z8elU0T","previousCounter":0,"rootKey":"xFgZGll7G9NYgPkbDrmN1qCHfEp+As5dxVgHhDlsUUg="},"indexInfo":{"baseKey":"BUEMPMTv3HN5Jtxve6UlSvSBs3GXeHNOqPP6m+CBymgQ","baseKeyType":1,"closed":-1,"used":1741601641744,"created":1741601641744,"remoteIdentityKey":"BS5RTjN8Lc8kGX2vMyKxdJn0sbj8iGsCYKHbLQ7oXP4s"},"_chains":{"BS7TDRFQ3L2MH30B9qALCAzC3l2aXVUeqMfGQEvIBsdx":{"chainKey":{"counter":0,"key":"oz0OlWXoBGtOv1Fg9YAAqdF9qqHKDHHgkCd+Gg1XAF4="},"chainType":1,"messageKeys":{}}},"pendingPreKey":{"signedKeyId":1,"baseKey":"BUEMPMTv3HN5Jtxve6UlSvSBs3GXeHNOqPP6m+CBymgQ"}}},"version":"v1"}