{"_sessions":{"BcX+rg5Nt7cJmxPZvPUAx9NaqeyOlB8X20xaRQbS9Ekg":{"registrationId":1859732108,"currentRatchet":{"ephemeralKeyPair":{"pubKey":"BfG4TKeSGQeHPuhUMUBekMnEwedAYaABC9r43IY3EVU8","privKey":"UJx6ZpEQ97FHJcX7tb+tSCIXIYwNcFlEpPw+uP9ooF0="},"lastRemoteEphemeralKey":"BbO5J81YdWDfgmbHeNML8vMTsfYM+bJNMaq83cHuE5YA","previousCounter":0,"rootKey":"UXCGjvpuL+0AmYlch+fFS1YQXS/JyOrNOWitKtvrTnQ="},"indexInfo":{"baseKey":"BcX+rg5Nt7cJmxPZvPUAx9NaqeyOlB8X20xaRQbS9Ekg","baseKeyType":1,"closed":-1,"used":1741601639030,"created":1741601639030,"remoteIdentityKey":"Bc/EUoE5t/BS99hi6cnfnCsJSFhi791vR/2HeSTOdjx7"},"_chains":{"BfG4TKeSGQeHPuhUMUBekMnEwedAYaABC9r43IY3EVU8":{"chainKey":{"counter":0,"key":"FzJTF89sUwHkCy5EW6iBHNz3tWKIThTAXlz1m9Z1vTE="},"chainType":1,"messageKeys":{}}},"pendingPreKey":{"signedKeyId":2,"baseKey":"BcX+rg5Nt7cJmxPZvPUAx9NaqeyOlB8X20xaRQbS9Ekg","preKeyId":11334121}}},"version":"v1"}