{"_sessions":{"BdY7OuVqn4tIR7HcZeU7HSvqVDqSnKrHtaHGM/2K4pg9":{"registrationId":1472582322,"currentRatchet":{"ephemeralKeyPair":{"pubKey":"BS+NGbPxP178ljK5F+++UTb5guUZo7/AWZlph5aCCrIG","privKey":"YMWeACzLIaFObTJXda8S9upwxQ6lY1CM7tgrP9jHpm0="},"lastRemoteEphemeralKey":"BRSF58b0o62fp1rD8SuwI1sC18BZBkMOKcWvpYOXj2dz","previousCounter":0,"rootKey":"qyNpykk5rxjEvZaXGptRyPLUj+5xE7zk6g4qhD+VX8w="},"indexInfo":{"baseKey":"BdY7OuVqn4tIR7HcZeU7HSvqVDqSnKrHtaHGM/2K4pg9","baseKeyType":1,"closed":-1,"used":1741601636729,"created":1741601636729,"remoteIdentityKey":"BYzocW5c5mJyv7o2rfZFJOHUTBj9tJv7ugGhnQIB7RlV"},"_chains":{"BS+NGbPxP178ljK5F+++UTb5guUZo7/AWZlph5aCCrIG":{"chainKey":{"counter":1,"key":"UxZ72q4Bi1Bx85+yCt9fe4vJaUT6FSMuny7JEcXQtLU="},"chainType":1,"messageKeys":{}}},"pendingPreKey":{"signedKeyId":28,"baseKey":"BdY7OuVqn4tIR7HcZeU7HSvqVDqSnKrHtaHGM/2K4pg9","preKeyId":13147876}}},"version":"v1"}