{"_sessions":{"Bf6VDTDlDYhvPE2J/2dbHUNJfB8MOQMmW5cFMojh00pz":{"registrationId":262571589,"currentRatchet":{"ephemeralKeyPair":{"pubKey":"Bb6qOuc0/4a2VXsnCGuXLDtcwopuVrzat2b8iQx/KDtH","privKey":"QCi30AsVKdzmWLlFqknR2k1Y/M4U+ABqS6h6DOTm5Es="},"lastRemoteEphemeralKey":"BcEfRkJbkT3OA8pWtVsjs1NxdwZ3jCQZswae8DGUExNC","previousCounter":0,"rootKey":"zDg+cATMO//oteDKA84EOjvocGYqm7F4GffnJmbu6AE="},"indexInfo":{"baseKey":"Bf6VDTDlDYhvPE2J/2dbHUNJfB8MOQMmW5cFMojh00pz","baseKeyType":1,"closed":-1,"used":1741601639073,"created":1741601639073,"remoteIdentityKey":"BZmbtCeks610408Su51sam12tEp22yFSmarjUYYH2/F3"},"_chains":{"Bb6qOuc0/4a2VXsnCGuXLDtcwopuVrzat2b8iQx/KDtH":{"chainKey":{"counter":0,"key":"VpSKehut7RdwD+RGMt18ZklwKWyn9EQK3W8dq2Coki8="},"chainType":1,"messageKeys":{}}},"pendingPreKey":{"signedKeyId":0,"baseKey":"Bf6VDTDlDYhvPE2J/2dbHUNJfB8MOQMmW5cFMojh00pz","preKeyId":1946932}}},"version":"v1"}