{"_sessions":{"BU41NPR9tcwIoOXNyetvPQPq+CAO2J0QEeGzi/zTjC8x":{"registrationId":1651134317,"currentRatchet":{"ephemeralKeyPair":{"pubKey":"BXszzf6Du0QzE53STsjCAW8Wv7SfdsM0nvWbdk7nZoRc","privKey":"qGlm33eruEX7VeZd1WJjyCkPOQ3HCaVJrOm86Zz/6HQ="},"lastRemoteEphemeralKey":"BZtZY+qYeTr8vfGzo+saJAISJKmqIBSWkIyjhhz2w6By","previousCounter":0,"rootKey":"hy6us3Q0W4kMgUO3Bmhf3E2lyOiVKYzF6x0pMtbzeVg="},"indexInfo":{"baseKey":"BU41NPR9tcwIoOXNyetvPQPq+CAO2J0QEeGzi/zTjC8x","baseKeyType":1,"closed":-1,"used":1741601638961,"created":1741601638961,"remoteIdentityKey":"BUy9o1M5Ur6FUHOJs71/d1bmpQPKPcBfMboBy2ZLs/1o"},"_chains":{"BXszzf6Du0QzE53STsjCAW8Wv7SfdsM0nvWbdk7nZoRc":{"chainKey":{"counter":0,"key":"ygXG2tlI09mpFOH2MAG4mMv80GBwKeEWkF9FCuS+UKY="},"chainType":1,"messageKeys":{}}},"pendingPreKey":{"signedKeyId":17,"baseKey":"BU41NPR9tcwIoOXNyetvPQPq+CAO2J0QEeGzi/zTjC8x","preKeyId":12521729}}},"version":"v1"}