{"_sessions":{"BZnQaZzx8DBkEqobn0V73yYOimVc6juDYL5Wq1qlDu04":{"registrationId":1969037780,"currentRatchet":{"ephemeralKeyPair":{"pubKey":"BfHA2m4z3n7/EpLsY0ZLBLrTahtkF3xMFEohihZhC2Ug","privKey":"4KD7ZMWjbiVQnkvrfgRHw5Q2nhZWA/ZM2Cp2NJjsZG8="},"lastRemoteEphemeralKey":"Bf3PxzvsLJJk7dThwdnOCQ9gsIyDUJ2qkzfyBs7Zr4Br","previousCounter":0,"rootKey":"W2smvev3B6M2hqy9jgICxx96m6y0qp5QMUarjKx+KoM="},"indexInfo":{"baseKey":"BZnQaZzx8DBkEqobn0V73yYOimVc6juDYL5Wq1qlDu04","baseKeyType":1,"closed":-1,"used":1741601641806,"created":1741601641806,"remoteIdentityKey":"BQU0s5bUhnr5qO/u2EjSLU1SMZNIcb4RyKcbBYyRNZoW"},"_chains":{"BfHA2m4z3n7/EpLsY0ZLBLrTahtkF3xMFEohihZhC2Ug":{"chainKey":{"counter":0,"key":"uNKjoi/5T+Zmcb4kKa/o6bWM98MXLmyFjX64b0oiDq8="},"chainType":1,"messageKeys":{}}},"pendingPreKey":{"signedKeyId":8,"baseKey":"BZnQaZzx8DBkEqobn0V73yYOimVc6juDYL5Wq1qlDu04","preKeyId":9609882}}},"version":"v1"}