[
  {
    "nama": "payment",
    "harga": "╭─❒ 「 💳 𝗣𝗘𝗠𝗕𝗔𝗬𝗔𝗥𝗔𝗡 」  \n│ Dana – 085714608649 (*GAL*)  \n│ OVO  – 085714608649 (*GAL*)  \n│ GoPay   – 085714608649 (*Gal*)  \n│ Shopee – 085714608649 (*GAL*)  \n│ Mandiri – 60012509679 (*GAL*)  \n╰───────────────❍  \n\n📌 *Silakan lakukan pembayaran ke salah satu metode di atas.*\n⚠️ *Konfirmasi pembayaran* dengan mengirim bukti transfer ke admin agar pesanan segera diproses. ✅",
    "image": "C:\\Users\\pc1\\Desktop\\project\\bot\\kypay\\assets\\img\\1741407499273-6285714608649.jpg",
    "tanggalDitambahkan": "2025-03-08T04:18:19.276Z"
  },
  {
    "nama": "netflix",
    "harga": "NETFLIX PREMIUM 4K ( FULL UHD ) \n\n「 Shared 」\n1 Profile 1 User\n* IDR 25.000/1 Bulan\n* ⁠Fast Fixing\n─────────────\n「 Semi Privat 」\n* IDR 29.000/1 Bulan\n* Fast fixing\n* (*Free Req Pin+Profile*)\n ──────────────\n「 Private 」\n* IDR 100.000/1 Bulan\n* (*Bisa Naik/Turun*)\n──────────────\n「 NOTED 」\n⭔ Support all device\n⭔ Kualitas 4K UHD\n⭔ Full garansi selama durasi\n⭔ Durasi 25-30 hari terhitung 1bulan\n⭔ Fix eror 2x24jam \n⭔ PERPANJANG konfirmasi h-2\n──────────────",
    "tanggalDitambahkan": "2025-03-08T04:26:07.207Z"
  },
  {
    "nama": "gtc",
    "harga": "*GETCONTACT PREMIUM*\n\n🔘 1 BULAN — Rp 13.000 \n\n📄 Note : \n\nFungsi Getcontact Premium agar kita bisa melihat siapa saja yang udah stalking nomor kita di Getcontact\nᯓ login menggunakan no telpon\nᯓ bisa perpanjang\nᯓ standby 5 menit\nᯓ garansi terhitung 25-30 hari\n\n*_ketik PAYMENT untuk pembayaran_*",
    "tanggalDitambahkan": "2025-03-08T04:32:45.297Z"
  }
]